2026-10-02T14:04:21.261Z [info]: 📦 MongoDB connected: pahuch-shard-00-02.rfqf2.mongodb.net
2026-10-02T14:04:54.056Z [info]: 📦 MongoDB connected: pahuch-shard-00-01.rfqf2.mongodb.net
2026-10-02T14:10:27.378Z [info]: 📦 MongoDB connected: pahuch-shard-00-01.rfqf2.mongodb.net
2026-10-02T14:30:18.145Z [info]: 📦 MongoDB connected: ac-an0wlmj-shard-00-00.tqgbpyi.mongodb.net
2026-10-02T14:30:18.151Z [info]: 🚀 Server running on http://localhost:5001
2026-10-02T14:31:55.110Z [error]: POST /api/v1/core/auth/login - Invalid credentials
2026-10-02T14:31:55.111Z [info]: POST /api/v1/core/auth/login 401 582ms
2026-10-02T14:32:04.095Z [info]: POST /api/v1/core/auth/login 200 484ms
2026-10-02T14:32:04.721Z [info]: GET /api/v1/organization/workspaces 200 599ms
2026-10-02T14:32:05.002Z [info]: GET /api/v1/organization/workspaces 304 279ms
2026-10-02T14:32:05.085Z [info]: GET /api/v1/core/users/me/active-context 200 350ms
2026-10-02T14:32:05.628Z [info]: GET /api/v1/organization/workspaces/6ab77b681fba63d384f9542d/setup-status 200 354ms
2026-10-02T14:32:05.916Z [info]: GET /api/v1/organization/workspaces/6ab77b681fba63d384f9542d/setup-status 304 286ms
2026-10-02T14:32:06.004Z [info]: GET /api/v1/organization/companies 200 914ms
2026-10-02T14:32:06.233Z [info]: GET /api/v1/organization/workspaces/6ab77b681fba63d384f9542d/setup-status 304 316ms
2026-10-02T14:32:06.727Z [info]: GET /api/v1/organization/workspaces/6ab77b681fba63d384f9542d/setup-status 304 493ms
2026-10-02T14:32:07.279Z [info]: GET /api/v1/organization/branches 200 1235ms
2026-10-02T14:32:07.334Z [info]: GET /api/v1/organization/workspaces/6ab77b681fba63d384f9542d/setup-status 304 605ms
2026-10-02T14:32:08.291Z [info]: GET /api/v1/organization/workspaces/6ab77b681fba63d384f9542d/setup-status 304 956ms
2026-10-02T14:32:08.569Z [info]: GET /api/v1/organization/workspaces/6ab77b681fba63d384f9542d/setup-status 304 277ms
2026-10-02T14:32:08.572Z [info]: GET /api/v1/core/access-control/member-access/me 200 1244ms
2026-10-02T14:32:08.824Z [info]: GET /api/v1/organization/workspaces/6ab77b681fba63d384f9542d/setup-status 304 251ms
2026-10-02T14:32:09.453Z [info]: GET /api/v1/organization/workspaces/6ab77b681fba63d384f9542d/setup-status 304 628ms
2026-10-02T14:32:09.703Z [info]: GET /api/v1/organization/workspaces/6ab77b681fba63d384f9542d/setup-status 304 248ms
2026-10-02T14:32:10.568Z [info]: GET /api/v1/organization/workspaces/6ab77b681fba63d384f9542d/setup-status 304 864ms
2026-10-02T14:32:10.809Z [info]: GET /api/v1/parties/suppliers?search=&page=1&limit=12 200 1311ms
2026-10-02T14:32:10.861Z [info]: GET /api/v1/organization/workspaces/6ab77b681fba63d384f9542d/setup-status 304 292ms
2026-10-02T14:32:11.393Z [info]: GET /api/v1/organization/workspaces/6ab77b681fba63d384f9542d/setup-status 304 532ms
2026-10-02T14:32:12.385Z [info]: GET /api/v1/organization/workspaces/6ab77b681fba63d384f9542d/setup-status 304 988ms
2026-10-02T14:32:13.244Z [info]: GET /api/v1/parties/suppliers?search=&page=1&limit=12 304 2433ms
2026-10-02T14:32:14.946Z [info]: GET /api/v1/parties/suppliers/6abd8a336c848de4578fa21e 200 2487ms
2026-10-02T14:32:15.755Z [info]: GET /api/v1/parties/suppliers/6abd8a336c848de4578fa21e/outstanding 200 767ms
2026-10-02T14:32:17.006Z [info]: GET /api/v1/parties/suppliers/6abd8a336c848de4578fa21e/purchases?page=1&limit=5 200 1208ms
2026-10-02T14:32:18.325Z [info]: GET /api/v1/parties/suppliers/6abd8a336c848de4578fa21e/payments 200 1290ms
2026-10-02T14:32:20.433Z [info]: GET /api/v1/parties/suppliers?search=&page=1&limit=12 304 1461ms
2026-10-02T14:32:20.973Z [info]: GET /api/v1/parties/suppliers/6abd8a336c848de4578fa21e/ledger?page=1&limit=5 200 2630ms
2026-10-02T14:32:22.687Z [info]: GET /api/v1/parties/suppliers?search=&page=1&limit=12 304 2253ms
2026-10-02T14:32:24.780Z [info]: GET /api/v1/parties/customers 200 2057ms
2026-10-02T14:32:25.804Z [info]: GET /api/v1/parties/customers 304 1023ms
2026-10-02T14:34:14.747Z [info]: POST /api/v1/catalog/products/workspace-product/batches/query 200 600ms
2026-10-02T14:34:15.351Z [info]: POST /api/v1/catalog/products/workspace-product/batches/query 200 1202ms
2026-10-02T14:34:16.597Z [info]: GET /api/v1/organization/branches 304 2447ms
2026-10-02T14:34:19.114Z [info]: GET /api/v1/organization/branches 304 2516ms
2026-10-02T14:34:20.898Z [info]: POST /api/v1/catalog/products/workspace-product/batches/query 200 954ms
2026-10-02T14:34:22.844Z [info]: POST /api/v1/catalog/products/workspace-product/batches/query 200 916ms
2026-10-02T14:34:26.122Z [info]: POST /api/v1/catalog/products/workspace-product/batches/query 200 1378ms
2026-10-02T14:34:28.418Z [info]: POST /api/v1/catalog/products/workspace-product/batches/query 200 1723ms
2026-10-02T14:34:32.641Z [info]: GET /api/v1/parties/suppliers?search=&page=1&limit=12 304 1768ms
2026-10-02T14:34:34.358Z [info]: GET /api/v1/parties/suppliers?search=&page=1&limit=12 304 1715ms
2026-10-02T14:34:34.677Z [info]: GET /api/v1/organization/workspaces/6ab77b681fba63d384f9542d/members 200 930ms
2026-10-02T14:34:35.504Z [info]: GET /api/v1/organization/workspaces/6ab77b681fba63d384f9542d/members 304 825ms
2026-10-02T14:34:44.993Z [info]: GET /api/v1/parties/customers 304 1541ms
2026-10-02T14:34:47.501Z [info]: GET /api/v1/parties/customers 304 2506ms
2026-10-02T14:35:07.901Z [info]: GET /api/v1/parties/suppliers?search=&page=1&limit=12 304 2179ms
2026-10-02T14:35:09.320Z [info]: GET /api/v1/parties/suppliers?search=&page=1&limit=12 304 1417ms
2026-10-02T14:35:09.575Z [info]: POST /api/v1/catalog/products/workspace-product/batches/query 200 318ms
2026-10-02T14:35:09.633Z [info]: POST /api/v1/catalog/products/workspace-product/batches/query 200 375ms
2026-10-02T14:35:10.198Z [info]: GET /api/v1/organization/branches 304 939ms
2026-10-02T14:35:11.271Z [info]: GET /api/v1/organization/branches 304 1072ms
2026-10-02T14:35:15.621Z [info]: GET /api/v1/parties/suppliers?search=&page=1&limit=12 304 1034ms
2026-10-02T14:35:16.811Z [info]: GET /api/v1/parties/suppliers?search=&page=1&limit=12 304 1189ms
2026-10-02T14:35:16.861Z [info]: GET /api/v1/parties/customers 304 511ms
2026-10-02T14:35:18.115Z [info]: GET /api/v1/parties/customers 304 1253ms
2026-10-02T14:35:19.328Z [info]: GET /api/v1/parties/customers/6abc0d2c93d94d987a156f00 200 1258ms
2026-10-02T14:35:20.687Z [info]: GET /api/v1/parties/customers/6abc0d2c93d94d987a156f00/outstanding 200 1316ms
2026-10-02T14:35:22.231Z [info]: GET /api/v1/parties/customers/6abc0d2c93d94d987a156f00/sales?page=1&limit=5 200 1515ms
2026-10-02T14:35:23.313Z [info]: GET /api/v1/parties/customers/6abc0d2c93d94d987a156f00/payments 200 1050ms
2026-10-02T14:35:24.474Z [info]: GET /api/v1/operations/shifts 200 1247ms
2026-10-02T14:35:25.065Z [info]: GET /api/v1/parties/customers/6abc0d2c93d94d987a156f00/ledger?page=1&limit=5 200 1749ms
2026-10-02T14:35:25.068Z [info]: GET /api/v1/operations/shifts 304 592ms
2026-10-02T14:35:26.128Z [info]: GET /api/v1/parties/suppliers?search=&page=1&limit=12 304 1456ms
2026-10-02T14:35:27.759Z [info]: GET /api/v1/parties/suppliers?search=&page=1&limit=12 304 1630ms
2026-10-02T14:35:28.277Z [info]: GET /api/v1/operations/shifts 304 1997ms
2026-10-02T14:35:28.856Z [info]: GET /api/v1/operations/shifts 304 578ms
2026-10-02T14:35:30.339Z [info]: GET /api/v1/parties/suppliers?search=&page=1&limit=12 304 1552ms
2026-10-02T14:35:31.451Z [info]: GET /api/v1/parties/suppliers/6abd8a336c848de4578fa21f 200 548ms
2026-10-02T14:35:32.082Z [info]: GET /api/v1/parties/suppliers/6abd8a336c848de4578fa21f/outstanding 200 592ms
2026-10-02T14:35:32.243Z [info]: GET /api/v1/parties/suppliers?search=&page=1&limit=12 304 1903ms
2026-10-02T14:35:33.136Z [info]: GET /api/v1/parties/suppliers/6abd8a336c848de4578fa21f/purchases?page=1&limit=5 200 1015ms
2026-10-02T14:35:34.706Z [info]: GET /api/v1/parties/suppliers/6abd8a336c848de4578fa21f/payments 200 1530ms
2026-10-02T14:35:35.498Z [info]: GET /api/v1/parties/suppliers?search=&page=1&limit=12 304 1731ms
2026-10-02T14:35:35.512Z [info]: GET /api/v1/parties/suppliers/6abd8a336c848de4578fa21f/ledger?page=1&limit=5 200 797ms
2026-10-02T14:35:37.047Z [info]: GET /api/v1/parties/customers 304 863ms
2026-10-02T14:35:37.452Z [info]: GET /api/v1/parties/suppliers?search=&page=1&limit=12 304 1952ms
2026-10-02T14:35:38.424Z [info]: GET /api/v1/parties/customers 304 1376ms
2026-10-02T14:37:11.571Z [info]: GET /api/v1/organization/workspaces 304 432ms
2026-10-02T14:37:12.010Z [info]: GET /api/v1/organization/workspaces 304 436ms
2026-10-02T14:37:12.280Z [info]: GET /api/v1/core/users/me/active-context 304 649ms
2026-10-02T14:37:13.279Z [info]: GET /api/v1/organization/companies 304 975ms
2026-10-02T14:37:14.999Z [info]: GET /api/v1/organization/branches 304 1697ms
2026-10-02T14:37:17.231Z [info]: GET /api/v1/core/access-control/member-access/me 304 2206ms
2026-10-02T14:38:30.768Z [info]: 📦 MongoDB connected: ac-an0wlmj-shard-00-02.tqgbpyi.mongodb.net
2026-10-02T14:38:30.774Z [info]: 🚀 Server running on http://localhost:5001
2026-10-02T14:39:19.293Z [info]: GET /api/v1/organization/workspaces/6ab77b681fba63d384f9542d/setup-status 304 219ms
2026-10-02T14:39:19.457Z [info]: GET /api/v1/organization/workspaces/6ab77b681fba63d384f9542d/setup-status 304 163ms
2026-10-02T14:39:20.229Z [info]: GET /api/v1/organization/workspaces/6ab77b681fba63d384f9542d/setup-status 304 771ms
2026-10-02T14:39:20.411Z [info]: GET /api/v1/organization/workspaces/6ab77b681fba63d384f9542d/setup-status 304 181ms
2026-10-02T14:39:20.560Z [info]: GET /api/v1/organization/workspaces/6ab77b681fba63d384f9542d/setup-status 304 148ms
2026-10-02T14:39:20.693Z [info]: GET /api/v1/organization/workspaces/6ab77b681fba63d384f9542d/setup-status 304 132ms
2026-10-02T14:39:20.828Z [info]: GET /api/v1/organization/workspaces/6ab77b681fba63d384f9542d/setup-status 304 134ms
2026-10-02T14:39:20.965Z [info]: GET /api/v1/organization/workspaces/6ab77b681fba63d384f9542d/setup-status 304 137ms
2026-10-02T14:39:21.114Z [info]: GET /api/v1/parties/customers 304 1786ms
2026-10-02T14:39:21.198Z [info]: GET /api/v1/organization/workspaces/6ab77b681fba63d384f9542d/setup-status 304 232ms
2026-10-02T14:39:21.335Z [info]: GET /api/v1/organization/workspaces/6ab77b681fba63d384f9542d/setup-status 304 136ms
2026-10-02T14:39:21.462Z [info]: GET /api/v1/organization/workspaces/6ab77b681fba63d384f9542d/setup-status 304 127ms
2026-10-02T14:39:21.581Z [info]: GET /api/v1/organization/workspaces/6ab77b681fba63d384f9542d/setup-status 304 118ms
2026-10-02T14:39:21.753Z [info]: GET /api/v1/organization/workspaces/6ab77b681fba63d384f9542d/setup-status 304 171ms
2026-10-02T14:39:21.932Z [info]: GET /api/v1/organization/workspaces/6ab77b681fba63d384f9542d/setup-status 304 175ms
2026-10-02T14:39:22.347Z [info]: GET /api/v1/parties/customers 304 1232ms
2026-10-02T14:39:39.519Z [info]: PATCH /api/v1/core/users/me/active-context 200 337ms
2026-10-02T14:39:39.674Z [info]: GET /api/v1/parties/customers 304 504ms
2026-10-02T14:39:40.175Z [info]: GET /api/v1/parties/customers 304 500ms
2026-10-02T14:39:42.195Z [info]: GET /api/v1/parties/customers 304 276ms
2026-10-02T14:39:42.560Z [info]: GET /api/v1/parties/customers 304 363ms
2026-10-02T14:39:42.596Z [info]: PATCH /api/v1/core/users/me/active-context 200 679ms
2026-10-02T14:39:44.652Z [info]: GET /api/v1/operations/shifts/open?branchId=6ab7a7588f1da4f2905f5174 200 540ms
2026-10-02T14:40:02.374Z [info]: GET /api/v1/catalog/products?limit=10&page=1 200 353ms
2026-10-02T14:40:04.182Z [info]: GET /api/v1/dashboard/overview 200 2464ms
2026-10-02T14:40:04.306Z [info]: GET /api/v1/parties/suppliers?search=&page=1&limit=12 304 465ms
2026-10-02T14:40:05.465Z [info]: GET /api/v1/parties/suppliers?search=&page=1&limit=12 304 1158ms
2026-10-02T14:40:05.667Z [info]: GET /api/v1/dashboard/overview 304 1483ms
2026-10-02T14:40:06.845Z [info]: GET /api/v1/parties/customers 304 499ms
2026-10-02T14:40:07.811Z [info]: GET /api/v1/parties/customers 304 965ms
2026-10-02T14:40:11.404Z [info]: GET /api/v1/parties/suppliers?search=&page=1&limit=12 304 1047ms
2026-10-02T14:40:13.087Z [info]: GET /api/v1/parties/suppliers?search=&page=1&limit=12 304 1682ms
2026-10-02T14:40:16.270Z [info]: GET /api/v1/parties/suppliers?search=&page=5&limit=12 200 1462ms
2026-10-02T14:40:20.010Z [info]: GET /api/v1/parties/suppliers?search=&page=18&limit=12 200 1217ms
2026-10-02T14:40:23.287Z [info]: GET /api/v1/parties/suppliers/6ab795601fba63d384f9545c 200 824ms
2026-10-02T14:40:24.294Z [info]: GET /api/v1/parties/suppliers/6ab795601fba63d384f9545c/outstanding 200 965ms
2026-10-02T14:40:25.867Z [info]: GET /api/v1/parties/suppliers/6ab795601fba63d384f9545c/purchases?page=1&limit=5 200 1532ms
2026-10-02T14:40:27.587Z [info]: GET /api/v1/parties/suppliers/6ab795601fba63d384f9545c/payments 200 1688ms
2026-10-02T14:40:28.774Z [info]: GET /api/v1/parties/suppliers/6ab795601fba63d384f9545c/ledger?page=1&limit=5 200 1163ms
2026-10-02T14:40:30.904Z [info]: GET /api/v1/parties/suppliers/6ab795601fba63d384f9545c/purchases?page=2&limit=5 200 1045ms
2026-10-02T14:40:36.434Z [info]: GET /api/v1/parties/suppliers?search=&page=1&limit=12 304 3371ms
2026-10-02T14:40:37.075Z [info]: GET /api/v1/parties/suppliers?search=&page=1&limit=12 304 639ms
2026-10-02T14:40:42.237Z [info]: GET /api/v1/organization/companies 304 1956ms
2026-10-02T14:42:08.525Z [info]: GET /api/v1/organization/companies/6ab7f6f2b55fd8e635b89968 200 1053ms
2026-10-02T14:42:11.652Z [info]: GET /api/v1/organization/companies 304 1143ms
2026-10-02T14:42:13.299Z [info]: GET /api/v1/organization/companies/6ab7830e1fba63d384f95439 200 660ms
2026-10-02T14:42:15.638Z [info]: GET /api/v1/organization/companies 304 552ms
2026-10-02T14:42:18.974Z [info]: GET /api/v1/organization/companies 304 561ms
2026-10-02T14:42:19.024Z [info]: GET /api/v1/organization/workspaces/6ab77b681fba63d384f9542d/members 200 610ms
2026-10-02T14:42:20.677Z [info]: GET /api/v1/organization/branches/workspace/all 200 2265ms
2026-10-02T14:42:21.777Z [info]: GET /api/v1/catalog/products?limit=10&page=1 304 1347ms
2026-10-02T14:42:22.315Z [info]: GET /api/v1/dashboard/overview 304 2186ms
2026-10-02T14:42:23.325Z [info]: GET /api/v1/parties/customers 304 1132ms
2026-10-02T14:42:24.763Z [info]: GET /api/v1/parties/customers 304 1437ms
2026-10-02T14:42:35.937Z [info]: GET /api/v1/parties/suppliers?search=&page=1&limit=12 304 1367ms
2026-10-02T14:42:37.376Z [info]: GET /api/v1/dashboard/overview 304 15059ms
2026-10-02T14:42:37.576Z [info]: GET /api/v1/parties/suppliers?search=&page=1&limit=12 304 1638ms
2026-10-02T14:42:40.624Z [info]: GET /api/v1/parties/suppliers?search=&page=2&limit=12 200 1409ms
2026-10-02T14:44:39.433Z [info]: GET /api/v1/parties/customers 304 1767ms
2026-10-02T14:44:42.020Z [info]: GET /api/v1/parties/customers 304 2586ms
2026-10-02T14:44:45.412Z [info]: GET /api/v1/parties/suppliers?search=&page=1&limit=12 304 1741ms
2026-10-02T14:44:46.944Z [info]: GET /api/v1/parties/suppliers?search=&page=1&limit=12 304 1530ms
2026-10-02T14:44:52.431Z [info]: GET /api/v1/parties/suppliers?search=&page=1&limit=8 200 741ms
2026-10-02T14:44:56.015Z [info]: GET /api/v1/parties/suppliers?search=&page=2&limit=8 200 1278ms
2026-10-02T14:45:05.506Z [info]: GET /api/v1/parties/suppliers?search=&page=3&limit=8 200 3668ms
2026-10-02T14:45:13.121Z [info]: GET /api/v1/parties/suppliers?search=&page=4&limit=8 200 2482ms
2026-10-02T14:45:24.401Z [info]: GET /api/v1/parties/suppliers?search=&page=3&limit=8 304 1562ms
2026-10-02T14:45:27.458Z [info]: GET /api/v1/parties/suppliers?search=&page=1&limit=8 304 804ms
2026-10-02T14:45:39.135Z [info]: GET /api/v1/organization/branches 304 772ms
2026-10-02T14:45:39.383Z [info]: POST /api/v1/catalog/products/workspace-product/batches/query 200 1021ms
2026-10-02T14:45:39.496Z [info]: POST /api/v1/catalog/products/workspace-product/batches/query 200 1135ms
2026-10-02T14:45:40.185Z [info]: GET /api/v1/organization/branches 304 1049ms
2026-10-02T14:45:44.883Z [info]: POST /api/v1/catalog/products/workspace-product/batches/query 200 1618ms
2026-10-02T14:46:12.740Z [info]: GET /api/v1/organization/workspaces 304 673ms
2026-10-02T14:46:13.391Z [info]: GET /api/v1/organization/workspaces 304 649ms
2026-10-02T14:46:13.634Z [info]: GET /api/v1/core/users/me/active-context 200 871ms
2026-10-02T14:46:13.804Z [info]: GET /api/v1/organization/workspaces/6ab77b681fba63d384f9542d/setup-status 304 510ms
2026-10-02T14:46:14.082Z [info]: GET /api/v1/organization/workspaces/6ab77b681fba63d384f9542d/setup-status 304 275ms
2026-10-02T14:46:14.273Z [info]: GET /api/v1/organization/workspaces/6ab77b681fba63d384f9542d/setup-status 304 190ms
2026-10-02T14:46:14.493Z [info]: GET /api/v1/organization/workspaces/6ab77b681fba63d384f9542d/setup-status 304 219ms
2026-10-02T14:46:14.583Z [info]: GET /api/v1/catalog/products?limit=10&page=1 304 400ms
2026-10-02T14:46:14.696Z [info]: GET /api/v1/organization/workspaces/6ab77b681fba63d384f9542d/setup-status 304 202ms
2026-10-02T14:46:14.754Z [info]: GET /api/v1/organization/companies 304 1096ms
2026-10-02T14:46:14.899Z [info]: GET /api/v1/organization/workspaces/6ab77b681fba63d384f9542d/setup-status 304 201ms
2026-10-02T14:46:15.105Z [info]: GET /api/v1/organization/workspaces/6ab77b681fba63d384f9542d/setup-status 304 205ms
2026-10-02T14:46:15.273Z [info]: GET /api/v1/organization/workspaces/6ab77b681fba63d384f9542d/setup-status 304 167ms
2026-10-02T14:46:15.338Z [info]: GET /api/v1/catalog/products?limit=10&page=1 304 240ms
2026-10-02T14:46:15.481Z [info]: GET /api/v1/organization/workspaces/6ab77b681fba63d384f9542d/setup-status 304 206ms
2026-10-02T14:46:15.764Z [info]: GET /api/v1/organization/workspaces/6ab77b681fba63d384f9542d/setup-status 304 281ms
2026-10-02T14:46:16.527Z [info]: GET /api/v1/organization/branches 304 1729ms
2026-10-02T14:46:16.528Z [info]: GET /api/v1/organization/workspaces/6ab77b681fba63d384f9542d/setup-status 304 762ms
2026-10-02T14:46:16.784Z [info]: GET /api/v1/dashboard/overview 200 1985ms
2026-10-02T14:46:16.785Z [info]: GET /api/v1/organization/workspaces/6ab77b681fba63d384f9542d/setup-status 304 256ms
2026-10-02T14:46:16.904Z [info]: GET /api/v1/organization/workspaces/6ab77b681fba63d384f9542d/setup-status 304 118ms
2026-10-02T14:46:16.959Z [info]: GET /api/v1/core/access-control/member-access/me 200 387ms
2026-10-02T14:46:17.030Z [info]: GET /api/v1/organization/workspaces/6ab77b681fba63d384f9542d/setup-status 304 125ms
2026-10-02T14:46:17.870Z [info]: GET /api/v1/parties/suppliers?search=&page=1&limit=12 304 1645ms
2026-10-02T14:46:19.139Z [info]: GET /api/v1/parties/suppliers?search=&page=1&limit=12 304 1266ms
2026-10-02T14:46:20.145Z [info]: GET /api/v1/parties/suppliers?search=&page=1&limit=12 304 1005ms
2026-10-02T14:46:23.403Z [info]: GET /api/v1/parties/suppliers?search=&page=1&limit=12 304 3257ms
2026-10-02T14:49:08.514Z [info]: GET /api/v1/organization/workspaces 304 812ms
2026-10-02T14:49:08.909Z [info]: GET /api/v1/core/users/me/active-context 304 342ms
2026-10-02T14:49:09.628Z [info]: GET /api/v1/organization/workspaces 304 1113ms
2026-10-02T14:49:10.495Z [info]: GET /api/v1/organization/companies 304 1557ms
2026-10-02T14:49:12.392Z [info]: GET /api/v1/organization/branches 304 1866ms
2026-10-02T14:49:13.811Z [info]: GET /api/v1/core/access-control/member-access/me 304 1398ms
2026-10-02T14:50:27.908Z [info]: GET /api/v1/organization/workspaces 304 273ms
2026-10-02T14:50:28.278Z [info]: GET /api/v1/core/users/me/active-context 304 325ms
2026-10-02T14:50:28.804Z [info]: GET /api/v1/organization/workspaces 304 894ms
2026-10-02T14:50:28.878Z [info]: GET /api/v1/organization/companies 304 593ms
2026-10-02T14:50:30.769Z [info]: GET /api/v1/organization/branches 304 1864ms
2026-10-02T14:50:31.483Z [info]: GET /api/v1/core/access-control/member-access/me 304 694ms
2026-10-02T14:51:34.047Z [info]: GET /api/v1/organization/workspaces/6ab77b681fba63d384f9542d/setup-status 304 275ms
2026-10-02T14:51:34.607Z [info]: GET /api/v1/organization/workspaces/6ab77b681fba63d384f9542d/setup-status 304 558ms
2026-10-02T14:51:34.864Z [info]: GET /api/v1/organization/workspaces/6ab77b681fba63d384f9542d/setup-status 304 255ms
2026-10-02T14:51:35.110Z [info]: GET /api/v1/organization/workspaces/6ab77b681fba63d384f9542d/setup-status 304 244ms
2026-10-02T14:51:35.342Z [info]: GET /api/v1/organization/workspaces/6ab77b681fba63d384f9542d/setup-status 304 230ms
2026-10-02T14:51:35.589Z [info]: GET /api/v1/organization/workspaces/6ab77b681fba63d384f9542d/setup-status 304 244ms
2026-10-02T14:51:35.699Z [info]: GET /api/v1/parties/suppliers?search=&page=1&limit=8 304 1601ms
2026-10-02T14:51:36.300Z [info]: GET /api/v1/organization/workspaces/6ab77b681fba63d384f9542d/setup-status 304 710ms
2026-10-02T14:51:36.550Z [info]: GET /api/v1/organization/workspaces/6ab77b681fba63d384f9542d/setup-status 304 249ms
2026-10-02T14:51:36.802Z [info]: GET /api/v1/organization/workspaces/6ab77b681fba63d384f9542d/setup-status 304 250ms
2026-10-02T14:51:37.049Z [info]: GET /api/v1/organization/workspaces/6ab77b681fba63d384f9542d/setup-status 304 245ms
2026-10-02T14:51:37.178Z [info]: GET /api/v1/parties/suppliers?search=&page=1&limit=8 304 1477ms
2026-10-02T14:51:37.315Z [info]: GET /api/v1/organization/workspaces/6ab77b681fba63d384f9542d/setup-status 304 264ms
2026-10-02T14:51:37.569Z [info]: GET /api/v1/organization/workspaces/6ab77b681fba63d384f9542d/setup-status 304 253ms
2026-10-02T14:51:37.818Z [info]: GET /api/v1/organization/workspaces/6ab77b681fba63d384f9542d/setup-status 304 246ms
2026-10-02T14:51:38.369Z [info]: GET /api/v1/organization/workspaces/6ab77b681fba63d384f9542d/setup-status 304 549ms
2026-10-02T14:51:39.699Z [info]: GET /api/v1/parties/suppliers/6abd8a336c848de4578fa21f 304 549ms
2026-10-02T14:51:40.288Z [info]: GET /api/v1/parties/suppliers/6abd8a336c848de4578fa21f/outstanding 304 545ms
2026-10-02T14:51:41.246Z [info]: GET /api/v1/parties/suppliers/6abd8a336c848de4578fa21f/purchases?page=1&limit=5 304 913ms
2026-10-02T14:51:42.092Z [info]: GET /api/v1/parties/suppliers/6abd8a336c848de4578fa21f/payments 304 834ms
2026-10-02T14:51:42.636Z [info]: GET /api/v1/parties/suppliers/6abd8a336c848de4578fa21f/ledger?page=1&limit=5 304 520ms
2026-10-02T14:51:42.683Z [info]: GET /api/v1/parties/suppliers?search=&page=1&limit=8 304 1530ms
2026-10-02T14:51:44.871Z [info]: GET /api/v1/parties/suppliers?search=&page=1&limit=8 304 2186ms
2026-10-02T14:51:46.222Z [info]: GET /api/v1/parties/customers 304 1315ms
2026-10-02T14:51:47.612Z [info]: GET /api/v1/parties/customers 304 1389ms
2026-10-02T14:53:00.779Z [info]: GET /api/v1/organization/workspaces 304 1118ms
2026-10-02T14:53:01.748Z [info]: GET /api/v1/organization/workspaces 304 968ms
2026-10-02T14:53:01.874Z [info]: GET /api/v1/core/users/me/active-context 304 1061ms
2026-10-02T14:53:02.898Z [info]: GET /api/v1/organization/companies 304 1004ms
2026-10-02T14:53:03.958Z [info]: GET /api/v1/organization/branches 304 1036ms
2026-10-02T14:53:06.242Z [info]: GET /api/v1/core/access-control/member-access/me 304 2268ms
2026-10-02T14:53:16.897Z [info]: GET /api/v1/organization/workspaces 304 287ms
2026-10-02T14:53:17.261Z [info]: GET /api/v1/organization/workspaces 304 363ms
2026-10-02T14:53:17.282Z [info]: GET /api/v1/core/users/me/active-context 304 353ms
2026-10-02T14:53:19.149Z [info]: GET /api/v1/organization/companies 304 1854ms
2026-10-02T14:53:21.005Z [info]: GET /api/v1/organization/branches 304 1838ms
2026-10-02T14:53:24.542Z [info]: GET /api/v1/core/access-control/member-access/me 304 3525ms
2026-10-02T14:53:37.258Z [info]: GET /api/v1/organization/workspaces/6ab77b681fba63d384f9542d/setup-status 304 310ms
2026-10-02T14:53:38.291Z [info]: GET /api/v1/organization/workspaces/6ab77b681fba63d384f9542d/setup-status 304 1032ms
2026-10-02T14:53:38.407Z [info]: GET /api/v1/parties/customers 304 1118ms
2026-10-02T14:53:39.289Z [info]: GET /api/v1/organization/workspaces/6ab77b681fba63d384f9542d/setup-status 304 997ms
2026-10-02T14:53:41.004Z [info]: GET /api/v1/parties/customers 304 2596ms
2026-10-02T14:53:41.982Z [info]: GET /api/v1/organization/workspaces/6ab77b681fba63d384f9542d/setup-status 304 2691ms
2026-10-02T14:53:42.057Z [info]: GET /api/v1/parties/suppliers?search=&page=1&limit=8 304 856ms
2026-10-02T14:53:43.184Z [info]: GET /api/v1/organization/workspaces/6ab77b681fba63d384f9542d/setup-status 304 1200ms
2026-10-02T14:53:43.425Z [info]: GET /api/v1/parties/suppliers?search=&page=1&limit=8 304 1365ms
2026-10-02T14:53:44.094Z [info]: GET /api/v1/organization/workspaces/6ab77b681fba63d384f9542d/setup-status 304 908ms
2026-10-02T14:53:45.558Z [info]: GET /api/v1/organization/workspaces/6ab77b681fba63d384f9542d/setup-status 304 1462ms
2026-10-02T14:53:46.759Z [info]: GET /api/v1/organization/workspaces/6ab77b681fba63d384f9542d/setup-status 304 1199ms
2026-10-02T14:53:47.063Z [info]: GET /api/v1/organization/workspaces/6ab77b681fba63d384f9542d/setup-status 304 302ms
2026-10-02T14:53:48.267Z [info]: GET /api/v1/organization/workspaces/6ab77b681fba63d384f9542d/setup-status 304 1203ms
2026-10-02T14:53:49.164Z [info]: GET /api/v1/organization/workspaces/6ab77b681fba63d384f9542d/setup-status 304 896ms
2026-10-02T14:53:49.570Z [info]: GET /api/v1/organization/workspaces/6ab77b681fba63d384f9542d/setup-status 304 404ms
2026-10-02T14:53:50.110Z [info]: GET /api/v1/organization/workspaces/6ab77b681fba63d384f9542d/setup-status 304 539ms
2026-10-02T14:53:50.464Z [info]: GET /api/v1/organization/workspaces/6ab77b681fba63d384f9542d/setup-status 304 352ms
2026-10-02T14:53:52.115Z [info]: GET /api/v1/parties/customers 304 844ms
2026-10-02T14:53:54.775Z [info]: GET /api/v1/parties/customers 304 2659ms
2026-10-02T14:54:27.929Z [info]: GET /api/v1/parties/customers 304 1624ms
2026-10-02T14:55:44.328Z [info]: GET /api/v1/organization/workspaces 304 329ms
2026-10-02T14:55:44.710Z [info]: GET /api/v1/core/users/me/active-context 304 335ms
2026-10-02T14:55:44.991Z [info]: GET /api/v1/organization/workspaces 304 662ms
2026-10-02T14:55:45.437Z [info]: GET /api/v1/organization/companies 304 704ms
2026-10-02T14:55:46.389Z [info]: GET /api/v1/organization/workspaces/6ab77b681fba63d384f9542d/setup-status 304 254ms
2026-10-02T14:55:46.643Z [info]: GET /api/v1/organization/workspaces/6ab77b681fba63d384f9542d/setup-status 304 252ms
2026-10-02T14:55:46.890Z [info]: GET /api/v1/organization/workspaces/6ab77b681fba63d384f9542d/setup-status 304 245ms
2026-10-02T14:55:46.993Z [info]: GET /api/v1/parties/customers 304 558ms
2026-10-02T14:55:47.352Z [info]: GET /api/v1/organization/branches 304 1892ms
2026-10-02T14:55:47.446Z [info]: GET /api/v1/organization/workspaces/6ab77b681fba63d384f9542d/setup-status 304 554ms
2026-10-02T14:55:47.480Z [info]: GET /api/v1/parties/customers 304 486ms
2026-10-02T14:55:47.689Z [info]: GET /api/v1/organization/workspaces/6ab77b681fba63d384f9542d/setup-status 304 242ms
2026-10-02T14:55:47.932Z [info]: GET /api/v1/organization/workspaces/6ab77b681fba63d384f9542d/setup-status 304 242ms
2026-10-02T14:55:47.961Z [info]: GET /api/v1/parties/customers 304 480ms
2026-10-02T14:55:48.038Z [info]: GET /api/v1/core/access-control/member-access/me 304 649ms
2026-10-02T14:55:48.197Z [info]: GET /api/v1/organization/workspaces/6ab77b681fba63d384f9542d/setup-status 304 264ms
2026-10-02T14:55:48.454Z [info]: GET /api/v1/organization/workspaces/6ab77b681fba63d384f9542d/setup-status 304 256ms
2026-10-02T14:55:48.486Z [info]: GET /api/v1/parties/customers 304 524ms
2026-10-02T14:55:49.232Z [info]: GET /api/v1/organization/workspaces/6ab77b681fba63d384f9542d/setup-status 304 777ms
2026-10-02T14:55:49.506Z [info]: GET /api/v1/organization/workspaces/6ab77b681fba63d384f9542d/setup-status 304 273ms
2026-10-02T14:55:49.798Z [info]: GET /api/v1/organization/workspaces/6ab77b681fba63d384f9542d/setup-status 304 290ms
2026-10-02T14:55:50.052Z [info]: GET /api/v1/organization/workspaces/6ab77b681fba63d384f9542d/setup-status 304 252ms
2026-10-02T14:55:50.605Z [info]: GET /api/v1/organization/workspaces/6ab77b681fba63d384f9542d/setup-status 304 552ms
2026-10-02T14:55:50.856Z [info]: GET /api/v1/organization/workspaces/6ab77b681fba63d384f9542d/setup-status 304 250ms
2026-10-02T14:55:55.669Z [info]: GET /api/v1/organization/workspaces 304 568ms
2026-10-02T14:55:56.064Z [info]: GET /api/v1/organization/workspaces 304 394ms
2026-10-02T14:55:56.065Z [info]: GET /api/v1/core/users/me/active-context 304 386ms
2026-10-02T14:55:56.472Z [info]: GET /api/v1/organization/workspaces/6ab77b681fba63d384f9542d/setup-status 304 262ms
2026-10-02T14:55:56.725Z [info]: GET /api/v1/organization/workspaces/6ab77b681fba63d384f9542d/setup-status 304 253ms
2026-10-02T14:55:56.977Z [info]: GET /api/v1/organization/workspaces/6ab77b681fba63d384f9542d/setup-status 304 251ms
2026-10-02T14:55:56.999Z [info]: GET /api/v1/organization/companies 304 922ms
2026-10-02T14:55:57.225Z [info]: GET /api/v1/catalog/products?limit=10&page=1 304 388ms
2026-10-02T14:55:57.236Z [info]: GET /api/v1/organization/workspaces/6ab77b681fba63d384f9542d/setup-status 304 258ms
2026-10-02T14:55:57.481Z [info]: GET /api/v1/organization/workspaces/6ab77b681fba63d384f9542d/setup-status 304 244ms
2026-10-02T14:55:57.641Z [info]: GET /api/v1/organization/workspaces/6ab77b681fba63d384f9542d/setup-status 304 156ms
2026-10-02T14:55:57.808Z [info]: GET /api/v1/organization/workspaces/6ab77b681fba63d384f9542d/setup-status 304 165ms
2026-10-02T14:55:58.105Z [info]: GET /api/v1/organization/workspaces/6ab77b681fba63d384f9542d/setup-status 304 296ms
2026-10-02T14:55:58.189Z [info]: GET /api/v1/catalog/products?limit=10&page=1 304 854ms
2026-10-02T14:55:58.256Z [info]: GET /api/v1/organization/branches 304 1221ms
2026-10-02T14:55:58.396Z [info]: GET /api/v1/organization/workspaces/6ab77b681fba63d384f9542d/setup-status 304 290ms
2026-10-02T14:55:58.721Z [info]: GET /api/v1/organization/workspaces/6ab77b681fba63d384f9542d/setup-status 304 324ms
2026-10-02T14:55:58.960Z [info]: GET /api/v1/organization/workspaces/6ab77b681fba63d384f9542d/setup-status 304 238ms
2026-10-02T14:55:59.009Z [info]: GET /api/v1/parties/customers 304 689ms
2026-10-02T14:55:59.125Z [info]: GET /api/v1/organization/workspaces/6ab77b681fba63d384f9542d/setup-status 304 163ms
2026-10-02T14:55:59.243Z [info]: GET /api/v1/dashboard/overview 200 2209ms
2026-10-02T14:55:59.288Z [info]: GET /api/v1/organization/workspaces/6ab77b681fba63d384f9542d/setup-status 304 162ms
2026-10-02T14:55:59.290Z [info]: GET /api/v1/core/access-control/member-access/me 304 992ms
2026-10-02T14:55:59.410Z [info]: GET /api/v1/organization/workspaces/6ab77b681fba63d384f9542d/setup-status 304 122ms
2026-10-02T14:56:00.983Z [info]: GET /api/v1/parties/customers 304 1973ms
2026-10-02T14:56:01.253Z [info]: GET /api/v1/dashboard/overview 304 2009ms
2026-10-02T14:56:05.170Z [info]: GET /api/v1/dashboard/overview 200 3916ms
2026-10-02T14:56:06.861Z [info]: GET /api/v1/dashboard/overview 304 1688ms
2026-10-02T14:56:37.979Z [info]: GET /api/v1/parties/suppliers?search=&page=1&limit=8 304 2275ms
2026-10-02T14:56:39.772Z [info]: GET /api/v1/parties/suppliers?search=&page=1&limit=8 304 1792ms
2026-10-02T14:58:53.161Z [info]: GET /api/v1/organization/workspaces 304 1083ms
2026-10-02T14:58:54.164Z [info]: GET /api/v1/core/users/me/active-context 304 961ms
2026-10-02T14:58:54.664Z [info]: GET /api/v1/organization/workspaces 304 1501ms
2026-10-02T14:58:54.965Z [info]: GET /api/v1/organization/companies 304 780ms
2026-10-02T14:58:57.262Z [info]: GET /api/v1/organization/branches 304 2254ms
2026-10-02T14:58:58.483Z [info]: GET /api/v1/core/access-control/member-access/me 304 1189ms
2026-10-02T15:00:09.397Z [info]: GET /api/v1/organization/workspaces 304 690ms
2026-10-02T15:00:09.797Z [info]: GET /api/v1/core/users/me/active-context 304 326ms
2026-10-02T15:00:10.007Z [info]: GET /api/v1/organization/workspaces 304 608ms
2026-10-02T15:00:10.537Z [info]: GET /api/v1/organization/companies 304 701ms
2026-10-02T15:15:13.035Z [warn]: ⚠️ MongoDB disconnected
2026-10-02T15:15:15.310Z [info]: 🔄 MongoDB reconnected
2026-10-02T15:15:16.930Z [info]: GET /api/v1/organization/branches 304 906349ms
2026-10-02T15:15:17.649Z [info]: GET /api/v1/core/access-control/member-access/me 304 683ms
2026-10-02T15:27:00.747Z [info]: 🔄 MongoDB reconnected
2026-10-02T15:27:00.747Z [info]: 🔄 MongoDB reconnected
2026-10-02T15:27:10.994Z [warn]: ⚠️ MongoDB disconnected
2026-10-02T15:27:11.129Z [info]: 🔄 MongoDB reconnected
2026-10-02T15:28:23.547Z [info]: 🔄 MongoDB reconnected
2026-10-02T15:28:23.548Z [info]: 🔄 MongoDB reconnected
2026-10-02T15:28:33.794Z [warn]: ⚠️ MongoDB disconnected
2026-10-02T15:28:36.290Z [info]: 🔄 MongoDB reconnected
2026-10-02T15:28:41.997Z [info]: GET /api/v1/organization/workspaces/6ab77b681fba63d384f9542d/setup-status 304 1306ms
2026-10-02T15:28:42.117Z [info]: GET /api/v1/organization/workspaces/6ab77b681fba63d384f9542d/setup-status 304 119ms
2026-10-02T15:28:42.248Z [info]: GET /api/v1/organization/workspaces/6ab77b681fba63d384f9542d/setup-status 304 130ms
2026-10-02T15:28:42.380Z [info]: GET /api/v1/organization/workspaces/6ab77b681fba63d384f9542d/setup-status 304 132ms
2026-10-02T15:28:42.509Z [info]: GET /api/v1/organization/workspaces/6ab77b681fba63d384f9542d/setup-status 304 128ms
2026-10-02T15:28:42.638Z [info]: GET /api/v1/organization/workspaces/6ab77b681fba63d384f9542d/setup-status 304 128ms
2026-10-02T15:28:42.769Z [info]: GET /api/v1/organization/workspaces/6ab77b681fba63d384f9542d/setup-status 304 130ms
2026-10-02T15:28:42.970Z [info]: GET /api/v1/organization/workspaces/6ab77b681fba63d384f9542d/setup-status 304 201ms
2026-10-02T15:28:43.099Z [info]: GET /api/v1/organization/workspaces/6ab77b681fba63d384f9542d/setup-status 304 128ms
2026-10-02T15:28:43.226Z [info]: GET /api/v1/organization/workspaces/6ab77b681fba63d384f9542d/setup-status 304 126ms
2026-10-02T15:28:43.369Z [info]: GET /api/v1/organization/workspaces/6ab77b681fba63d384f9542d/setup-status 304 142ms
2026-10-02T15:28:43.845Z [info]: GET /api/v1/organization/workspaces/6ab77b681fba63d384f9542d/setup-status 304 474ms
2026-10-02T15:28:44.063Z [info]: GET /api/v1/parties/suppliers?search=&page=1&limit=8 304 1981ms
2026-10-02T15:28:44.065Z [info]: GET /api/v1/organization/workspaces/6ab77b681fba63d384f9542d/setup-status 304 220ms
2026-10-02T15:28:44.395Z [info]: GET /api/v1/organization/workspaces/6ab77b681fba63d384f9542d/setup-status 304 327ms
2026-10-02T15:28:45.559Z [info]: GET /api/v1/parties/suppliers?search=&page=1&limit=8 304 1493ms
2026-10-02T15:28:48.716Z [info]: GET /api/v1/parties/suppliers?search=&page=2&limit=8 304 1566ms
2026-10-02T15:28:55.370Z [info]: GET /api/v1/parties/customers 304 1520ms
2026-10-02T15:28:56.906Z [info]: GET /api/v1/parties/customers 304 1535ms
2026-10-02T15:29:11.918Z [info]: GET /api/v1/parties/customers 304 1106ms
2026-10-02T15:29:25.760Z [info]: GET /api/v1/parties/customers 304 2544ms
2026-10-02T15:30:29.923Z [info]: GET /api/v1/catalog/products?limit=10&page=1 304 1477ms
2026-10-02T15:30:30.597Z [info]: GET /api/v1/dashboard/overview 304 2455ms
2026-10-02T15:30:30.994Z [info]: GET /api/v1/organization/companies 304 470ms
2026-10-02T15:30:33.589Z [info]: GET /api/v1/dashboard/overview 304 2991ms
2026-10-02T15:30:36.027Z [info]: GET /api/v1/parties/suppliers?search=&page=1&limit=8 304 2938ms
2026-10-02T15:30:38.384Z [info]: GET /api/v1/parties/suppliers?search=&page=1&limit=8 304 2356ms
2026-10-02T15:30:40.225Z [info]: GET /api/v1/operations/shifts/open?branchId=6ab7a7588f1da4f2905f5174 304 784ms
2026-10-02T15:30:46.183Z [info]: POST /api/v1/catalog/products/workspace-product/batches/query 200 804ms
2026-10-02T15:30:46.236Z [info]: POST /api/v1/catalog/products/workspace-product/batches/query 200 856ms
2026-10-02T15:30:47.045Z [info]: GET /api/v1/organization/branches 304 1664ms
2026-10-02T15:30:49.237Z [info]: GET /api/v1/organization/branches 304 2188ms
2026-10-02T16:23:39.051Z [info]: GET /api/v1/organization/workspaces 304 711ms
2026-10-02T16:23:39.394Z [info]: GET /api/v1/organization/workspaces 304 341ms
2026-10-02T16:23:40.078Z [info]: GET /api/v1/core/users/me/active-context 304 978ms
2026-10-02T16:23:41.073Z [info]: GET /api/v1/organization/companies 304 973ms
2026-10-02T16:23:42.490Z [info]: GET /api/v1/organization/branches 304 1385ms
2026-10-02T16:29:17.982Z [info]: 🔄 MongoDB reconnected
2026-10-02T16:29:17.985Z [info]: 🔄 MongoDB reconnected
2026-10-02T16:29:18.730Z [warn]: ⚠️ MongoDB disconnected
2026-10-02T16:29:18.888Z [info]: 🔄 MongoDB reconnected
2026-10-02T16:29:19.268Z [info]: GET /api/v1/core/access-control/member-access/me 304 336758ms
2026-10-02T16:31:46.620Z [info]: GET /api/v1/organization/workspaces/6ab77b681fba63d384f9542d/setup-status 304 151ms
2026-10-02T16:31:46.770Z [info]: GET /api/v1/organization/workspaces/6ab77b681fba63d384f9542d/setup-status 304 149ms
2026-10-02T16:31:46.912Z [info]: GET /api/v1/organization/workspaces/6ab77b681fba63d384f9542d/setup-status 304 141ms
2026-10-02T16:31:47.050Z [info]: GET /api/v1/organization/workspaces/6ab77b681fba63d384f9542d/setup-status 304 137ms
2026-10-02T16:31:47.186Z [info]: GET /api/v1/organization/workspaces/6ab77b681fba63d384f9542d/setup-status 304 135ms
2026-10-02T16:31:47.331Z [info]: GET /api/v1/organization/workspaces/6ab77b681fba63d384f9542d/setup-status 304 144ms
2026-10-02T16:31:47.540Z [info]: GET /api/v1/organization/workspaces/6ab77b681fba63d384f9542d/setup-status 304 208ms
2026-10-02T16:31:47.741Z [info]: GET /api/v1/organization/workspaces/6ab77b681fba63d384f9542d/setup-status 304 199ms
2026-10-02T16:31:48.426Z [info]: GET /api/v1/organization/workspaces/6ab77b681fba63d384f9542d/setup-status 304 683ms
2026-10-02T16:31:48.655Z [info]: GET /api/v1/organization/workspaces/6ab77b681fba63d384f9542d/setup-status 304 227ms
2026-10-02T16:31:48.709Z [info]: GET /api/v1/operations/shifts/open?branchId=6ab7a7588f1da4f2905f5174 304 2056ms
2026-10-02T16:31:48.786Z [info]: GET /api/v1/organization/workspaces/6ab77b681fba63d384f9542d/setup-status 304 130ms
2026-10-02T16:31:48.912Z [info]: GET /api/v1/organization/workspaces/6ab77b681fba63d384f9542d/setup-status 304 124ms
2026-10-02T16:31:49.039Z [info]: GET /api/v1/organization/workspaces/6ab77b681fba63d384f9542d/setup-status 304 126ms
2026-10-02T16:31:49.184Z [info]: GET /api/v1/organization/workspaces/6ab77b681fba63d384f9542d/setup-status 304 144ms
2026-10-02T16:32:49.589Z [info]: GET /api/v1/catalog/products?page=1&limit=10 200 577ms
2026-10-02T16:36:15.029Z [info]: GET /api/v1/organization/workspaces 304 249ms
2026-10-02T16:36:15.236Z [info]: GET /api/v1/core/users/me/active-context 304 187ms
2026-10-02T16:36:15.666Z [info]: GET /api/v1/organization/workspaces 304 636ms
2026-10-02T16:36:15.741Z [info]: GET /api/v1/organization/workspaces/6ab77b681fba63d384f9542d/setup-status 304 149ms
2026-10-02T16:36:15.878Z [info]: GET /api/v1/organization/workspaces/6ab77b681fba63d384f9542d/setup-status 304 136ms
2026-10-02T16:36:15.920Z [info]: GET /api/v1/organization/companies 304 680ms
2026-10-02T16:36:16.006Z [info]: GET /api/v1/organization/workspaces/6ab77b681fba63d384f9542d/setup-status 304 127ms
2026-10-02T16:36:16.153Z [info]: GET /api/v1/organization/workspaces/6ab77b681fba63d384f9542d/setup-status 304 146ms
2026-10-02T16:36:16.666Z [info]: GET /api/v1/catalog/products?limit=10&page=1 304 410ms
2026-10-02T16:36:16.847Z [info]: GET /api/v1/organization/workspaces/6ab77b681fba63d384f9542d/setup-status 304 693ms
2026-10-02T16:36:17.158Z [info]: GET /api/v1/organization/workspaces/6ab77b681fba63d384f9542d/setup-status 304 311ms
2026-10-02T16:36:17.789Z [info]: GET /api/v1/organization/workspaces/6ab77b681fba63d384f9542d/setup-status 304 630ms
2026-10-02T16:36:17.968Z [info]: GET /api/v1/organization/branches 304 2018ms
2026-10-02T16:36:18.154Z [info]: GET /api/v1/organization/workspaces/6ab77b681fba63d384f9542d/setup-status 304 364ms
2026-10-02T16:36:18.229Z [info]: GET /api/v1/dashboard/overview 200 2277ms
2026-10-02T16:36:18.407Z [info]: GET /api/v1/organization/workspaces/6ab77b681fba63d384f9542d/setup-status 304 252ms
2026-10-02T16:36:18.547Z [info]: GET /api/v1/catalog/products?limit=10&page=1 304 233ms
2026-10-02T16:36:18.701Z [info]: GET /api/v1/organization/workspaces/6ab77b681fba63d384f9542d/setup-status 304 293ms
2026-10-02T16:36:19.010Z [info]: GET /api/v1/organization/workspaces/6ab77b681fba63d384f9542d/setup-status 304 308ms
2026-10-02T16:36:19.221Z [info]: POST /api/v1/catalog/products/workspace-product/batches/query 200 511ms
2026-10-02T16:36:19.233Z [info]: POST /api/v1/catalog/products/workspace-product/batches/query 200 522ms
2026-10-02T16:36:19.606Z [info]: GET /api/v1/organization/branches 304 895ms
2026-10-02T16:36:19.733Z [info]: GET /api/v1/organization/workspaces/6ab77b681fba63d384f9542d/setup-status 304 722ms
2026-10-02T16:36:19.822Z [info]: GET /api/v1/dashboard/overview 304 1592ms
2026-10-02T16:36:20.117Z [info]: GET /api/v1/organization/branches 304 510ms
2026-10-02T16:36:20.327Z [info]: GET /api/v1/organization/workspaces/6ab77b681fba63d384f9542d/setup-status 304 593ms
2026-10-02T16:36:20.693Z [info]: GET /api/v1/organization/workspaces/6ab77b681fba63d384f9542d/setup-status 304 364ms
2026-10-02T16:36:21.315Z [info]: GET /api/v1/core/access-control/member-access/me 304 3297ms
2026-10-02T16:36:21.420Z [info]: GET /api/v1/dashboard/overview 200 1592ms
2026-10-02T16:36:23.307Z [info]: GET /api/v1/dashboard/overview 304 1883ms
2026-10-02T16:36:25.681Z [info]: POST /api/v1/catalog/products/workspace-product/batches/query 200 310ms
2026-10-02T16:36:31.552Z [info]: GET /api/v1/catalog/products?page=1&limit=10 304 198ms
2026-10-02T16:36:39.191Z [info]: POST /api/v1/catalog/products/workspace-product/batches/query 200 215ms
2026-10-02T16:36:39.199Z [info]: POST /api/v1/catalog/products/workspace-product/batches/query 200 224ms
2026-10-02T16:36:40.570Z [info]: GET /api/v1/organization/branches 304 1593ms
2026-10-02T16:36:42.151Z [info]: GET /api/v1/organization/branches 304 1578ms
2026-10-02T16:38:32.845Z [info]: GET /api/v1/organization/branches 304 1262ms
2026-10-02T16:38:33.090Z [info]: POST /api/v1/catalog/products/workspace-product/batches/query 200 1509ms
2026-10-02T16:38:40.090Z [info]: GET /api/v1/organization/branches 304 1489ms
2026-10-02T16:38:40.548Z [info]: POST /api/v1/catalog/products/workspace-product/batches/query 200 1947ms
2026-10-02T16:40:03.204Z [info]: GET /api/v1/organization/workspaces/6ab77b681fba63d384f9542d/members 304 294ms
2026-10-02T16:40:04.025Z [info]: GET /api/v1/organization/workspaces/6ab77b681fba63d384f9542d/members 304 820ms
2026-10-02T16:40:07.767Z [info]: POST /api/v1/catalog/products/workspace-product/batches/query 200 469ms
2026-10-02T16:40:07.773Z [info]: POST /api/v1/catalog/products/workspace-product/batches/query 200 478ms
2026-10-02T16:40:07.801Z [info]: GET /api/v1/organization/branches 304 502ms
2026-10-02T16:40:08.447Z [info]: GET /api/v1/organization/branches 304 643ms
2026-10-02T16:40:10.912Z [info]: POST /api/v1/catalog/products/workspace-product/batches/query 200 417ms
2026-10-02T16:40:10.931Z [info]: POST /api/v1/catalog/products/workspace-product/batches/query 200 435ms
2026-10-02T16:40:10.944Z [info]: GET /api/v1/organization/branches 304 447ms
2026-10-02T16:40:11.802Z [info]: GET /api/v1/organization/branches 304 857ms
2026-10-02T16:40:15.704Z [info]: POST /api/v1/catalog/products/workspace-product/batches/query 200 423ms
2026-10-02T16:40:15.712Z [info]: GET /api/v1/organization/branches 304 432ms
2026-10-02T16:40:16.013Z [info]: POST /api/v1/catalog/products/workspace-product/batches/query 200 735ms
2026-10-02T16:40:16.324Z [info]: GET /api/v1/organization/branches 304 610ms
2026-10-02T16:40:18.943Z [info]: POST /api/v1/catalog/products/workspace-product/batches/query 200 298ms
2026-10-02T16:40:19.070Z [info]: POST /api/v1/catalog/products/workspace-product/batches/query 200 427ms
2026-10-02T16:40:19.378Z [info]: GET /api/v1/organization/branches 304 732ms
2026-10-02T16:40:21.626Z [info]: GET /api/v1/organization/branches 304 2247ms
2026-10-02T16:40:47.479Z [info]: GET /api/v1/catalog/products?page=1&limit=10 304 220ms
2026-10-02T16:42:23.263Z [info]: GET /api/v1/organization/workspaces 304 131ms
2026-10-02T16:42:23.506Z [info]: GET /api/v1/core/users/me/active-context 304 200ms
2026-10-02T16:42:23.544Z [info]: GET /api/v1/organization/workspaces 304 280ms
2026-10-02T16:42:24.340Z [info]: GET /api/v1/organization/companies 304 822ms
2026-10-02T16:42:25.966Z [info]: GET /api/v1/organization/branches 304 1602ms
2026-10-02T16:42:26.437Z [info]: GET /api/v1/organization/workspaces/6ab77b681fba63d384f9542d/setup-status 304 128ms
2026-10-02T16:42:26.584Z [info]: GET /api/v1/organization/workspaces/6ab77b681fba63d384f9542d/setup-status 304 146ms
2026-10-02T16:42:26.741Z [info]: GET /api/v1/organization/workspaces/6ab77b681fba63d384f9542d/setup-status 304 156ms
2026-10-02T16:42:26.860Z [info]: GET /api/v1/catalog/products?page=1&limit=10 304 357ms
2026-10-02T16:42:26.892Z [info]: GET /api/v1/organization/workspaces/6ab77b681fba63d384f9542d/setup-status 304 151ms
2026-10-02T16:42:27.119Z [info]: GET /api/v1/organization/workspaces/6ab77b681fba63d384f9542d/setup-status 304 226ms
2026-10-02T16:42:27.241Z [info]: GET /api/v1/organization/workspaces/6ab77b681fba63d384f9542d/setup-status 304 120ms
2026-10-02T16:42:27.369Z [info]: GET /api/v1/organization/workspaces/6ab77b681fba63d384f9542d/setup-status 304 127ms
2026-10-02T16:42:27.492Z [info]: GET /api/v1/organization/workspaces/6ab77b681fba63d384f9542d/setup-status 304 122ms
2026-10-02T16:42:27.619Z [info]: GET /api/v1/organization/workspaces/6ab77b681fba63d384f9542d/setup-status 304 127ms
2026-10-02T16:42:27.759Z [info]: GET /api/v1/core/access-control/member-access/me 304 1781ms
2026-10-02T16:42:27.939Z [info]: GET /api/v1/organization/workspaces/6ab77b681fba63d384f9542d/setup-status 304 319ms
2026-10-02T16:42:28.070Z [info]: GET /api/v1/organization/workspaces/6ab77b681fba63d384f9542d/setup-status 304 131ms
2026-10-02T16:42:28.195Z [info]: GET /api/v1/organization/workspaces/6ab77b681fba63d384f9542d/setup-status 304 124ms
2026-10-02T16:42:28.439Z [info]: GET /api/v1/organization/workspaces/6ab77b681fba63d384f9542d/setup-status 304 244ms
2026-10-02T16:42:28.581Z [info]: GET /api/v1/organization/workspaces/6ab77b681fba63d384f9542d/setup-status 304 141ms
2026-10-02T16:42:30.722Z [info]: POST /api/v1/catalog/products/workspace-product/batches/query 200 248ms
2026-10-02T16:42:30.930Z [info]: POST /api/v1/catalog/products/workspace-product/batches/query 200 455ms
2026-10-02T16:42:31.524Z [info]: GET /api/v1/organization/branches 304 1049ms
2026-10-02T16:42:34.042Z [info]: GET /api/v1/organization/branches 304 2516ms
2026-10-02T16:42:37.707Z [info]: GET /api/v1/organization/workspaces 304 795ms
2026-10-02T16:42:38.113Z [info]: GET /api/v1/core/users/me/active-context 304 388ms
2026-10-02T16:42:38.264Z [info]: GET /api/v1/organization/workspaces 304 556ms
2026-10-02T16:42:38.823Z [info]: GET /api/v1/organization/companies 304 688ms
2026-10-02T16:42:39.634Z [info]: GET /api/v1/organization/branches 304 795ms
2026-10-02T16:42:41.247Z [info]: GET /api/v1/core/access-control/member-access/me 304 1593ms
2026-10-02T16:42:56.162Z [info]: GET /api/v1/organization/workspaces 304 377ms
2026-10-02T16:42:56.413Z [info]: GET /api/v1/organization/workspaces 304 249ms
2026-10-02T16:42:56.533Z [info]: GET /api/v1/core/users/me/active-context 304 327ms
2026-10-02T16:42:58.393Z [info]: GET /api/v1/organization/companies 304 1847ms
2026-10-02T16:42:59.954Z [info]: GET /api/v1/organization/branches 304 1538ms
2026-10-02T16:43:00.767Z [info]: GET /api/v1/core/access-control/member-access/me 304 790ms
2026-10-02T16:43:08.615Z [info]: GET /api/v1/organization/workspaces 304 630ms
2026-10-02T16:43:08.881Z [info]: GET /api/v1/organization/workspaces 304 265ms
2026-10-02T16:43:08.979Z [info]: GET /api/v1/core/users/me/active-context 304 340ms
2026-10-02T16:43:09.705Z [info]: GET /api/v1/organization/companies 304 705ms
2026-10-02T16:43:14.614Z [info]: GET /api/v1/organization/branches 304 4884ms
2026-10-02T16:43:15.462Z [info]: GET /api/v1/core/access-control/member-access/me 304 834ms
2026-10-02T16:44:05.784Z [info]: GET /api/v1/organization/workspaces/6ab77b681fba63d384f9542d/setup-status 304 253ms
2026-10-02T16:44:06.038Z [info]: GET /api/v1/organization/workspaces/6ab77b681fba63d384f9542d/setup-status 304 250ms
2026-10-02T16:44:06.593Z [info]: GET /api/v1/organization/workspaces/6ab77b681fba63d384f9542d/setup-status 304 554ms
2026-10-02T16:44:06.817Z [info]: GET /api/v1/catalog/products?page=1&limit=10 304 944ms
2026-10-02T16:44:07.519Z [info]: GET /api/v1/organization/workspaces/6ab77b681fba63d384f9542d/setup-status 304 925ms
2026-10-02T16:44:08.090Z [info]: GET /api/v1/organization/workspaces/6ab77b681fba63d384f9542d/setup-status 304 569ms
2026-10-02T16:44:08.780Z [info]: GET /api/v1/organization/workspaces/6ab77b681fba63d384f9542d/setup-status 304 688ms
2026-10-02T16:44:09.045Z [info]: GET /api/v1/organization/workspaces/6ab77b681fba63d384f9542d/setup-status 304 264ms
2026-10-02T16:44:09.297Z [info]: GET /api/v1/organization/workspaces/6ab77b681fba63d384f9542d/setup-status 304 251ms
2026-10-02T16:44:09.894Z [info]: GET /api/v1/organization/workspaces/6ab77b681fba63d384f9542d/setup-status 304 595ms
2026-10-02T16:44:10.492Z [info]: GET /api/v1/organization/workspaces/6ab77b681fba63d384f9542d/setup-status 304 597ms
2026-10-02T16:44:10.749Z [info]: GET /api/v1/organization/workspaces/6ab77b681fba63d384f9542d/setup-status 304 255ms
2026-10-02T16:44:11.013Z [info]: GET /api/v1/organization/workspaces/6ab77b681fba63d384f9542d/setup-status 304 263ms
2026-10-02T16:44:11.559Z [info]: GET /api/v1/organization/workspaces/6ab77b681fba63d384f9542d/setup-status 304 545ms
2026-10-02T16:44:12.203Z [info]: GET /api/v1/organization/workspaces/6ab77b681fba63d384f9542d/setup-status 304 642ms
2026-10-02T16:44:51.138Z [info]: POST /api/v1/catalog/products/detect 200 7726ms
2026-10-02T16:46:01.369Z [info]: GET /api/v1/organization/branches 304 515ms
2026-10-02T16:46:01.406Z [info]: POST /api/v1/catalog/products/workspace-product/batches/query 200 552ms
2026-10-02T16:46:01.961Z [info]: GET /api/v1/organization/branches 304 591ms
2026-10-02T16:46:01.973Z [info]: POST /api/v1/catalog/products/workspace-product/batches/query 200 1121ms
2026-10-02T16:46:40.655Z [info]: POST /api/v1/catalog/products/detect 200 14268ms
2026-10-02T16:50:29.154Z [info]: GET /api/v1/organization/workspaces 304 618ms
2026-10-02T16:50:29.511Z [info]: GET /api/v1/core/users/me/active-context 304 340ms
2026-10-02T16:50:30.487Z [info]: GET /api/v1/organization/companies 304 968ms
2026-10-02T16:50:32.360Z [info]: GET /api/v1/organization/branches 304 1862ms
2026-10-02T16:50:34.147Z [info]: GET /api/v1/core/access-control/member-access/me 304 1775ms
2026-10-02T16:52:45.614Z [info]: GET /api/v1/organization/workspaces/6ab77b681fba63d384f9542d/setup-status 304 617ms
2026-10-02T16:52:45.907Z [info]: GET /api/v1/organization/workspaces/6ab77b681fba63d384f9542d/setup-status 304 292ms
2026-10-02T16:52:46.006Z [info]: GET /api/v1/catalog/products?page=1&limit=10 304 336ms
2026-10-02T16:52:46.154Z [info]: GET /api/v1/organization/workspaces/6ab77b681fba63d384f9542d/setup-status 304 246ms
2026-10-02T16:52:46.501Z [info]: GET /api/v1/organization/workspaces/6ab77b681fba63d384f9542d/setup-status 304 346ms
2026-10-02T16:52:46.773Z [info]: GET /api/v1/organization/workspaces/6ab77b681fba63d384f9542d/setup-status 304 271ms
2026-10-02T16:52:47.647Z [info]: GET /api/v1/organization/workspaces/6ab77b681fba63d384f9542d/setup-status 304 872ms
2026-10-02T16:52:47.926Z [info]: GET /api/v1/organization/workspaces/6ab77b681fba63d384f9542d/setup-status 304 277ms
2026-10-02T16:52:48.489Z [info]: GET /api/v1/organization/workspaces/6ab77b681fba63d384f9542d/setup-status 304 562ms
2026-10-02T16:52:49.129Z [info]: GET /api/v1/organization/workspaces/6ab77b681fba63d384f9542d/setup-status 304 638ms
2026-10-02T16:52:49.384Z [info]: GET /api/v1/organization/workspaces/6ab77b681fba63d384f9542d/setup-status 304 253ms
2026-10-02T16:52:49.690Z [info]: GET /api/v1/organization/workspaces/6ab77b681fba63d384f9542d/setup-status 304 304ms
2026-10-02T16:52:49.948Z [info]: GET /api/v1/organization/workspaces/6ab77b681fba63d384f9542d/setup-status 304 257ms
2026-10-02T16:52:50.215Z [info]: GET /api/v1/organization/workspaces/6ab77b681fba63d384f9542d/setup-status 304 266ms
2026-10-02T16:52:50.464Z [info]: GET /api/v1/organization/workspaces/6ab77b681fba63d384f9542d/setup-status 304 248ms
2026-10-02T16:55:01.379Z [info]: POST /api/v1/catalog/products/detect 200 9569ms
2026-10-02T16:55:36.218Z [info]: POST /api/v1/catalog/products/detect 200 7026ms
2026-10-02T16:56:10.067Z [info]: GET /api/v1/transfer-orders?page=1&limit=10&status=&sourceBranchId=&destinationBranchId= 200 872ms
2026-10-02T16:56:10.179Z [info]: GET /api/v1/catalog/products?page=1&limit=10 304 204ms
2026-10-02T16:56:10.339Z [info]: GET /api/v1/organization/branches 304 1143ms
2026-10-02T16:56:10.904Z [info]: GET /api/v1/organization/branches 304 564ms
2026-10-02T16:56:10.926Z [info]: GET /api/v1/transfer-orders?page=1&limit=10&status=&sourceBranchId=&destinationBranchId= 304 858ms
2026-10-02T16:56:35.810Z [info]: POST /api/v1/catalog/products/detect 200 11084ms
2026-10-02T16:56:52.722Z [info]: 📦 MongoDB connected: ac-an0wlmj-shard-00-00.tqgbpyi.mongodb.net
2026-10-02T16:56:52.727Z [info]: 🚀 Server running on http://localhost:5001
2026-10-02T16:57:57.401Z [info]: 📦 MongoDB connected: ac-an0wlmj-shard-00-00.tqgbpyi.mongodb.net
2026-10-02T16:57:57.408Z [info]: 🚀 Server running on http://localhost:5001
2026-10-02T16:58:34.467Z [info]: POST /api/v1/catalog/products/detect 200 1307ms
2026-10-02T16:58:49.495Z [info]: POST /api/v1/catalog/products/import 200 11112ms
2026-10-02T16:59:00.892Z [info]: POST /api/v1/catalog/products/workspace-product/batches/query 200 287ms
2026-10-02T16:59:01.963Z [info]: GET /api/v1/organization/branches 304 1356ms
2026-10-02T16:59:02.260Z [info]: POST /api/v1/catalog/products/workspace-product/batches/query 200 1653ms
2026-10-02T16:59:02.629Z [info]: GET /api/v1/organization/branches 304 665ms
2026-10-02T16:59:14.402Z [info]: POST /api/v1/catalog/products/workspace-product/batches/query 200 808ms
2026-10-02T16:59:14.554Z [info]: GET /api/v1/organization/branches 304 960ms
2026-10-02T16:59:14.618Z [info]: POST /api/v1/catalog/products/workspace-product/batches/query 200 1026ms
2026-10-02T16:59:15.911Z [info]: GET /api/v1/organization/branches 304 1356ms
2026-10-02T16:59:17.869Z [info]: POST /api/v1/catalog/products/workspace-product/batches/query 200 1129ms
2026-10-02T16:59:22.184Z [info]: POST /api/v1/catalog/products/workspace-product/batches/query 200 3492ms
2026-10-02T16:59:24.520Z [info]: POST /api/v1/catalog/products/workspace-product/batches/query 200 1495ms
2026-10-02T16:59:28.003Z [info]: POST /api/v1/catalog/products/workspace-product/batches/query 200 1346ms
2026-10-02T16:59:32.233Z [info]: GET /api/v1/operations/shifts/open?branchId=6ab7a7588f1da4f2905f5174 304 2000ms
2026-10-02T16:59:55.045Z [info]: GET /api/v1/parties/customers?search=atha&limit=10 200 1334ms
2026-10-02T16:59:57.017Z [info]: GET /api/v1/sales/invoices/customer/6ab7b9f38f1da4f2905f5189?limit=5 200 606ms
2026-10-02T16:59:57.018Z [info]: GET /api/v1/parties/customers?search=atharva&limit=10 200 355ms
2026-10-02T17:00:01.886Z [info]: GET /api/v1/catalog/products?search=8&limit=15 200 625ms
2026-10-02T17:00:02.288Z [info]: GET /api/v1/catalog/products?search=8xsha&limit=15 200 179ms
2026-10-02T17:00:02.994Z [info]: GET /api/v1/catalog/products?search=8x&limit=15 200 1471ms
2026-10-02T17:00:06.008Z [info]: GET /api/v1/catalog/products?search=8xsh&limit=15 200 1041ms
2026-10-02T17:00:06.455Z [info]: GET /api/v1/catalog/products?search=8xsham&limit=15 200 379ms
2026-10-02T17:00:08.848Z [info]: GET /api/v1/catalog/products/6ab9a0b5a375d4ed69e1d7e8 200 983ms
2026-10-02T17:00:09.393Z [info]: POST /api/v1/catalog/products/workspace-product/batches/query 200 525ms
2026-10-02T17:00:39.775Z [info]: GET /api/v1/organization/workspaces 304 246ms
2026-10-02T17:00:40.147Z [info]: GET /api/v1/core/users/me/active-context 304 351ms
2026-10-02T17:00:41.007Z [info]: GET /api/v1/organization/companies 304 850ms
2026-10-02T17:00:43.536Z [info]: GET /api/v1/organization/branches 304 2518ms
2026-10-02T17:00:44.200Z [info]: GET /api/v1/core/access-control/member-access/me 304 654ms
2026-10-02T17:00:45.058Z [info]: GET /api/v1/organization/workspaces/6ab77b681fba63d384f9542d/setup-status 304 412ms
2026-10-02T17:00:45.202Z [info]: GET /api/v1/organization/workspaces/6ab77b681fba63d384f9542d/setup-status 304 143ms
2026-10-02T17:00:45.322Z [info]: GET /api/v1/organization/workspaces/6ab77b681fba63d384f9542d/setup-status 304 119ms
2026-10-02T17:00:45.446Z [info]: GET /api/v1/organization/workspaces/6ab77b681fba63d384f9542d/setup-status 304 122ms
2026-10-02T17:00:45.573Z [info]: GET /api/v1/organization/workspaces/6ab77b681fba63d384f9542d/setup-status 304 125ms
2026-10-02T17:00:45.710Z [info]: GET /api/v1/organization/workspaces/6ab77b681fba63d384f9542d/setup-status 304 136ms
2026-10-02T17:00:45.834Z [info]: GET /api/v1/organization/workspaces/6ab77b681fba63d384f9542d/setup-status 304 123ms
2026-10-02T17:00:45.961Z [info]: GET /api/v1/organization/workspaces/6ab77b681fba63d384f9542d/setup-status 304 124ms
2026-10-02T17:00:46.092Z [info]: GET /api/v1/organization/workspaces/6ab77b681fba63d384f9542d/setup-status 304 130ms
2026-10-02T17:00:46.224Z [info]: GET /api/v1/organization/workspaces/6ab77b681fba63d384f9542d/setup-status 304 130ms
2026-10-02T17:00:46.353Z [info]: GET /api/v1/organization/workspaces/6ab77b681fba63d384f9542d/setup-status 304 128ms
2026-10-02T17:00:46.477Z [info]: GET /api/v1/organization/workspaces/6ab77b681fba63d384f9542d/setup-status 304 123ms
2026-10-02T17:00:46.599Z [info]: GET /api/v1/organization/workspaces/6ab77b681fba63d384f9542d/setup-status 304 121ms
2026-10-02T17:00:46.728Z [info]: GET /api/v1/organization/workspaces/6ab77b681fba63d384f9542d/setup-status 304 128ms
2026-10-02T17:00:53.382Z [info]: GET /api/v1/organization/workspaces 304 131ms
2026-10-02T17:00:53.595Z [info]: GET /api/v1/core/users/me/active-context 304 204ms
2026-10-02T17:00:54.312Z [info]: GET /api/v1/organization/workspaces/6ab77b681fba63d384f9542d/setup-status 304 394ms
2026-10-02T17:00:54.472Z [info]: GET /api/v1/organization/workspaces/6ab77b681fba63d384f9542d/setup-status 304 156ms
2026-10-02T17:00:54.649Z [info]: GET /api/v1/organization/workspaces/6ab77b681fba63d384f9542d/setup-status 304 177ms
2026-10-02T17:00:54.782Z [info]: GET /api/v1/organization/workspaces 304 1399ms
2026-10-02T17:00:54.791Z [info]: GET /api/v1/organization/companies 304 1191ms
2026-10-02T17:00:54.792Z [info]: GET /api/v1/organization/workspaces/6ab77b681fba63d384f9542d/setup-status 304 142ms
2026-10-02T17:00:54.955Z [info]: GET /api/v1/organization/workspaces/6ab77b681fba63d384f9542d/setup-status 304 162ms
2026-10-02T17:00:55.119Z [info]: GET /api/v1/organization/workspaces/6ab77b681fba63d384f9542d/setup-status 304 163ms
2026-10-02T17:00:55.234Z [info]: GET /api/v1/catalog/products?limit=10&page=1 304 548ms
2026-10-02T17:00:55.306Z [info]: GET /api/v1/organization/workspaces/6ab77b681fba63d384f9542d/setup-status 304 185ms
2026-10-02T17:00:55.449Z [info]: GET /api/v1/organization/branches 304 630ms
2026-10-02T17:00:55.513Z [info]: GET /api/v1/organization/workspaces/6ab77b681fba63d384f9542d/setup-status 304 206ms
2026-10-02T17:00:55.658Z [info]: GET /api/v1/catalog/products?limit=10&page=1 304 422ms
2026-10-02T17:00:55.659Z [info]: GET /api/v1/organization/workspaces/6ab77b681fba63d384f9542d/setup-status 304 145ms
2026-10-02T17:00:55.789Z [info]: GET /api/v1/organization/workspaces/6ab77b681fba63d384f9542d/setup-status 304 130ms
2026-10-02T17:00:55.838Z [info]: GET /api/v1/core/access-control/member-access/me 304 363ms
2026-10-02T17:00:55.924Z [info]: GET /api/v1/organization/workspaces/6ab77b681fba63d384f9542d/setup-status 304 134ms
2026-10-02T17:00:56.078Z [info]: GET /api/v1/organization/workspaces/6ab77b681fba63d384f9542d/setup-status 304 153ms
2026-10-02T17:00:56.121Z [info]: GET /api/v1/catalog/products?limit=10&page=1 304 345ms
2026-10-02T17:00:56.224Z [info]: GET /api/v1/organization/workspaces/6ab77b681fba63d384f9542d/setup-status 304 144ms
2026-10-02T17:00:56.263Z [info]: GET /api/v1/operations/shifts/open?branchId=6ab7a7588f1da4f2905f5174 304 309ms
2026-10-02T17:00:56.375Z [info]: GET /api/v1/organization/workspaces/6ab77b681fba63d384f9542d/setup-status 304 150ms
2026-10-02T17:01:16.994Z [info]: GET /api/v1/dashboard/overview 200 2173ms
2026-10-02T17:01:24.462Z [info]: GET /api/v1/dashboard/overview 200 8983ms
2026-10-02T17:01:24.489Z [info]: GET /api/v1/dashboard/overview 200 9012ms
2026-10-02T17:03:29.893Z [info]: GET /api/v1/parties/customers?status=active&customerType=retail,wholesale&limit=100 200 317ms
2026-10-02T17:03:30.081Z [info]: GET /api/v1/parties/customers?customerType=retail,wholesale&limit=10 200 253ms
2026-10-02T17:03:31.506Z [info]: GET /api/v1/parties/customers?status=active&customerType=retail,wholesale&limit=100 304 385ms
2026-10-02T17:03:32.019Z [info]: GET /api/v1/parties/customers?customerType=retail,wholesale&limit=10 304 647ms
2026-10-02T17:03:34.145Z [info]: GET /api/v1/parties/customers?customerType=retail,wholesale&limit=10 304 818ms
2026-10-02T17:03:34.150Z [info]: GET /api/v1/parties/customers?status=active&customerType=retail,wholesale&limit=100 304 1075ms
2026-10-02T17:03:37.257Z [info]: GET /api/v1/parties/customers?status=active&customerType=retail,wholesale&limit=100 304 268ms
2026-10-02T17:03:37.605Z [info]: GET /api/v1/parties/customers?customerType=retail,wholesale&limit=10 304 364ms
2026-10-02T17:03:40.725Z [info]: GET /api/v1/parties/customers?status=active&customerType=retail,wholesale&limit=100 304 319ms
2026-10-02T17:03:41.229Z [info]: GET /api/v1/parties/customers?customerType=retail,wholesale&limit=10 304 571ms
2026-10-02T17:03:43.377Z [info]: GET /api/v1/parties/customers?status=active&customerType=retail,wholesale&limit=100 304 772ms
2026-10-02T17:03:43.522Z [info]: GET /api/v1/parties/customers?customerType=retail,wholesale&limit=10 304 665ms
2026-10-02T17:04:40.425Z [info]: GET /api/v1/parties/customers?search=atha&limit=10 304 762ms
2026-10-02T17:04:44.614Z [info]: GET /api/v1/parties/customers?search=atharva+sharma&limit=10 200 1813ms
2026-10-02T17:04:54.048Z [info]: GET /api/v1/catalog/products?limit=10&page=1 304 562ms
2026-10-02T17:04:59.357Z [info]: GET /api/v1/organization/workspaces 304 247ms
2026-10-02T17:04:59.583Z [info]: GET /api/v1/core/users/me/active-context 304 209ms
2026-10-02T17:05:00.033Z [info]: GET /api/v1/organization/workspaces/6ab77b681fba63d384f9542d/setup-status 304 129ms
2026-10-02T17:05:00.162Z [info]: GET /api/v1/organization/workspaces/6ab77b681fba63d384f9542d/setup-status 304 127ms
2026-10-02T17:05:00.248Z [info]: GET /api/v1/organization/companies 304 656ms
2026-10-02T17:05:00.256Z [info]: GET /api/v1/organization/workspaces 304 898ms
2026-10-02T17:05:00.296Z [info]: GET /api/v1/organization/workspaces/6ab77b681fba63d384f9542d/setup-status 304 134ms
2026-10-02T17:05:00.423Z [info]: GET /api/v1/organization/workspaces/6ab77b681fba63d384f9542d/setup-status 304 126ms
2026-10-02T17:05:00.544Z [info]: GET /api/v1/organization/workspaces/6ab77b681fba63d384f9542d/setup-status 304 121ms
2026-10-02T17:05:00.711Z [info]: GET /api/v1/organization/workspaces/6ab77b681fba63d384f9542d/setup-status 304 167ms
2026-10-02T17:05:00.858Z [info]: GET /api/v1/organization/workspaces/6ab77b681fba63d384f9542d/setup-status 304 146ms
2026-10-02T17:05:01.025Z [info]: GET /api/v1/organization/workspaces/6ab77b681fba63d384f9542d/setup-status 304 166ms
2026-10-02T17:05:01.078Z [info]: GET /api/v1/catalog/products?limit=10&page=1 304 503ms
2026-10-02T17:05:01.175Z [info]: GET /api/v1/organization/workspaces/6ab77b681fba63d384f9542d/setup-status 304 148ms
2026-10-02T17:05:01.378Z [info]: GET /api/v1/organization/workspaces/6ab77b681fba63d384f9542d/setup-status 304 201ms
2026-10-02T17:05:01.506Z [info]: GET /api/v1/organization/workspaces/6ab77b681fba63d384f9542d/setup-status 304 127ms
2026-10-02T17:05:01.663Z [info]: GET /api/v1/organization/workspaces/6ab77b681fba63d384f9542d/setup-status 304 156ms
2026-10-02T17:05:01.830Z [info]: GET /api/v1/organization/workspaces/6ab77b681fba63d384f9542d/setup-status 304 166ms
2026-10-02T17:05:01.845Z [info]: GET /api/v1/organization/branches 304 1570ms
2026-10-02T17:05:01.986Z [info]: GET /api/v1/organization/workspaces/6ab77b681fba63d384f9542d/setup-status 304 155ms
2026-10-02T17:05:02.370Z [info]: GET /api/v1/operations/shifts/open?branchId=6ab7a7588f1da4f2905f5174 304 282ms
2026-10-02T17:05:02.697Z [info]: GET /api/v1/core/access-control/member-access/me 304 827ms
2026-10-02T17:05:03.953Z [info]: GET /api/v1/dashboard/overview 200 3679ms
2026-10-02T17:05:11.444Z [info]: GET /api/v1/dashboard/overview 304 7489ms
2026-10-02T17:05:20.873Z [info]: GET /api/v1/dashboard/overview 200 9427ms
2026-10-02T17:05:27.217Z [info]: GET /api/v1/dashboard/overview 304 6342ms
2026-10-02T17:06:32.107Z [info]: GET /api/v1/organization/workspaces 304 645ms
2026-10-02T17:06:32.301Z [info]: GET /api/v1/core/users/me/active-context 304 182ms
2026-10-02T17:06:32.389Z [info]: GET /api/v1/organization/workspaces 304 281ms
2026-10-02T17:06:33.134Z [info]: GET /api/v1/organization/workspaces/6ab77b681fba63d384f9542d/setup-status 304 477ms
2026-10-02T17:06:33.172Z [info]: GET /api/v1/organization/companies 304 865ms
2026-10-02T17:06:33.287Z [info]: GET /api/v1/organization/workspaces/6ab77b681fba63d384f9542d/setup-status 304 151ms
2026-10-02T17:06:33.477Z [info]: GET /api/v1/organization/workspaces/6ab77b681fba63d384f9542d/setup-status 304 189ms
2026-10-02T17:06:33.619Z [info]: GET /api/v1/organization/workspaces/6ab77b681fba63d384f9542d/setup-status 304 142ms
2026-10-02T17:06:33.744Z [info]: GET /api/v1/organization/workspaces/6ab77b681fba63d384f9542d/setup-status 304 124ms
2026-10-02T17:06:33.780Z [info]: GET /api/v1/catalog/products?limit=10&page=1 304 254ms
2026-10-02T17:06:33.909Z [info]: GET /api/v1/organization/workspaces/6ab77b681fba63d384f9542d/setup-status 304 164ms
2026-10-02T17:06:34.117Z [info]: GET /api/v1/organization/workspaces/6ab77b681fba63d384f9542d/setup-status 304 208ms
2026-10-02T17:06:34.377Z [info]: GET /api/v1/organization/workspaces/6ab77b681fba63d384f9542d/setup-status 304 259ms
2026-10-02T17:06:34.546Z [info]: GET /api/v1/organization/workspaces/6ab77b681fba63d384f9542d/setup-status 304 166ms
2026-10-02T17:06:34.585Z [info]: GET /api/v1/organization/branches 304 1391ms
2026-10-02T17:06:34.747Z [info]: GET /api/v1/organization/workspaces/6ab77b681fba63d384f9542d/setup-status 304 200ms
2026-10-02T17:06:35.137Z [info]: GET /api/v1/catalog/products?limit=10&page=1 304 217ms
2026-10-02T17:06:35.177Z [info]: GET /api/v1/organization/workspaces/6ab77b681fba63d384f9542d/setup-status 304 429ms
2026-10-02T17:06:35.314Z [info]: GET /api/v1/operations/shifts/open?branchId=6ab7a7588f1da4f2905f5174 304 294ms
2026-10-02T17:06:35.325Z [info]: GET /api/v1/organization/workspaces/6ab77b681fba63d384f9542d/setup-status 304 147ms
2026-10-02T17:06:35.477Z [info]: GET /api/v1/organization/workspaces/6ab77b681fba63d384f9542d/setup-status 304 151ms
2026-10-02T17:06:35.673Z [info]: GET /api/v1/organization/workspaces/6ab77b681fba63d384f9542d/setup-status 304 195ms
2026-10-02T17:06:37.417Z [info]: GET /api/v1/core/access-control/member-access/me 304 2798ms
2026-10-02T17:06:37.862Z [info]: GET /api/v1/dashboard/overview 200 4637ms
2026-10-02T17:06:42.445Z [info]: GET /api/v1/dashboard/overview 304 4581ms
2026-10-02T17:06:46.576Z [info]: GET /api/v1/parties/customers?search=athar&limit=10 200 876ms
2026-10-02T17:06:48.329Z [info]: GET /api/v1/dashboard/overview 200 5883ms
2026-10-02T17:06:48.383Z [info]: GET /api/v1/parties/customers?search=atharva&limit=10 304 571ms
2026-10-02T17:06:56.280Z [info]: GET /api/v1/dashboard/overview 304 7949ms
2026-10-02T17:07:03.220Z [info]: GET /api/v1/catalog/products?search=8xsha&limit=15 304 584ms
2026-10-02T17:07:05.791Z [info]: GET /api/v1/catalog/products/6ab9a0b5a375d4ed69e1d7e8 304 364ms
2026-10-02T17:07:06.338Z [info]: POST /api/v1/catalog/products/workspace-product/batches/query 200 533ms
2026-10-02T17:07:08.203Z [info]: GET /api/v1/catalog/products?search=3&limit=15 200 437ms
2026-10-02T17:07:11.118Z [info]: GET /api/v1/finance/treasury/payment-qr 200 838ms
2026-10-02T17:07:11.420Z [info]: GET /api/v1/finance/treasury/cash-accounts?branchId=6ab7a7588f1da4f2905f5174&all=true 200 1137ms
2026-10-02T17:07:24.657Z [info]: POST /api/v1/sales/invoices/customer/6ab7b9f38f1da4f2905f5189 201 5868ms
2026-10-02T17:07:34.369Z [info]: GET /api/v1/catalog/products?limit=10&page=1 304 309ms
2026-10-02T17:07:37.480Z [info]: GET /api/v1/sales/invoices?page=1&limit=5 200 295ms
2026-10-02T17:07:37.850Z [info]: GET /api/v1/sales/invoices?page=1&limit=5 304 368ms
2026-10-02T17:07:57.930Z [info]: GET /api/v1/dashboard/overview 200 4167ms
2026-10-02T17:10:52.638Z [info]: GET /api/v1/organization/workspaces 304 255ms
2026-10-02T17:10:52.842Z [info]: GET /api/v1/core/users/me/active-context 304 183ms
2026-10-02T17:10:52.878Z [info]: GET /api/v1/organization/workspaces 304 238ms
2026-10-02T17:10:53.321Z [info]: GET /api/v1/organization/workspaces/6ab77b681fba63d384f9542d/setup-status 304 123ms
2026-10-02T17:10:53.451Z [info]: GET /api/v1/organization/workspaces/6ab77b681fba63d384f9542d/setup-status 304 128ms
2026-10-02T17:10:53.527Z [info]: GET /api/v1/organization/companies 304 680ms
2026-10-02T17:10:53.870Z [info]: GET /api/v1/organization/workspaces/6ab77b681fba63d384f9542d/setup-status 304 419ms
2026-10-02T17:10:54.022Z [info]: GET /api/v1/organization/workspaces/6ab77b681fba63d384f9542d/setup-status 304 151ms
2026-10-02T17:10:54.186Z [info]: GET /api/v1/organization/workspaces/6ab77b681fba63d384f9542d/setup-status 304 162ms
2026-10-02T17:10:54.309Z [info]: GET /api/v1/catalog/products?limit=10&page=1 304 447ms
2026-10-02T17:10:54.400Z [info]: GET /api/v1/organization/workspaces/6ab77b681fba63d384f9542d/setup-status 304 211ms
2026-10-02T17:10:54.402Z [info]: GET /api/v1/organization/branches 304 845ms
2026-10-02T17:10:54.547Z [info]: GET /api/v1/organization/workspaces/6ab77b681fba63d384f9542d/setup-status 304 143ms
2026-10-02T17:10:54.677Z [info]: GET /api/v1/organization/workspaces/6ab77b681fba63d384f9542d/setup-status 304 129ms
2026-10-02T17:10:55.091Z [info]: GET /api/v1/organization/workspaces/6ab77b681fba63d384f9542d/setup-status 304 412ms
2026-10-02T17:10:55.209Z [info]: GET /api/v1/core/access-control/member-access/me 304 646ms
2026-10-02T17:10:55.217Z [info]: GET /api/v1/organization/workspaces/6ab77b681fba63d384f9542d/setup-status 304 124ms
2026-10-02T17:10:55.348Z [info]: GET /api/v1/organization/workspaces/6ab77b681fba63d384f9542d/setup-status 304 130ms
2026-10-02T17:10:55.474Z [info]: GET /api/v1/organization/workspaces/6ab77b681fba63d384f9542d/setup-status 304 125ms
2026-10-02T17:10:55.606Z [info]: GET /api/v1/organization/workspaces/6ab77b681fba63d384f9542d/setup-status 304 131ms
2026-10-02T17:10:55.703Z [info]: GET /api/v1/catalog/products?limit=10&page=1 304 185ms
2026-10-02T17:10:55.733Z [info]: GET /api/v1/organization/workspaces/6ab77b681fba63d384f9542d/setup-status 304 126ms
2026-10-02T17:11:01.154Z [info]: GET /api/v1/dashboard/overview 200 7598ms
2026-10-02T17:11:06.495Z [info]: GET /api/v1/dashboard/overview 304 5339ms
2026-10-02T17:11:08.876Z [info]: GET /api/v1/operations/shifts/open?branchId=6ab7a7588f1da4f2905f5174 304 346ms
2026-10-02T17:11:12.551Z [info]: GET /api/v1/dashboard/overview 200 6055ms
2026-10-02T17:14:02.644Z [info]: GET /api/v1/organization/workspaces 304 608ms
2026-10-02T17:14:02.814Z [info]: GET /api/v1/core/users/me/active-context 304 159ms
2026-10-02T17:14:02.877Z [info]: GET /api/v1/organization/workspaces 304 232ms
2026-10-02T17:14:03.155Z [info]: GET /api/v1/organization/companies 304 336ms
2026-10-02T17:14:03.328Z [info]: GET /api/v1/organization/workspaces/6ab77b681fba63d384f9542d/setup-status 304 129ms
2026-10-02T17:14:03.460Z [info]: GET /api/v1/organization/workspaces/6ab77b681fba63d384f9542d/setup-status 304 131ms
2026-10-02T17:14:03.719Z [info]: GET /api/v1/organization/branches 304 518ms
2026-10-02T17:14:03.719Z [info]: GET /api/v1/organization/workspaces/6ab77b681fba63d384f9542d/setup-status 304 259ms
2026-10-02T17:14:03.849Z [info]: GET /api/v1/organization/workspaces/6ab77b681fba63d384f9542d/setup-status 304 129ms
2026-10-02T17:14:04.143Z [info]: GET /api/v1/organization/workspaces/6ab77b681fba63d384f9542d/setup-status 304 294ms
2026-10-02T17:14:04.206Z [info]: GET /api/v1/catalog/products?limit=10&page=1 304 521ms
2026-10-02T17:14:04.367Z [info]: GET /api/v1/organization/workspaces/6ab77b681fba63d384f9542d/setup-status 304 222ms
2026-10-02T17:14:04.369Z [info]: GET /api/v1/core/access-control/member-access/me 304 622ms
2026-10-02T17:14:04.518Z [info]: GET /api/v1/organization/workspaces/6ab77b681fba63d384f9542d/setup-status 304 149ms
2026-10-02T17:14:04.533Z [info]: GET /api/v1/operations/shifts/open?branchId=6ab7a7588f1da4f2905f5174 304 329ms
2026-10-02T17:14:04.639Z [info]: GET /api/v1/organization/workspaces/6ab77b681fba63d384f9542d/setup-status 304 120ms
2026-10-02T17:14:04.766Z [info]: GET /api/v1/organization/workspaces/6ab77b681fba63d384f9542d/setup-status 304 126ms
2026-10-02T17:14:04.912Z [info]: GET /api/v1/catalog/products?limit=10&page=1 304 705ms
2026-10-02T17:14:04.947Z [info]: GET /api/v1/organization/workspaces/6ab77b681fba63d384f9542d/setup-status 304 180ms
2026-10-02T17:14:05.157Z [info]: GET /api/v1/organization/workspaces/6ab77b681fba63d384f9542d/setup-status 304 208ms
2026-10-02T17:14:05.337Z [info]: GET /api/v1/organization/workspaces/6ab77b681fba63d384f9542d/setup-status 304 179ms
2026-10-02T17:14:05.487Z [info]: GET /api/v1/organization/workspaces/6ab77b681fba63d384f9542d/setup-status 304 147ms
2026-10-02T17:14:05.618Z [info]: GET /api/v1/organization/workspaces/6ab77b681fba63d384f9542d/setup-status 304 129ms
2026-10-02T17:14:05.769Z [info]: GET /api/v1/organization/workspaces/6ab77b681fba63d384f9542d/setup-status 304 149ms
2026-10-02T17:14:05.906Z [info]: GET /api/v1/organization/workspaces/6ab77b681fba63d384f9542d/setup-status 304 136ms
2026-10-02T17:14:10.863Z [info]: GET /api/v1/dashboard/overview 200 7479ms
2026-10-02T17:14:28.635Z [info]: GET /api/v1/dashboard/overview 200 4881ms
2026-10-02T17:15:52.617Z [info]: GET /api/v1/organization/workspaces 304 234ms
2026-10-02T17:15:52.800Z [info]: GET /api/v1/core/users/me/active-context 304 170ms
2026-10-02T17:15:52.841Z [info]: GET /api/v1/organization/workspaces 304 223ms
2026-10-02T17:15:53.287Z [info]: GET /api/v1/organization/workspaces/6ab77b681fba63d384f9542d/setup-status 304 120ms
2026-10-02T17:15:53.566Z [info]: GET /api/v1/organization/workspaces/6ab77b681fba63d384f9542d/setup-status 304 278ms
2026-10-02T17:15:53.610Z [info]: GET /api/v1/organization/companies 304 803ms
2026-10-02T17:15:53.689Z [info]: GET /api/v1/organization/workspaces/6ab77b681fba63d384f9542d/setup-status 304 122ms
2026-10-02T17:15:53.820Z [info]: GET /api/v1/organization/workspaces/6ab77b681fba63d384f9542d/setup-status 304 130ms
2026-10-02T17:15:53.946Z [info]: GET /api/v1/organization/workspaces/6ab77b681fba63d384f9542d/setup-status 304 125ms
2026-10-02T17:15:54.119Z [info]: GET /api/v1/organization/branches 304 477ms
2026-10-02T17:15:54.120Z [info]: GET /api/v1/organization/workspaces/6ab77b681fba63d384f9542d/setup-status 304 173ms
2026-10-02T17:15:54.174Z [info]: GET /api/v1/catalog/products?limit=10&page=1 304 232ms
2026-10-02T17:15:54.247Z [info]: GET /api/v1/organization/workspaces/6ab77b681fba63d384f9542d/setup-status 304 126ms
2026-10-02T17:15:54.371Z [info]: GET /api/v1/organization/workspaces/6ab77b681fba63d384f9542d/setup-status 304 123ms
2026-10-02T17:15:54.495Z [info]: GET /api/v1/organization/workspaces/6ab77b681fba63d384f9542d/setup-status 304 123ms
2026-10-02T17:15:54.620Z [info]: GET /api/v1/organization/workspaces/6ab77b681fba63d384f9542d/setup-status 304 124ms
2026-10-02T17:15:54.742Z [info]: GET /api/v1/organization/workspaces/6ab77b681fba63d384f9542d/setup-status 304 119ms
2026-10-02T17:15:54.829Z [info]: GET /api/v1/catalog/products?limit=10&page=1 304 367ms
2026-10-02T17:15:54.869Z [info]: GET /api/v1/organization/workspaces/6ab77b681fba63d384f9542d/setup-status 304 126ms
2026-10-02T17:15:55.004Z [info]: GET /api/v1/organization/workspaces/6ab77b681fba63d384f9542d/setup-status 304 133ms
2026-10-02T17:15:55.067Z [info]: GET /api/v1/core/access-control/member-access/me 304 906ms
2026-10-02T17:15:55.168Z [info]: GET /api/v1/organization/workspaces/6ab77b681fba63d384f9542d/setup-status 304 162ms
2026-10-02T17:15:59.856Z [info]: GET /api/v1/dashboard/overview 200 6215ms
2026-10-02T17:16:03.197Z [info]: GET /api/v1/operations/shifts/open?branchId=6ab7a7588f1da4f2905f5174 304 765ms
2026-10-02T17:16:05.338Z [info]: GET /api/v1/dashboard/overview 304 5481ms
2026-10-02T17:16:09.328Z [info]: GET /api/v1/dashboard/overview 200 3989ms
2026-10-02T17:16:25.510Z [info]: GET /api/v1/parties/customers?search=athar&limit=10 304 352ms
2026-10-02T17:16:25.974Z [info]: GET /api/v1/parties/customers?search=atharva&limit=10 304 287ms
2026-10-02T17:16:34.200Z [info]: GET /api/v1/sales/invoices/customer/6ab7b9f38f1da4f2905f5189?limit=5 200 652ms
2026-10-02T17:16:34.529Z [info]: GET /api/v1/sales/invoices/customer/6ab7b9f38f1da4f2905f5189?limit=5 304 327ms
2026-10-02T17:16:40.910Z [info]: GET /api/v1/catalog/products/6ab9a0b5a375d4ed69e1d7e8 304 177ms
2026-10-02T17:16:41.211Z [info]: POST /api/v1/catalog/products/workspace-product/batches/query 200 285ms
2026-10-02T17:16:52.475Z [info]: GET /api/v1/sales/invoices/customer/6ab7b9f38f1da4f2905f5189?limit=5 304 867ms
2026-10-02T17:16:53.136Z [info]: GET /api/v1/sales/invoices/customer/6ab7b9f38f1da4f2905f5189?limit=5 304 660ms
2026-10-02T17:16:55.836Z [info]: GET /api/v1/sales/invoices/customer/6ab7b9f38f1da4f2905f5189?limit=5 304 562ms
2026-10-02T17:16:56.954Z [info]: GET /api/v1/sales/invoices/customer/6ab7b9f38f1da4f2905f5189?limit=5 304 1116ms
2026-10-02T17:17:01.869Z [info]: GET /api/v1/sales/invoices/customer/6ab7b9f38f1da4f2905f5189?limit=5 304 1193ms
2026-10-02T17:17:02.464Z [info]: GET /api/v1/sales/invoices/customer/6ab7b9f38f1da4f2905f5189?limit=5 304 594ms
2026-10-02T17:17:14.859Z [info]: GET /api/v1/sales/invoices/customer/6ab7b9f38f1da4f2905f5189?limit=5 304 549ms
2026-10-02T17:17:16.079Z [info]: GET /api/v1/sales/invoices/customer/6ab7b9f38f1da4f2905f5189?limit=5 304 1218ms
2026-10-02T17:17:17.745Z [info]: GET /api/v1/sales/invoices/customer/6ab7b9f38f1da4f2905f5189?limit=5 304 840ms
2026-10-02T17:17:18.392Z [info]: GET /api/v1/sales/invoices/customer/6ab7b9f38f1da4f2905f5189?limit=5 304 646ms
2026-10-02T17:17:38.767Z [info]: GET /api/v1/parties/customers?search=atharva&limit=10 304 467ms
2026-10-02T17:17:51.220Z [info]: GET /api/v1/organization/workspaces 304 318ms
2026-10-02T17:17:51.447Z [info]: GET /api/v1/organization/workspaces 304 226ms
2026-10-02T17:17:51.588Z [info]: GET /api/v1/core/users/me/active-context 304 316ms
2026-10-02T17:17:52.509Z [info]: GET /api/v1/organization/companies 304 910ms
2026-10-02T17:17:53.631Z [info]: GET /api/v1/organization/branches 304 1088ms
2026-10-02T17:17:53.992Z [info]: GET /api/v1/core/access-control/member-access/me 304 340ms
2026-10-02T17:18:10.002Z [info]: GET /api/v1/organization/workspaces 304 126ms
2026-10-02T17:18:10.201Z [info]: GET /api/v1/core/users/me/active-context 304 161ms
2026-10-02T17:18:10.489Z [info]: GET /api/v1/organization/workspaces 304 486ms
2026-10-02T17:18:10.503Z [info]: GET /api/v1/organization/companies 304 288ms
2026-10-02T17:18:10.963Z [info]: GET /api/v1/organization/branches 304 435ms
2026-10-02T17:18:11.341Z [info]: GET /api/v1/core/access-control/member-access/me 304 362ms
2026-10-02T17:18:55.830Z [info]: GET /api/v1/organization/workspaces 304 131ms
2026-10-02T17:18:56.081Z [info]: GET /api/v1/core/users/me/active-context 304 222ms
2026-10-02T17:18:56.260Z [info]: GET /api/v1/organization/workspaces 304 430ms
2026-10-02T17:18:56.773Z [info]: GET /api/v1/organization/companies 304 674ms
2026-10-02T17:18:58.062Z [info]: GET /api/v1/organization/branches 304 1269ms
2026-10-02T17:18:59.470Z [info]: GET /api/v1/core/access-control/member-access/me 304 1390ms
2026-10-02T17:39:15.061Z [warn]: ⚠️ MongoDB disconnected
2026-10-02T17:39:15.067Z [info]: 🔄 MongoDB reconnected
2026-10-02T17:39:19.433Z [info]: GET /api/v1/organization/workspaces/6ab77b681fba63d384f9542d/setup-status 304 421ms
2026-10-02T17:39:19.563Z [info]: GET /api/v1/organization/workspaces/6ab77b681fba63d384f9542d/setup-status 304 128ms
2026-10-02T17:39:19.698Z [info]: GET /api/v1/organization/workspaces/6ab77b681fba63d384f9542d/setup-status 304 133ms
2026-10-02T17:39:19.826Z [info]: GET /api/v1/organization/workspaces/6ab77b681fba63d384f9542d/setup-status 304 126ms
2026-10-02T17:39:19.962Z [info]: GET /api/v1/organization/workspaces/6ab77b681fba63d384f9542d/setup-status 304 134ms
2026-10-02T17:39:19.972Z [info]: GET /api/v1/operations/shifts/open?branchId=6ab7a7588f1da4f2905f5174 304 506ms
2026-10-02T17:39:20.241Z [info]: GET /api/v1/organization/workspaces/6ab77b681fba63d384f9542d/setup-status 304 279ms
2026-10-02T17:39:20.425Z [info]: GET /api/v1/organization/workspaces/6ab77b681fba63d384f9542d/setup-status 304 182ms
2026-10-02T17:39:20.560Z [info]: GET /api/v1/organization/workspaces/6ab77b681fba63d384f9542d/setup-status 304 133ms
2026-10-02T17:39:20.687Z [info]: GET /api/v1/organization/workspaces/6ab77b681fba63d384f9542d/setup-status 304 126ms
2026-10-02T17:39:20.825Z [info]: GET /api/v1/organization/workspaces/6ab77b681fba63d384f9542d/setup-status 304 137ms
2026-10-02T17:39:20.965Z [info]: GET /api/v1/organization/workspaces/6ab77b681fba63d384f9542d/setup-status 304 139ms
2026-10-02T17:39:21.094Z [info]: GET /api/v1/organization/workspaces/6ab77b681fba63d384f9542d/setup-status 304 127ms
2026-10-02T17:39:21.323Z [info]: GET /api/v1/organization/workspaces/6ab77b681fba63d384f9542d/setup-status 304 228ms
2026-10-02T17:39:21.543Z [info]: GET /api/v1/organization/workspaces/6ab77b681fba63d384f9542d/setup-status 304 219ms
2026-10-02T17:39:35.528Z [info]: GET /api/v1/parties/customers 304 399ms
2026-10-02T17:39:35.829Z [info]: GET /api/v1/parties/customers 304 300ms
2026-10-02T17:39:39.903Z [info]: GET /api/v1/parties/customers/6ab7b9f38f1da4f2905f5189 200 265ms
2026-10-02T17:39:40.664Z [info]: GET /api/v1/parties/customers/6ab7b9f38f1da4f2905f5189/outstanding 200 716ms
2026-10-02T17:39:42.306Z [info]: GET /api/v1/parties/customers/6ab7b9f38f1da4f2905f5189/sales?page=1&limit=5 200 1600ms
2026-10-02T17:39:42.791Z [info]: GET /api/v1/parties/customers/6ab7b9f38f1da4f2905f5189/payments 200 456ms
2026-10-02T17:39:43.188Z [info]: GET /api/v1/parties/customers/6ab7b9f38f1da4f2905f5189/ledger?page=1&limit=5 200 372ms
2026-10-02T17:40:00.972Z [info]: GET /api/v1/organization/workspaces 304 157ms
2026-10-02T17:40:01.136Z [info]: GET /api/v1/organization/workspaces 304 163ms
2026-10-02T17:40:01.185Z [info]: GET /api/v1/core/users/me/active-context 304 195ms
2026-10-02T17:40:01.495Z [info]: GET /api/v1/organization/companies 304 296ms
2026-10-02T17:40:01.958Z [info]: GET /api/v1/organization/branches 304 439ms
2026-10-02T17:40:02.465Z [info]: GET /api/v1/core/access-control/member-access/me 304 488ms
2026-10-02T17:43:31.080Z [info]: GET /api/v1/organization/workspaces/6ab77b681fba63d384f9542d/setup-status 304 605ms
2026-10-02T17:43:31.208Z [info]: GET /api/v1/organization/workspaces/6ab77b681fba63d384f9542d/setup-status 304 126ms
2026-10-02T17:43:31.333Z [info]: GET /api/v1/organization/workspaces/6ab77b681fba63d384f9542d/setup-status 304 125ms
2026-10-02T17:43:31.462Z [info]: GET /api/v1/organization/workspaces/6ab77b681fba63d384f9542d/setup-status 304 127ms
2026-10-02T17:43:31.631Z [info]: GET /api/v1/organization/workspaces/6ab77b681fba63d384f9542d/setup-status 304 167ms
2026-10-02T17:43:31.672Z [info]: GET /api/v1/parties/customers/6ab7b9f38f1da4f2905f5189 304 540ms
2026-10-02T17:43:31.787Z [info]: GET /api/v1/organization/workspaces/6ab77b681fba63d384f9542d/setup-status 304 155ms
2026-10-02T17:43:31.945Z [info]: GET /api/v1/organization/workspaces/6ab77b681fba63d384f9542d/setup-status 304 157ms
2026-10-02T17:43:31.968Z [info]: GET /api/v1/parties/customers/6ab7b9f38f1da4f2905f5189/outstanding 304 266ms
2026-10-02T17:43:32.339Z [info]: GET /api/v1/organization/workspaces/6ab77b681fba63d384f9542d/setup-status 304 392ms
2026-10-02T17:43:32.477Z [info]: GET /api/v1/organization/workspaces/6ab77b681fba63d384f9542d/setup-status 304 137ms
2026-10-02T17:43:32.610Z [info]: GET /api/v1/organization/workspaces/6ab77b681fba63d384f9542d/setup-status 304 130ms
2026-10-02T17:43:32.752Z [info]: GET /api/v1/organization/workspaces/6ab77b681fba63d384f9542d/setup-status 304 140ms
2026-10-02T17:43:32.836Z [info]: GET /api/v1/parties/customers/6ab7b9f38f1da4f2905f5189/sales?page=1&limit=5 304 852ms
2026-10-02T17:43:32.884Z [info]: GET /api/v1/organization/workspaces/6ab77b681fba63d384f9542d/setup-status 304 130ms
2026-10-02T17:43:33.079Z [info]: GET /api/v1/organization/workspaces/6ab77b681fba63d384f9542d/setup-status 304 195ms
2026-10-02T17:43:33.188Z [info]: GET /api/v1/parties/customers/6ab7b9f38f1da4f2905f5189/payments 304 324ms
2026-10-02T17:43:33.207Z [info]: GET /api/v1/organization/workspaces/6ab77b681fba63d384f9542d/setup-status 304 126ms
2026-10-02T17:43:34.064Z [info]: GET /api/v1/parties/customers/6ab7b9f38f1da4f2905f5189/ledger?page=1&limit=5 304 848ms
2026-10-02T17:43:43.857Z [info]: GET /api/v1/catalog/purchase-bills?page=1&limit=5 200 549ms
2026-10-02T17:43:47.023Z [info]: GET /api/v1/finance/chart-of-accounts/accounts?all=true&excludeCategories=CUSTOMER,SUPPLIER&branchId=6ab7a7588f1da4f2905f5174 200 319ms
2026-10-02T17:43:47.110Z [info]: GET /api/v1/finance/ledger?page=1&limit=10&branchId=6ab7a7588f1da4f2905f5174&sort=-voucherDate+-createdAt 200 405ms
2026-10-02T17:43:47.319Z [info]: GET /api/v1/finance/chart-of-accounts/accounts?all=true&excludeCategories=CUSTOMER,SUPPLIER&branchId=6ab7a7588f1da4f2905f5174 304 293ms
2026-10-02T17:43:47.498Z [info]: GET /api/v1/finance/ledger?page=1&limit=10&branchId=6ab7a7588f1da4f2905f5174&sort=-voucherDate+-createdAt 304 387ms
2026-10-02T17:44:05.475Z [info]: GET /api/v1/finance/ledger?page=1&limit=10&accountId=6ab7830f1fba63d384f95454&branchId=6ab7a7588f1da4f2905f5174&sort=-voucherDate+-createdAt 200 406ms
2026-10-02T17:44:14.151Z [info]: GET /api/v1/finance/ledger?page=1&limit=10&accountId=6ab7830f1fba63d384f95445&branchId=6ab7a7588f1da4f2905f5174&sort=-voucherDate+-createdAt 200 303ms
2026-10-02T17:44:21.394Z [info]: GET /api/v1/finance/ledger?page=1&limit=10&accountId=6ab7830f1fba63d384f95454&branchId=6ab7a7588f1da4f2905f5174&sort=-voucherDate+-createdAt 304 389ms
2026-10-02T17:44:42.258Z [info]: GET /api/v1/finance/ledger?page=1&limit=10&accountId=6ab7830f1fba63d384f95454&branchId=6ab7a7588f1da4f2905f5174&sort=-voucherDate+-createdAt 304 435ms
2026-10-02T17:44:43.850Z [info]: GET /api/v1/finance/ledger?page=1&limit=10&accountId=6ab7830f1fba63d384f95454&branchId=6ab7a7588f1da4f2905f5174&sort=-voucherDate+-createdAt 304 828ms
2026-10-02T17:44:44.490Z [info]: GET /api/v1/finance/ledger?page=1&limit=10&accountId=6ab7830f1fba63d384f95454&branchId=6ab7a7588f1da4f2905f5174&sort=-voucherDate+-createdAt 304 638ms
2026-10-02T17:44:49.338Z [info]: GET /api/v1/parties/customers 304 306ms
2026-10-02T17:44:49.620Z [info]: GET /api/v1/parties/customers 304 281ms
2026-10-02T17:44:56.044Z [info]: GET /api/v1/parties/suppliers?search=&page=1&limit=8 304 688ms
2026-10-02T17:44:56.675Z [info]: GET /api/v1/parties/suppliers?search=&page=1&limit=8 304 630ms
2026-10-02T17:45:05.059Z [info]: GET /api/v1/parties/customers 304 396ms
2026-10-02T17:45:05.311Z [info]: GET /api/v1/parties/customers 304 250ms
2026-10-02T17:45:06.641Z [info]: GET /api/v1/parties/suppliers?search=&page=1&limit=8 304 614ms
2026-10-02T17:45:07.019Z [info]: GET /api/v1/parties/suppliers?search=&page=1&limit=8 304 377ms
2026-10-02T17:45:22.005Z [info]: GET /api/v1/parties/customers 304 443ms
2026-10-02T17:45:22.394Z [info]: GET /api/v1/parties/customers 304 387ms
2026-10-02T17:50:56.780Z [info]: POST /api/v1/catalog/products/workspace-product/batches/query 200 269ms
2026-10-02T17:50:57.047Z [info]: POST /api/v1/catalog/products/workspace-product/batches/query 200 539ms
2026-10-02T17:50:57.248Z [info]: GET /api/v1/organization/branches 304 736ms
2026-10-02T17:50:57.672Z [info]: GET /api/v1/organization/branches 304 422ms
2026-10-02T17:50:59.493Z [info]: POST /api/v1/catalog/products/workspace-product/batches/query 200 261ms
2026-10-02T17:50:59.495Z [info]: POST /api/v1/catalog/products/workspace-product/batches/query 200 261ms
2026-10-02T17:51:00.121Z [info]: GET /api/v1/organization/branches 304 887ms
2026-10-02T17:51:00.557Z [info]: GET /api/v1/organization/branches 304 436ms
2026-10-02T17:51:03.000Z [info]: POST /api/v1/catalog/products/workspace-product/batches/query 200 483ms
2026-10-02T17:51:04.224Z [info]: POST /api/v1/catalog/products/workspace-product/batches/query 200 558ms
2026-10-02T17:51:05.376Z [info]: POST /api/v1/catalog/products/workspace-product/batches/query 200 744ms
2026-10-02T17:51:11.254Z [info]: GET /api/v1/parties/suppliers?search=&page=1&limit=8 304 341ms
2026-10-02T17:51:11.568Z [info]: GET /api/v1/parties/suppliers?search=&page=1&limit=8 304 313ms
2026-10-02T17:56:06.782Z [info]: GET /api/v1/parties/customers 304 353ms
2026-10-02T17:56:07.896Z [info]: GET /api/v1/parties/customers 304 1113ms
2026-10-02T17:56:24.086Z [info]: GET /api/v1/parties/customers 304 586ms
2026-10-02T17:56:41.245Z [info]: GET /api/v1/parties/customers 304 706ms
2026-10-02T17:57:51.284Z [info]: GET /api/v1/organization/workspaces 304 175ms
2026-10-02T17:57:51.425Z [info]: GET /api/v1/organization/workspaces 304 140ms
2026-10-02T17:57:51.504Z [info]: GET /api/v1/core/users/me/active-context 304 177ms
2026-10-02T17:57:51.852Z [info]: GET /api/v1/organization/companies 304 324ms
2026-10-02T17:57:52.330Z [info]: GET /api/v1/organization/branches 304 447ms
2026-10-02T17:57:52.714Z [info]: GET /api/v1/core/access-control/member-access/me 304 365ms
2026-10-02T18:02:48.688Z [info]: 🔄 MongoDB reconnected
2026-10-02T18:02:58.908Z [warn]: ⚠️ MongoDB disconnected
2026-10-02T18:02:59.262Z [info]: 🔄 MongoDB reconnected
2026-10-02T18:03:21.506Z [info]: GET /api/v1/organization/workspaces/6ab77b681fba63d384f9542d/setup-status 304 403ms
2026-10-02T18:03:21.638Z [info]: GET /api/v1/organization/workspaces/6ab77b681fba63d384f9542d/setup-status 304 128ms
2026-10-02T18:03:21.762Z [info]: GET /api/v1/organization/workspaces/6ab77b681fba63d384f9542d/setup-status 304 124ms
2026-10-02T18:03:21.887Z [info]: GET /api/v1/organization/workspaces/6ab77b681fba63d384f9542d/setup-status 304 124ms
2026-10-02T18:03:22.010Z [info]: GET /api/v1/organization/workspaces/6ab77b681fba63d384f9542d/setup-status 304 121ms
2026-10-02T18:03:22.133Z [info]: GET /api/v1/organization/workspaces/6ab77b681fba63d384f9542d/setup-status 304 121ms
2026-10-02T18:03:22.252Z [info]: GET /api/v1/organization/workspaces/6ab77b681fba63d384f9542d/setup-status 304 117ms
2026-10-02T18:03:22.313Z [info]: GET /api/v1/parties/customers 304 755ms
2026-10-02T18:03:22.373Z [info]: GET /api/v1/organization/workspaces/6ab77b681fba63d384f9542d/setup-status 304 119ms
2026-10-02T18:03:22.501Z [info]: GET /api/v1/organization/workspaces/6ab77b681fba63d384f9542d/setup-status 304 127ms
2026-10-02T18:03:22.562Z [info]: GET /api/v1/parties/customers 304 248ms
2026-10-02T18:03:22.620Z [info]: GET /api/v1/organization/workspaces/6ab77b681fba63d384f9542d/setup-status 304 117ms
2026-10-02T18:03:22.763Z [info]: GET /api/v1/organization/workspaces/6ab77b681fba63d384f9542d/setup-status 304 142ms
2026-10-02T18:03:22.895Z [info]: GET /api/v1/organization/workspaces/6ab77b681fba63d384f9542d/setup-status 304 131ms
2026-10-02T18:03:23.023Z [info]: GET /api/v1/organization/workspaces/6ab77b681fba63d384f9542d/setup-status 304 127ms
2026-10-02T18:03:23.146Z [info]: GET /api/v1/organization/workspaces/6ab77b681fba63d384f9542d/setup-status 304 122ms
2026-10-02T18:08:57.739Z [info]: 📦 MongoDB connected: ac-an0wlmj-shard-00-01.tqgbpyi.mongodb.net
2026-10-02T18:08:57.745Z [info]: 🚀 Server running on http://localhost:5001
2026-10-02T18:09:13.165Z [info]: 📦 MongoDB connected: ac-an0wlmj-shard-00-01.tqgbpyi.mongodb.net
2026-10-02T18:09:13.171Z [info]: 🚀 Server running on http://localhost:5001
2026-10-02T18:09:39.429Z [info]: GET /api/v1/organization/workspaces 304 211ms
2026-10-02T18:09:39.610Z [info]: GET /api/v1/core/users/me/active-context 304 166ms
2026-10-02T18:09:39.959Z [info]: GET /api/v1/organization/companies 304 338ms
2026-10-02T18:09:40.521Z [info]: GET /api/v1/organization/branches 304 553ms
2026-10-02T18:09:40.980Z [info]: GET /api/v1/core/access-control/member-access/me 304 446ms
2026-10-02T18:12:05.735Z [info]: GET /api/v1/organization/workspaces/6ab77b681fba63d384f9542d/setup-status 304 139ms
2026-10-02T18:12:06.188Z [info]: GET /api/v1/organization/workspaces/6ab77b681fba63d384f9542d/setup-status 304 452ms
2026-10-02T18:12:06.324Z [info]: GET /api/v1/organization/workspaces/6ab77b681fba63d384f9542d/setup-status 304 135ms
2026-10-02T18:12:06.430Z [info]: GET /api/v1/parties/customers 200 667ms
2026-10-02T18:12:06.469Z [info]: GET /api/v1/organization/workspaces/6ab77b681fba63d384f9542d/setup-status 304 143ms
2026-10-02T18:12:06.602Z [info]: GET /api/v1/organization/workspaces/6ab77b681fba63d384f9542d/setup-status 304 132ms
2026-10-02T18:12:06.766Z [info]: GET /api/v1/parties/customers 304 331ms
2026-10-02T18:12:06.767Z [info]: GET /api/v1/organization/workspaces/6ab77b681fba63d384f9542d/setup-status 304 164ms
2026-10-02T18:12:06.896Z [info]: GET /api/v1/organization/workspaces/6ab77b681fba63d384f9542d/setup-status 304 129ms
2026-10-02T18:12:07.019Z [info]: GET /api/v1/organization/workspaces/6ab77b681fba63d384f9542d/setup-status 304 122ms
2026-10-02T18:12:07.168Z [info]: GET /api/v1/organization/workspaces/6ab77b681fba63d384f9542d/setup-status 304 148ms
2026-10-02T18:12:07.550Z [info]: GET /api/v1/organization/workspaces/6ab77b681fba63d384f9542d/setup-status 304 380ms
2026-10-02T18:12:07.736Z [info]: GET /api/v1/organization/workspaces/6ab77b681fba63d384f9542d/setup-status 304 184ms
2026-10-02T18:12:07.870Z [info]: GET /api/v1/organization/workspaces/6ab77b681fba63d384f9542d/setup-status 304 132ms
2026-10-02T18:12:08.052Z [info]: GET /api/v1/organization/workspaces/6ab77b681fba63d384f9542d/setup-status 304 180ms
2026-10-02T18:12:08.193Z [info]: GET /api/v1/organization/workspaces/6ab77b681fba63d384f9542d/setup-status 304 138ms
2026-10-02T18:12:18.286Z [info]: GET /api/v1/parties/customers/6abc0d2c93d94d987a156f00 304 374ms
2026-10-02T18:12:18.617Z [info]: GET /api/v1/parties/customers/6abc0d2c93d94d987a156f00/outstanding 304 285ms
2026-10-02T18:12:19.010Z [info]: GET /api/v1/parties/customers/6abc0d2c93d94d987a156f00/sales?page=1&limit=5 304 350ms
2026-10-02T18:12:19.368Z [info]: GET /api/v1/parties/customers/6abc0d2c93d94d987a156f00/payments 304 315ms
2026-10-02T18:12:19.728Z [info]: GET /api/v1/parties/customers/6abc0d2c93d94d987a156f00/ledger?page=1&limit=5 304 334ms
2026-10-02T18:12:25.018Z [info]: GET /api/v1/parties/customers/6abc0d2c93d94d987a156f00 304 377ms
2026-10-02T18:12:25.173Z [info]: PATCH /api/v1/core/users/me/active-context 200 521ms
2026-10-02T18:12:25.314Z [info]: GET /api/v1/parties/customers/6abc0d2c93d94d987a156f00/outstanding 304 265ms
2026-10-02T18:12:25.641Z [info]: GET /api/v1/parties/customers/6abc0d2c93d94d987a156f00/sales?page=1&limit=5 304 311ms
2026-10-02T18:12:25.917Z [info]: GET /api/v1/parties/customers/6abc0d2c93d94d987a156f00/payments 304 252ms
2026-10-02T18:12:26.235Z [info]: GET /api/v1/parties/customers/6abc0d2c93d94d987a156f00/ledger?page=1&limit=5 304 298ms
2026-10-02T18:12:27.885Z [info]: GET /api/v1/parties/customers/6abc0d2c93d94d987a156f00 304 282ms
2026-10-02T18:12:27.986Z [info]: PATCH /api/v1/core/users/me/active-context 200 385ms
2026-10-02T18:12:28.164Z [info]: GET /api/v1/parties/customers/6abc0d2c93d94d987a156f00/outstanding 304 249ms
2026-10-02T18:12:28.474Z [info]: GET /api/v1/parties/customers/6abc0d2c93d94d987a156f00/sales?page=1&limit=5 304 284ms
2026-10-02T18:12:28.763Z [info]: GET /api/v1/parties/customers/6abc0d2c93d94d987a156f00/payments 304 263ms
2026-10-02T18:12:29.095Z [info]: GET /api/v1/parties/customers/6abc0d2c93d94d987a156f00/ledger?page=1&limit=5 304 305ms
2026-10-02T18:12:30.862Z [info]: GET /api/v1/parties/customers 304 327ms
2026-10-02T18:12:31.162Z [info]: GET /api/v1/parties/customers 304 299ms
2026-10-02T18:12:38.391Z [info]: GET /api/v1/parties/customers/6ab7b9f38f1da4f2905f5189 304 278ms
2026-10-02T18:12:38.687Z [info]: GET /api/v1/parties/customers/6ab7b9f38f1da4f2905f5189/outstanding 304 257ms
2026-10-02T18:12:39.267Z [info]: GET /api/v1/parties/customers/6ab7b9f38f1da4f2905f5189/sales?page=1&limit=5 304 545ms
2026-10-02T18:12:39.566Z [info]: GET /api/v1/parties/customers/6ab7b9f38f1da4f2905f5189/payments 304 257ms
2026-10-02T18:12:40.045Z [info]: GET /api/v1/parties/customers/6ab7b9f38f1da4f2905f5189/ledger?page=1&limit=5 304 434ms
2026-10-02T18:12:41.481Z [info]: GET /api/v1/parties/customers 304 320ms
2026-10-02T18:12:41.795Z [info]: GET /api/v1/parties/customers 304 313ms
2026-10-02T18:12:44.148Z [info]: GET /api/v1/parties/customers 304 974ms
2026-10-02T18:13:28.220Z [info]: GET /api/v1/organization/workspaces 304 489ms
2026-10-02T18:13:28.378Z [info]: GET /api/v1/organization/workspaces 304 158ms
2026-10-02T18:13:28.911Z [info]: GET /api/v1/organization/workspaces/6ab77b681fba63d384f9542d/setup-status 304 129ms
2026-10-02T18:13:28.960Z [info]: GET /api/v1/core/users/me/active-context 200 731ms
2026-10-02T18:13:29.030Z [info]: GET /api/v1/organization/workspaces/6ab77b681fba63d384f9542d/setup-status 304 118ms
2026-10-02T18:13:29.153Z [info]: GET /api/v1/organization/workspaces/6ab77b681fba63d384f9542d/setup-status 304 122ms
2026-10-02T18:13:29.293Z [info]: GET /api/v1/organization/workspaces/6ab77b681fba63d384f9542d/setup-status 304 139ms
2026-10-02T18:13:29.396Z [info]: GET /api/v1/organization/companies 304 396ms
2026-10-02T18:13:29.441Z [info]: GET /api/v1/organization/workspaces/6ab77b681fba63d384f9542d/setup-status 304 147ms
2026-10-02T18:13:29.508Z [info]: GET /api/v1/catalog/products?limit=10&page=1 304 225ms
2026-10-02T18:13:29.567Z [info]: GET /api/v1/organization/workspaces/6ab77b681fba63d384f9542d/setup-status 304 125ms
2026-10-02T18:13:29.695Z [info]: GET /api/v1/organization/workspaces/6ab77b681fba63d384f9542d/setup-status 304 127ms
2026-10-02T18:13:29.847Z [info]: GET /api/v1/organization/workspaces/6ab77b681fba63d384f9542d/setup-status 304 151ms
2026-10-02T18:13:29.853Z [info]: GET /api/v1/organization/branches 304 418ms
2026-10-02T18:13:29.997Z [info]: GET /api/v1/catalog/products?limit=10&page=1 304 263ms
2026-10-02T18:13:30.016Z [info]: GET /api/v1/organization/workspaces/6ab77b681fba63d384f9542d/setup-status 304 167ms
2026-10-02T18:13:30.374Z [info]: GET /api/v1/organization/workspaces/6ab77b681fba63d384f9542d/setup-status 304 358ms
2026-10-02T18:13:30.788Z [info]: GET /api/v1/core/access-control/member-access/me 304 897ms
2026-10-02T18:13:30.805Z [info]: GET /api/v1/catalog/products?limit=10&page=1 304 607ms
2026-10-02T18:13:31.224Z [info]: GET /api/v1/organization/workspaces/6ab77b681fba63d384f9542d/setup-status 304 848ms
2026-10-02T18:13:31.379Z [info]: GET /api/v1/organization/workspaces/6ab77b681fba63d384f9542d/setup-status 304 154ms
2026-10-02T18:13:31.525Z [info]: GET /api/v1/organization/workspaces/6ab77b681fba63d384f9542d/setup-status 304 144ms
2026-10-02T18:13:31.699Z [info]: GET /api/v1/organization/workspaces/6ab77b681fba63d384f9542d/setup-status 304 172ms
2026-10-02T18:13:31.775Z [info]: GET /api/v1/parties/customers 304 714ms
2026-10-02T18:13:32.227Z [info]: GET /api/v1/parties/customers 304 451ms
2026-10-02T18:13:32.940Z [info]: GET /api/v1/dashboard/overview 200 3507ms
2026-10-02T18:13:37.722Z [info]: GET /api/v1/dashboard/overview 304 4781ms
2026-10-02T18:13:46.864Z [info]: GET /api/v1/dashboard/overview 200 9140ms
2026-10-02T18:13:51.506Z [info]: GET /api/v1/dashboard/overview 304 4639ms
2026-10-02T18:13:56.327Z [info]: GET /api/v1/parties/customers 304 308ms
2026-10-02T18:14:54.916Z [info]: GET /api/v1/parties/customers 304 319ms
2026-10-02T18:14:58.443Z [info]: GET /api/v1/parties/customers 304 299ms
2026-10-02T18:15:00.526Z [info]: GET /api/v1/parties/customers 304 302ms
2026-10-02T18:15:11.360Z [info]: 📦 MongoDB connected: ac-an0wlmj-shard-00-02.tqgbpyi.mongodb.net
2026-10-02T18:15:11.364Z [info]: 🚀 Server running on http://localhost:5001
2026-10-02T18:16:16.974Z [info]: SIGTERM received. Closing server...
2026-10-02T18:16:34.987Z [info]: 📦 MongoDB connected: ac-an0wlmj-shard-00-00.tqgbpyi.mongodb.net
2026-10-02T18:16:34.990Z [info]: 🚀 Server running on http://localhost:5001
2026-10-02T18:17:43.451Z [info]: 📦 MongoDB connected: ac-an0wlmj-shard-00-01.tqgbpyi.mongodb.net
2026-10-02T18:17:43.454Z [info]: 🚀 Server running on http://localhost:5001
2026-10-02T18:18:48.691Z [info]: GET /api/v1/organization/workspaces 304 144ms
2026-10-02T18:18:48.819Z [info]: GET /api/v1/organization/workspaces 304 127ms
2026-10-02T18:18:48.867Z [info]: GET /api/v1/core/users/me/active-context 304 164ms
2026-10-02T18:18:49.189Z [info]: GET /api/v1/organization/companies 304 316ms
2026-10-02T18:18:49.379Z [info]: GET /api/v1/organization/workspaces/6ab77b681fba63d384f9542d/setup-status 304 144ms
2026-10-02T18:18:49.582Z [info]: GET /api/v1/organization/workspaces/6ab77b681fba63d384f9542d/setup-status 304 202ms
2026-10-02T18:18:49.743Z [info]: GET /api/v1/organization/workspaces/6ab77b681fba63d384f9542d/setup-status 304 160ms
2026-10-02T18:18:49.796Z [info]: GET /api/v1/organization/branches 304 597ms
2026-10-02T18:18:49.916Z [info]: GET /api/v1/parties/customers 200 489ms
2026-10-02T18:18:49.918Z [info]: GET /api/v1/organization/workspaces/6ab77b681fba63d384f9542d/setup-status 304 171ms
2026-10-02T18:18:50.070Z [info]: GET /api/v1/organization/workspaces/6ab77b681fba63d384f9542d/setup-status 304 151ms
2026-10-02T18:18:50.195Z [info]: GET /api/v1/organization/workspaces/6ab77b681fba63d384f9542d/setup-status 304 124ms
2026-10-02T18:18:50.246Z [info]: GET /api/v1/parties/customers 304 328ms
2026-10-02T18:18:50.250Z [info]: GET /api/v1/core/access-control/member-access/me 304 410ms
2026-10-02T18:18:50.340Z [info]: GET /api/v1/organization/workspaces/6ab77b681fba63d384f9542d/setup-status 304 142ms
2026-10-02T18:18:50.476Z [info]: GET /api/v1/organization/workspaces/6ab77b681fba63d384f9542d/setup-status 304 134ms
2026-10-02T18:18:50.572Z [info]: GET /api/v1/parties/customers 304 320ms
2026-10-02T18:18:50.612Z [info]: GET /api/v1/organization/workspaces/6ab77b681fba63d384f9542d/setup-status 304 134ms
2026-10-02T18:18:50.743Z [info]: GET /api/v1/organization/workspaces/6ab77b681fba63d384f9542d/setup-status 304 130ms
2026-10-02T18:18:50.878Z [info]: GET /api/v1/parties/customers 304 305ms
2026-10-02T18:18:50.905Z [info]: GET /api/v1/organization/workspaces/6ab77b681fba63d384f9542d/setup-status 304 159ms
2026-10-02T18:18:51.031Z [info]: GET /api/v1/organization/workspaces/6ab77b681fba63d384f9542d/setup-status 304 125ms
2026-10-02T18:18:51.154Z [info]: GET /api/v1/organization/workspaces/6ab77b681fba63d384f9542d/setup-status 304 122ms
2026-10-02T18:18:51.287Z [info]: GET /api/v1/organization/workspaces/6ab77b681fba63d384f9542d/setup-status 304 132ms
2026-10-02T18:18:56.043Z [info]: GET /api/v1/operations/shifts/open?branchId=6ab783571fba63d384f9545b 200 325ms
2026-10-02T18:18:59.837Z [info]: GET /api/v1/parties/customers?search=atha&limit=10 200 720ms
2026-10-02T18:19:01.265Z [info]: GET /api/v1/parties/customers?search=atharva&limit=10 200 450ms
2026-10-02T18:19:03.513Z [info]: GET /api/v1/sales/invoices/customer/6ab7b9f38f1da4f2905f5189?limit=5 200 451ms
2026-10-02T18:19:04.459Z [info]: GET /api/v1/sales/invoices/customer/6ab7b9f38f1da4f2905f5189?limit=5 304 944ms
2026-10-02T18:19:27.043Z [error]: GET /api/v1/parties/customers - Authentication token missing
2026-10-02T18:19:27.044Z [info]: GET /api/v1/parties/customers 401 1ms
2026-10-02T18:19:40.138Z [info]: GET /api/v1/parties/customers?search=atharva&limit=10 304 716ms
2026-10-02T18:19:41.271Z [info]: GET /api/v1/parties/customers 304 447ms
2026-10-02T18:19:41.679Z [info]: GET /api/v1/parties/customers 304 407ms
2026-10-02T18:19:46.279Z [info]: GET /api/v1/organization/workspaces 304 129ms
2026-10-02T18:19:46.462Z [info]: GET /api/v1/organization/workspaces 304 182ms
2026-10-02T18:19:46.501Z [info]: GET /api/v1/core/users/me/active-context 304 215ms
2026-10-02T18:19:46.904Z [info]: GET /api/v1/organization/companies 304 396ms
2026-10-02T18:19:46.980Z [info]: GET /api/v1/organization/workspaces/6ab77b681fba63d384f9542d/setup-status 304 168ms
2026-10-02T18:19:47.134Z [info]: GET /api/v1/organization/workspaces/6ab77b681fba63d384f9542d/setup-status 304 153ms
2026-10-02T18:19:47.300Z [info]: GET /api/v1/organization/workspaces/6ab77b681fba63d384f9542d/setup-status 304 165ms
2026-10-02T18:19:47.382Z [info]: GET /api/v1/parties/customers 200 377ms
2026-10-02T18:19:47.442Z [info]: GET /api/v1/organization/workspaces/6ab77b681fba63d384f9542d/setup-status 304 140ms
2026-10-02T18:19:47.444Z [info]: GET /api/v1/organization/branches 304 529ms
2026-10-02T18:19:47.641Z [info]: GET /api/v1/organization/workspaces/6ab77b681fba63d384f9542d/setup-status 304 196ms
2026-10-02T18:19:47.806Z [info]: GET /api/v1/organization/workspaces/6ab77b681fba63d384f9542d/setup-status 304 164ms
2026-10-02T18:19:47.850Z [info]: GET /api/v1/parties/customers 304 464ms
2026-10-02T18:19:47.963Z [info]: GET /api/v1/core/access-control/member-access/me 304 478ms
2026-10-02T18:19:47.964Z [info]: GET /api/v1/organization/workspaces/6ab77b681fba63d384f9542d/setup-status 304 155ms
2026-10-02T18:19:48.103Z [info]: GET /api/v1/organization/workspaces/6ab77b681fba63d384f9542d/setup-status 304 137ms
2026-10-02T18:19:48.195Z [info]: GET /api/v1/parties/customers 304 342ms
2026-10-02T18:19:48.242Z [info]: GET /api/v1/organization/workspaces/6ab77b681fba63d384f9542d/setup-status 304 138ms
2026-10-02T18:19:48.429Z [info]: GET /api/v1/organization/workspaces/6ab77b681fba63d384f9542d/setup-status 304 186ms
2026-10-02T18:19:48.594Z [info]: GET /api/v1/organization/workspaces/6ab77b681fba63d384f9542d/setup-status 304 163ms
2026-10-02T18:19:48.603Z [info]: GET /api/v1/parties/customers 304 407ms
2026-10-02T18:19:48.731Z [info]: GET /api/v1/organization/workspaces/6ab77b681fba63d384f9542d/setup-status 304 135ms
2026-10-02T18:19:48.932Z [info]: GET /api/v1/organization/workspaces/6ab77b681fba63d384f9542d/setup-status 304 200ms
2026-10-02T18:19:49.069Z [info]: GET /api/v1/organization/workspaces/6ab77b681fba63d384f9542d/setup-status 304 136ms
2026-10-02T18:19:49.215Z [info]: GET /api/v1/organization/workspaces/6ab77b681fba63d384f9542d/setup-status 304 144ms
2026-10-02T18:19:49.353Z [info]: GET /api/v1/organization/workspaces/6ab77b681fba63d384f9542d/setup-status 304 137ms
2026-10-02T18:20:02.605Z [info]: SIGTERM received. Closing server...
2026-10-02T18:20:02.607Z [info]: SIGTERM received. Closing server...
2026-10-02T18:20:02.626Z [info]: SIGINT received. Closing server...
2026-10-02T18:20:02.642Z [info]: SIGINT received. Closing server...
2026-10-02T18:20:04.268Z [info]: 📦 MongoDB connected: ac-an0wlmj-shard-00-02.tqgbpyi.mongodb.net
2026-10-02T18:20:04.274Z [info]: 🚀 Server running on http://localhost:5001
2026-10-02T18:20:07.811Z [info]: GET /api/v1/parties/customers 304 908ms
2026-10-02T18:20:08.800Z [info]: GET /api/v1/parties/customers 304 988ms
2026-10-02T18:20:09.289Z [info]: GET /api/v1/parties/customers 304 489ms
2026-10-02T18:20:10.183Z [info]: GET /api/v1/parties/customers 304 838ms
2026-10-02T18:20:11.001Z [info]: GET /api/v1/parties/customers 304 388ms
2026-10-02T18:20:12.218Z [info]: GET /api/v1/parties/customers 304 837ms
2026-10-02T18:20:18.220Z [info]: HTTP server closed
2026-10-02T18:21:10.827Z [info]: 📦 MongoDB connected: ac-an0wlmj-shard-00-02.tqgbpyi.mongodb.net
2026-10-02T18:21:36.186Z [info]: GET /api/v1/organization/workspaces 304 224ms
2026-10-02T18:21:36.455Z [info]: GET /api/v1/organization/workspaces 304 269ms
2026-10-02T18:21:36.767Z [info]: GET /api/v1/core/users/me/active-context 304 538ms
2026-10-02T18:21:37.335Z [info]: GET /api/v1/organization/companies 304 549ms
2026-10-02T18:21:38.211Z [info]: GET /api/v1/organization/branches 304 857ms
2026-10-02T18:21:38.612Z [info]: GET /api/v1/core/access-control/member-access/me 304 377ms
2026-10-02T18:22:14.165Z [info]: GET /api/v1/organization/workspaces/6ab77b681fba63d384f9542d/setup-status 304 173ms
2026-10-02T18:22:14.288Z [info]: GET /api/v1/organization/workspaces/6ab77b681fba63d384f9542d/setup-status 304 122ms
2026-10-02T18:22:14.442Z [info]: GET /api/v1/organization/workspaces/6ab77b681fba63d384f9542d/setup-status 304 154ms
2026-10-02T18:22:14.550Z [info]: GET /api/v1/parties/customers 304 335ms
2026-10-02T18:22:14.585Z [info]: GET /api/v1/organization/workspaces/6ab77b681fba63d384f9542d/setup-status 304 137ms
2026-10-02T18:22:14.707Z [info]: GET /api/v1/organization/workspaces/6ab77b681fba63d384f9542d/setup-status 304 121ms
2026-10-02T18:22:14.832Z [info]: GET /api/v1/organization/workspaces/6ab77b681fba63d384f9542d/setup-status 304 124ms
2026-10-02T18:22:14.840Z [info]: GET /api/v1/parties/customers 304 288ms
2026-10-02T18:22:15.414Z [info]: GET /api/v1/organization/workspaces/6ab77b681fba63d384f9542d/setup-status 304 581ms
2026-10-02T18:22:15.540Z [info]: GET /api/v1/organization/workspaces/6ab77b681fba63d384f9542d/setup-status 304 125ms
2026-10-02T18:22:15.673Z [info]: GET /api/v1/organization/workspaces/6ab77b681fba63d384f9542d/setup-status 304 131ms
2026-10-02T18:22:15.804Z [info]: GET /api/v1/organization/workspaces/6ab77b681fba63d384f9542d/setup-status 304 129ms
2026-10-02T18:22:15.929Z [info]: GET /api/v1/organization/workspaces/6ab77b681fba63d384f9542d/setup-status 304 123ms
2026-10-02T18:22:16.053Z [info]: GET /api/v1/organization/workspaces/6ab77b681fba63d384f9542d/setup-status 304 123ms
2026-10-02T18:22:16.193Z [info]: GET /api/v1/organization/workspaces/6ab77b681fba63d384f9542d/setup-status 304 138ms
2026-10-02T18:22:16.322Z [info]: GET /api/v1/organization/workspaces/6ab77b681fba63d384f9542d/setup-status 304 127ms
2026-10-02T18:23:15.856Z [info]: 📦 MongoDB connected: ac-an0wlmj-shard-00-00.tqgbpyi.mongodb.net
2026-10-02T18:24:01.054Z [info]: SIGTERM received. Closing server...
