2026-10-02T18:51:37.919Z [info]: 📦 MongoDB connected: ac-an0wlmj-shard-00-00.tqgbpyi.mongodb.net
2026-10-02T18:51:37.923Z [info]: 🚀 Server running on http://localhost:5001
2026-10-02T18:51:39.937Z [info]: GET /api/v1/organization/workspaces 304 1998ms
2026-10-02T18:51:41.116Z [info]: GET /api/v1/organization/workspaces 304 1177ms
2026-10-02T18:51:41.718Z [info]: GET /api/v1/core/users/me/active-context 304 1750ms
2026-10-02T18:51:43.038Z [info]: GET /api/v1/organization/companies 304 1304ms
2026-10-02T18:51:44.226Z [info]: GET /api/v1/organization/branches 304 1176ms
2026-10-02T18:51:44.623Z [info]: GET /api/v1/core/access-control/member-access/me 304 384ms
2026-10-02T18:51:48.482Z [info]: GET /api/v1/organization/workspaces/6ab77b681fba63d384f9542d/setup-status 304 144ms
2026-10-02T18:51:48.614Z [info]: GET /api/v1/organization/workspaces/6ab77b681fba63d384f9542d/setup-status 304 131ms
2026-10-02T18:51:48.740Z [info]: GET /api/v1/organization/workspaces/6ab77b681fba63d384f9542d/setup-status 304 125ms
2026-10-02T18:51:48.858Z [info]: GET /api/v1/parties/customers 304 347ms
2026-10-02T18:51:48.887Z [info]: GET /api/v1/organization/workspaces/6ab77b681fba63d384f9542d/setup-status 304 146ms
2026-10-02T18:51:49.048Z [info]: GET /api/v1/organization/workspaces/6ab77b681fba63d384f9542d/setup-status 304 161ms
2026-10-02T18:51:49.184Z [info]: GET /api/v1/organization/workspaces/6ab77b681fba63d384f9542d/setup-status 304 135ms
2026-10-02T18:51:49.217Z [info]: GET /api/v1/parties/customers 304 358ms
2026-10-02T18:51:49.314Z [info]: GET /api/v1/organization/workspaces/6ab77b681fba63d384f9542d/setup-status 304 129ms
2026-10-02T18:51:49.442Z [info]: GET /api/v1/organization/workspaces/6ab77b681fba63d384f9542d/setup-status 304 128ms
2026-10-02T18:51:49.576Z [info]: GET /api/v1/organization/workspaces/6ab77b681fba63d384f9542d/setup-status 304 134ms
2026-10-02T18:51:49.712Z [info]: GET /api/v1/organization/workspaces/6ab77b681fba63d384f9542d/setup-status 304 135ms
2026-10-02T18:51:49.852Z [info]: GET /api/v1/organization/workspaces/6ab77b681fba63d384f9542d/setup-status 304 140ms
2026-10-02T18:51:50.006Z [info]: GET /api/v1/organization/workspaces/6ab77b681fba63d384f9542d/setup-status 304 153ms
2026-10-02T18:51:50.135Z [info]: GET /api/v1/organization/workspaces/6ab77b681fba63d384f9542d/setup-status 304 127ms
2026-10-02T18:51:50.266Z [info]: GET /api/v1/organization/workspaces/6ab77b681fba63d384f9542d/setup-status 304 129ms
2026-10-02T18:52:26.177Z [info]: GET /api/v1/catalog/products?page=1&limit=10 304 185ms
2026-10-02T18:52:33.503Z [info]: GET /api/v1/catalog/products/6ab9a0b5a375d4ed69e1e1cb 200 657ms
2026-10-02T18:53:08.275Z [info]: GET /api/v1/catalog/products?page=1&limit=10 304 191ms
2026-10-02T18:53:12.313Z [info]: GET /api/v1/catalog/products/6ab9a0b5a375d4ed69e1e1cb 304 210ms
2026-10-02T18:54:13.731Z [info]: GET /api/v1/operations/shifts/open?branchId=6ab783571fba63d384f9545b 304 261ms
2026-10-02T18:54:17.702Z [info]: GET /api/v1/catalog/products?search=ZYTEETUBE10ML&limit=15 200 186ms
2026-10-02T18:54:19.714Z [info]: GET /api/v1/catalog/products/6ab9a0b5a375d4ed69e1e1cb 304 457ms
2026-10-02T18:54:20.085Z [info]: POST /api/v1/catalog/products/workspace-product/batches/query 200 348ms
2026-10-02T18:54:35.499Z [info]: GET /api/v1/catalog/products?page=1&limit=10 304 946ms
2026-10-02T18:54:42.405Z [info]: POST /api/v1/catalog/products/detect 200 835ms
2026-10-02T18:57:46.975Z [info]: GET /api/v1/catalog/products?search=ZYTEETUBE10ML&limit=15 304 385ms
2026-10-02T18:57:48.267Z [info]: GET /api/v1/catalog/products/6ab9a0b5a375d4ed69e1e1cb 304 324ms
2026-10-02T18:57:48.542Z [info]: POST /api/v1/catalog/products/workspace-product/batches/query 200 262ms
2026-10-02T18:58:30.852Z [info]: GET /api/v1/catalog/purchase-bills?page=1&limit=5 304 280ms
2026-10-02T18:58:32.451Z [info]: GET /api/v1/parties/suppliers?limit=10 200 338ms
2026-10-02T18:58:37.250Z [info]: GET /api/v1/catalog/products?search=ZYTEETUBE10ML&limit=15 304 184ms
2026-10-02T18:58:38.148Z [info]: GET /api/v1/catalog/products/6ab9a0b5a375d4ed69e1e1cb 304 172ms
2026-10-02T18:58:38.538Z [info]: POST /api/v1/catalog/products/workspace-product/batches/query 200 271ms
2026-10-02T19:10:53.564Z [info]: GET /api/v1/catalog/products?search=ZYTEETUBE10ML&limit=15 304 214ms
2026-10-02T19:10:54.445Z [info]: GET /api/v1/catalog/products/6ab9a0b5a375d4ed69e1e1cb 304 273ms
2026-10-02T19:10:54.697Z [info]: POST /api/v1/catalog/products/workspace-product/batches/query 200 239ms
2026-10-02T19:11:33.969Z [info]: GET /api/v1/parties/suppliers?search=&page=1&limit=8 304 601ms
2026-10-02T19:11:34.291Z [info]: GET /api/v1/parties/suppliers?search=&page=1&limit=8 304 321ms
2026-10-02T19:11:38.490Z [info]: GET /api/v1/parties/suppliers/6abd8a336c848de4578fa21f 304 252ms
2026-10-02T19:11:38.852Z [info]: GET /api/v1/parties/suppliers/6abd8a336c848de4578fa21f/outstanding 304 318ms
2026-10-02T19:11:39.185Z [info]: GET /api/v1/parties/suppliers/6abd8a336c848de4578fa21f/purchases?page=1&limit=5 304 289ms
2026-10-02T19:11:39.487Z [info]: GET /api/v1/parties/suppliers/6abd8a336c848de4578fa21f/payments 304 252ms
2026-10-02T19:11:40.012Z [info]: GET /api/v1/parties/suppliers/6abd8a336c848de4578fa21f/ledger?page=1&limit=5 304 485ms
2026-10-02T19:11:45.233Z [info]: GET /api/v1/parties/suppliers?search=&page=1&limit=8 304 331ms
2026-10-02T19:11:45.813Z [info]: GET /api/v1/parties/suppliers?search=&page=1&limit=8 304 579ms
2026-10-02T19:11:47.069Z [info]: GET /api/v1/parties/suppliers/6abd8a336c848de4578fa21e 304 269ms
2026-10-02T19:11:47.395Z [info]: GET /api/v1/parties/suppliers/6abd8a336c848de4578fa21e/outstanding 304 285ms
2026-10-02T19:11:47.721Z [info]: GET /api/v1/parties/suppliers/6abd8a336c848de4578fa21e/purchases?page=1&limit=5 304 287ms
2026-10-02T19:11:48.327Z [info]: GET /api/v1/parties/suppliers/6abd8a336c848de4578fa21e/payments 304 572ms
2026-10-02T19:11:48.623Z [info]: GET /api/v1/parties/suppliers/6abd8a336c848de4578fa21e/ledger?page=1&limit=5 304 255ms
2026-10-02T19:11:57.734Z [info]: GET /api/v1/parties/suppliers?search=&page=1&limit=8 304 337ms
2026-10-02T19:11:58.062Z [info]: GET /api/v1/parties/suppliers?search=&page=1&limit=8 304 327ms
2026-10-02T19:12:04.312Z [info]: GET /api/v1/parties/suppliers?search=a&page=1&limit=8 200 540ms
2026-10-02T19:12:04.700Z [info]: GET /api/v1/parties/suppliers?search=ab&page=1&limit=8 200 318ms
2026-10-02T19:12:04.984Z [info]: GET /api/v1/parties/suppliers?search=abh&page=1&limit=8 200 305ms
2026-10-02T19:12:14.432Z [info]: GET /api/v1/parties/suppliers/6abd86186c848de4578fa1da 200 238ms
2026-10-02T19:12:14.724Z [info]: GET /api/v1/parties/suppliers/6abd86186c848de4578fa1da/outstanding 200 253ms
2026-10-02T19:12:15.081Z [info]: GET /api/v1/parties/suppliers/6abd86186c848de4578fa1da/purchases?page=1&limit=5 200 317ms
2026-10-02T19:12:15.376Z [info]: GET /api/v1/parties/suppliers/6abd86186c848de4578fa1da/payments 200 260ms
2026-10-02T19:12:15.657Z [info]: GET /api/v1/parties/suppliers/6abd86186c848de4578fa1da/ledger?page=1&limit=5 200 243ms
2026-10-02T19:12:42.780Z [info]: GET /api/v1/parties/suppliers?search=&page=1&limit=8 304 324ms
2026-10-02T19:12:43.101Z [info]: GET /api/v1/parties/suppliers?search=&page=1&limit=8 304 320ms
2026-10-02T19:12:45.074Z [info]: GET /api/v1/parties/suppliers?search=a&page=1&limit=8 304 350ms
2026-10-02T19:12:45.944Z [info]: GET /api/v1/parties/suppliers?search=ab&page=1&limit=8 304 562ms
2026-10-02T19:12:46.020Z [info]: GET /api/v1/parties/suppliers?search=abhi&page=1&limit=8 200 308ms
2026-10-02T19:12:46.058Z [info]: GET /api/v1/parties/suppliers?search=abh&page=1&limit=8 304 557ms
2026-10-02T19:12:46.289Z [info]: GET /api/v1/parties/suppliers?search=abhin&page=1&limit=8 200 291ms
2026-10-02T19:13:01.031Z [info]: GET /api/v1/parties/suppliers/6abd86186c848de4578fa1db 200 287ms
2026-10-02T19:13:01.323Z [info]: GET /api/v1/parties/suppliers/6abd86186c848de4578fa1db/outstanding 200 253ms
2026-10-02T19:13:01.671Z [info]: GET /api/v1/parties/suppliers/6abd86186c848de4578fa1db/purchases?page=1&limit=5 200 307ms
2026-10-02T19:13:01.953Z [info]: GET /api/v1/parties/suppliers/6abd86186c848de4578fa1db/payments 200 248ms
2026-10-02T19:13:02.261Z [info]: GET /api/v1/parties/suppliers/6abd86186c848de4578fa1db/ledger?page=1&limit=5 200 266ms
2026-10-02T19:13:05.895Z [info]: GET /api/v1/parties/suppliers?search=&page=1&limit=8 304 324ms
2026-10-02T19:13:06.226Z [info]: GET /api/v1/parties/suppliers?search=&page=1&limit=8 304 329ms
2026-10-02T19:13:08.783Z [info]: GET /api/v1/parties/suppliers?search=a&page=1&limit=8 304 355ms
2026-10-02T19:13:09.406Z [info]: GET /api/v1/parties/suppliers?search=am&page=1&limit=8 200 350ms
2026-10-02T19:13:09.545Z [info]: GET /api/v1/parties/suppliers?search=ami&page=1&limit=8 200 330ms
2026-10-02T19:13:09.816Z [info]: GET /api/v1/parties/suppliers?search=amit&page=1&limit=8 200 298ms
2026-10-02T19:13:15.473Z [info]: GET /api/v1/parties/suppliers?search=&page=1&limit=8 304 339ms
2026-10-02T19:13:40.338Z [info]: GET /api/v1/parties/suppliers?search=c&page=1&limit=8 200 321ms
2026-10-02T19:13:40.693Z [info]: GET /api/v1/parties/suppliers?search=ch&page=1&limit=8 200 309ms
2026-10-02T19:13:40.991Z [info]: GET /api/v1/parties/suppliers?search=chi&page=1&limit=8 200 303ms
2026-10-02T19:13:41.365Z [info]: GET /api/v1/parties/suppliers?search=chit&page=1&limit=8 200 304ms
2026-10-02T19:13:45.495Z [info]: GET /api/v1/parties/suppliers/6abd8a306c848de4578fa1ff 200 279ms
2026-10-02T19:13:45.784Z [info]: GET /api/v1/parties/suppliers/6abd8a306c848de4578fa1ff/outstanding 200 251ms
2026-10-02T19:13:46.104Z [info]: GET /api/v1/parties/suppliers/6abd8a306c848de4578fa1ff/purchases?page=1&limit=5 200 282ms
2026-10-02T19:13:46.385Z [info]: GET /api/v1/parties/suppliers/6abd8a306c848de4578fa1ff/payments 200 247ms
2026-10-02T19:13:46.659Z [info]: GET /api/v1/parties/suppliers/6abd8a306c848de4578fa1ff/ledger?page=1&limit=5 200 240ms
2026-10-02T19:21:00.278Z [info]: GET /api/v1/catalog/products?page=1&limit=10 304 408ms
2026-10-02T19:21:57.234Z [info]: GET /api/v1/catalog/products/6ab9a0b5a375d4ed69e1e1cb 304 163ms
2026-10-02T19:25:54.871Z [info]: GET /api/v1/parties/suppliers?search=&page=1&limit=8 304 334ms
2026-10-02T19:25:55.217Z [info]: GET /api/v1/parties/suppliers?search=&page=1&limit=8 304 345ms
2026-10-02T19:25:55.925Z [info]: GET /api/v1/parties/suppliers/6abd8a336c848de4578fa220 200 403ms
2026-10-02T19:25:56.206Z [info]: GET /api/v1/parties/suppliers/6abd8a336c848de4578fa220/outstanding 200 242ms
2026-10-02T19:25:56.526Z [info]: GET /api/v1/parties/suppliers/6abd8a336c848de4578fa220/purchases?page=1&limit=5 200 290ms
2026-10-02T19:25:56.794Z [info]: GET /api/v1/parties/suppliers/6abd8a336c848de4578fa220/payments 200 245ms
2026-10-02T19:25:57.071Z [info]: GET /api/v1/parties/suppliers/6abd8a336c848de4578fa220/ledger?page=1&limit=5 200 240ms
2026-10-02T19:26:42.738Z [info]: GET /api/v1/parties/suppliers?search=&page=1&limit=8 304 323ms
2026-10-02T19:26:43.067Z [info]: GET /api/v1/parties/suppliers?search=&page=1&limit=8 304 327ms
2026-10-02T19:26:44.257Z [info]: GET /api/v1/parties/suppliers?search=ds&page=1&limit=8 200 407ms
2026-10-02T19:26:44.323Z [info]: GET /api/v1/parties/suppliers?search=d&page=1&limit=8 200 577ms
2026-10-02T19:26:44.384Z [info]: GET /api/v1/parties/suppliers?search=ds+&page=1&limit=8 200 242ms
2026-10-02T19:26:45.282Z [info]: GET /api/v1/parties/suppliers?search=ds&page=1&limit=8 304 255ms
2026-10-02T19:26:45.472Z [info]: GET /api/v1/parties/suppliers?search=d&page=1&limit=8 304 318ms
2026-10-02T19:26:45.601Z [info]: GET /api/v1/parties/suppliers?search=d+&page=1&limit=8 200 310ms
2026-10-02T19:26:45.783Z [info]: GET /api/v1/parties/suppliers?search=d+s&page=1&limit=8 200 266ms
2026-10-02T19:26:46.062Z [info]: GET /api/v1/parties/suppliers?search=d+s+&page=1&limit=8 200 277ms
2026-10-02T19:26:47.141Z [info]: GET /api/v1/parties/suppliers?search=d+s&page=1&limit=8 304 247ms
2026-10-02T19:26:47.379Z [info]: GET /api/v1/parties/suppliers?search=d+&page=1&limit=8 304 320ms
2026-10-02T19:26:48.669Z [info]: GET /api/v1/parties/suppliers?search=d+s&page=1&limit=8 304 246ms
2026-10-02T19:26:49.527Z [info]: GET /api/v1/parties/suppliers?search=d+&page=1&limit=8 304 323ms
2026-10-02T19:26:49.933Z [info]: GET /api/v1/parties/suppliers?search=d&page=1&limit=8 304 339ms
2026-10-02T19:26:50.514Z [info]: GET /api/v1/parties/suppliers?search=ds&page=1&limit=8 304 263ms
2026-10-02T19:26:51.477Z [info]: GET /api/v1/parties/suppliers?search=d&page=1&limit=8 304 329ms
2026-10-02T19:26:51.655Z [info]: GET /api/v1/parties/suppliers?search=d+&page=1&limit=8 304 317ms
2026-10-02T19:26:51.933Z [info]: GET /api/v1/parties/suppliers?search=d+s&page=1&limit=8 304 240ms
2026-10-02T19:26:52.051Z [info]: GET /api/v1/parties/suppliers?search=d+s+&page=1&limit=8 304 252ms
2026-10-02T19:26:52.559Z [info]: GET /api/v1/parties/suppliers?search=d+s&page=1&limit=8 304 243ms
2026-10-02T19:26:52.786Z [info]: GET /api/v1/parties/suppliers?search=d+&page=1&limit=8 304 316ms
2026-10-02T19:26:52.966Z [info]: GET /api/v1/parties/suppliers?search=d&page=1&limit=8 304 348ms
2026-10-02T19:26:53.090Z [info]: GET /api/v1/parties/suppliers?search=&page=1&limit=8 304 312ms
2026-10-02T19:27:00.397Z [info]: GET /api/v1/parties/suppliers?search=d&page=1&limit=8 304 310ms
2026-10-02T19:27:00.520Z [info]: GET /api/v1/parties/suppliers?search=da&page=1&limit=8 200 301ms
2026-10-02T19:27:01.010Z [info]: GET /api/v1/parties/suppliers?search=dad&page=1&limit=8 200 249ms
2026-10-02T19:27:01.107Z [info]: GET /api/v1/parties/suppliers?search=dada&page=1&limit=8 200 245ms
2026-10-02T19:27:02.054Z [info]: GET /api/v1/parties/suppliers?search=dadak&page=1&limit=8 200 265ms
2026-10-02T19:27:02.226Z [info]: GET /api/v1/parties/suppliers?search=dadaki&page=1&limit=8 200 267ms
2026-10-02T19:27:02.315Z [info]: GET /api/v1/parties/suppliers?search=dadaki+&page=1&limit=8 200 251ms
2026-10-02T19:27:02.693Z [info]: GET /api/v1/parties/suppliers?search=dadaki&page=1&limit=8 304 254ms
2026-10-02T19:27:02.829Z [info]: GET /api/v1/parties/suppliers?search=dadak&page=1&limit=8 304 242ms
2026-10-02T19:27:02.982Z [info]: GET /api/v1/parties/suppliers?search=dada&page=1&limit=8 304 265ms
2026-10-02T19:27:04.085Z [info]: GET /api/v1/parties/suppliers?search=dadaj&page=1&limit=8 200 537ms
2026-10-02T19:27:04.406Z [info]: GET /api/v1/parties/suppliers?search=dadaji&page=1&limit=8 200 766ms
2026-10-02T19:27:04.644Z [info]: GET /api/v1/parties/suppliers?search=dadaj&page=1&limit=8 304 243ms
2026-10-02T19:27:05.156Z [info]: GET /api/v1/parties/suppliers?search=dada&page=1&limit=8 304 258ms
2026-10-02T19:27:05.239Z [info]: GET /api/v1/parties/suppliers?search=dad&page=1&limit=8 304 268ms
2026-10-02T19:27:05.356Z [info]: GET /api/v1/parties/suppliers?search=da&page=1&limit=8 304 297ms
2026-10-02T19:27:05.461Z [info]: GET /api/v1/parties/suppliers?search=d&page=1&limit=8 304 320ms
2026-10-02T19:27:05.567Z [info]: GET /api/v1/parties/suppliers?search=&page=1&limit=8 304 337ms
2026-10-02T19:27:44.120Z [info]: GET /api/v1/parties/suppliers?search=dr&page=1&limit=8 200 642ms
2026-10-02T19:27:44.144Z [info]: GET /api/v1/parties/suppliers?search=d&page=1&limit=8 304 894ms
2026-10-02T19:27:48.363Z [info]: GET /api/v1/parties/suppliers?search=dr+&page=1&limit=8 200 441ms
2026-10-02T19:27:48.528Z [info]: GET /api/v1/parties/suppliers?search=dr+m&page=1&limit=8 200 257ms
2026-10-02T19:27:49.481Z [info]: GET /api/v1/parties/suppliers?search=dr+&page=1&limit=8 304 325ms
2026-10-02T19:27:49.650Z [info]: GET /api/v1/parties/suppliers?search=dr&page=1&limit=8 304 366ms
2026-10-02T19:27:49.861Z [info]: GET /api/v1/parties/suppliers?search=d&page=1&limit=8 304 426ms
2026-10-02T19:27:49.983Z [info]: GET /api/v1/parties/suppliers?search=&page=1&limit=8 304 389ms
2026-10-02T19:27:50.521Z [info]: GET /api/v1/parties/suppliers?search=m&page=1&limit=8 200 371ms
2026-10-02T19:27:50.655Z [info]: GET /api/v1/parties/suppliers?search=mu&page=1&limit=8 200 266ms
2026-10-02T19:27:50.930Z [info]: GET /api/v1/parties/suppliers?search=muk&page=1&limit=8 200 274ms
2026-10-02T19:27:51.030Z [info]: GET /api/v1/parties/suppliers?search=muke&page=1&limit=8 200 269ms
2026-10-02T19:27:51.810Z [info]: GET /api/v1/parties/suppliers?search=muk&page=1&limit=8 304 287ms
2026-10-02T19:27:51.908Z [info]: GET /api/v1/parties/suppliers?search=mu&page=1&limit=8 304 253ms
2026-10-02T19:27:52.416Z [info]: GET /api/v1/parties/suppliers?search=m&page=1&limit=8 304 616ms
2026-10-02T19:27:52.895Z [info]: GET /api/v1/parties/suppliers?search=&page=1&limit=8 304 944ms
2026-10-02T19:27:53.156Z [info]: GET /api/v1/parties/suppliers?search=j&page=1&limit=8 200 490ms
2026-10-02T19:27:53.170Z [info]: GET /api/v1/parties/suppliers?search=ji&page=1&limit=8 200 436ms
2026-10-02T19:27:56.961Z [info]: GET /api/v1/parties/suppliers?search=j&page=1&limit=8 304 314ms
2026-10-02T19:27:57.125Z [info]: GET /api/v1/parties/suppliers?search=&page=1&limit=8 304 338ms
2026-10-02T19:28:12.099Z [info]: GET /api/v1/parties/suppliers?search=l&page=1&limit=8 200 340ms
2026-10-02T19:28:12.550Z [info]: GET /api/v1/parties/suppliers?search=li&page=1&limit=8 200 675ms
2026-10-02T19:28:12.591Z [info]: GET /api/v1/parties/suppliers?search=lif&page=1&limit=8 200 441ms
2026-10-02T19:28:12.681Z [info]: GET /api/v1/parties/suppliers?search=life&page=1&limit=8 200 418ms
2026-10-02T19:35:00.517Z [info]: POST /api/v1/core/auth/logout 200 49ms
2026-10-02T19:35:10.046Z [info]: POST /api/v1/core/auth/login 200 533ms
2026-10-02T19:35:10.242Z [info]: GET /api/v1/organization/workspaces 200 168ms
2026-10-02T19:35:10.379Z [info]: GET /api/v1/organization/workspaces 304 132ms
2026-10-02T19:35:10.431Z [info]: GET /api/v1/core/users/me/active-context 200 170ms
2026-10-02T19:35:10.755Z [info]: GET /api/v1/organization/companies 200 314ms
2026-10-02T19:35:10.917Z [info]: GET /api/v1/organization/workspaces/6ab7908359542e683e0e0b2f/setup-status 200 122ms
2026-10-02T19:35:11.036Z [info]: GET /api/v1/organization/workspaces/6ab7908359542e683e0e0b2f/setup-status 304 118ms
2026-10-02T19:35:11.169Z [info]: GET /api/v1/organization/workspaces/6ab7908359542e683e0e0b2f/setup-status 304 132ms
2026-10-02T19:35:11.261Z [info]: GET /api/v1/organization/branches 200 464ms
2026-10-02T19:35:11.322Z [info]: GET /api/v1/dashboard/overview 200 361ms
2026-10-02T19:35:11.323Z [info]: GET /api/v1/organization/workspaces/6ab7908359542e683e0e0b2f/setup-status 304 153ms
2026-10-02T19:35:11.460Z [info]: GET /api/v1/organization/workspaces/6ab7908359542e683e0e0b2f/setup-status 304 135ms
2026-10-02T19:35:11.462Z [info]: GET /api/v1/catalog/products?limit=10&page=1 200 197ms
2026-10-02T19:35:11.590Z [info]: GET /api/v1/organization/workspaces/6ab7908359542e683e0e0b2f/setup-status 304 127ms
2026-10-02T19:35:11.634Z [info]: GET /api/v1/core/access-control/member-access/me 200 340ms
2026-10-02T19:35:11.664Z [info]: GET /api/v1/dashboard/overview 304 340ms
2026-10-02T19:35:11.714Z [info]: GET /api/v1/organization/workspaces/6ab7908359542e683e0e0b2f/setup-status 304 124ms
2026-10-02T19:35:11.760Z [info]: GET /api/v1/catalog/products?limit=10&page=1 304 161ms
2026-10-02T19:35:11.845Z [info]: GET /api/v1/organization/workspaces/6ab7908359542e683e0e0b2f/setup-status 304 131ms
2026-10-02T19:35:11.983Z [info]: GET /api/v1/organization/workspaces/6ab7908359542e683e0e0b2f/setup-status 304 137ms
2026-10-02T19:35:12.002Z [info]: GET /api/v1/dashboard/overview 200 337ms
2026-10-02T19:35:12.109Z [info]: GET /api/v1/organization/workspaces/6ab7908359542e683e0e0b2f/setup-status 304 125ms
2026-10-02T19:35:12.229Z [info]: GET /api/v1/organization/workspaces/6ab7908359542e683e0e0b2f/setup-status 304 119ms
2026-10-02T19:35:12.329Z [info]: GET /api/v1/dashboard/overview 304 326ms
2026-10-02T19:35:12.357Z [info]: GET /api/v1/organization/workspaces/6ab7908359542e683e0e0b2f/setup-status 304 127ms
2026-10-02T19:35:12.482Z [info]: GET /api/v1/organization/workspaces/6ab7908359542e683e0e0b2f/setup-status 304 124ms
2026-10-02T19:35:12.603Z [info]: GET /api/v1/organization/workspaces/6ab7908359542e683e0e0b2f/setup-status 304 121ms
2026-10-02T19:35:12.727Z [info]: GET /api/v1/organization/workspaces/6ab7908359542e683e0e0b2f/setup-status 304 123ms
2026-10-02T19:35:13.200Z [info]: GET /api/v1/organization/workspaces/6ab7908359542e683e0e0b2f/setup-status 304 472ms
2026-10-02T19:35:30.212Z [info]: PATCH /api/v1/core/users/me/active-context 200 274ms
2026-10-02T19:35:30.238Z [info]: GET /api/v1/dashboard/overview 200 298ms
2026-10-02T19:35:30.368Z [info]: GET /api/v1/organization/branches 200 428ms
2026-10-02T19:35:30.421Z [info]: GET /api/v1/catalog/products?limit=10&page=1 304 186ms
2026-10-02T19:35:30.547Z [info]: GET /api/v1/dashboard/overview 304 308ms
2026-10-02T19:36:10.587Z [info]: PATCH /api/v1/core/users/me/active-context 200 483ms
2026-10-02T19:36:10.749Z [info]: GET /api/v1/catalog/products?limit=10&page=1 304 348ms
2026-10-02T19:36:10.750Z [info]: GET /api/v1/dashboard/overview 200 644ms
2026-10-02T19:36:10.870Z [info]: GET /api/v1/organization/branches 200 765ms
2026-10-02T19:36:11.760Z [info]: GET /api/v1/dashboard/overview 304 1009ms
2026-10-02T19:36:16.702Z [info]: PATCH /api/v1/core/users/me/active-context 200 249ms
2026-10-02T19:36:16.759Z [info]: GET /api/v1/dashboard/overview 200 304ms
2026-10-02T19:36:16.895Z [info]: GET /api/v1/organization/branches 200 440ms
2026-10-02T19:36:16.914Z [info]: GET /api/v1/catalog/products?limit=10&page=1 304 161ms
2026-10-02T19:36:17.042Z [info]: GET /api/v1/dashboard/overview 304 282ms
2026-10-02T19:36:18.441Z [info]: GET /api/v1/dashboard/overview 304 295ms
2026-10-02T19:36:18.476Z [info]: PATCH /api/v1/core/users/me/active-context 200 331ms
2026-10-02T19:36:18.607Z [info]: GET /api/v1/catalog/products?limit=10&page=1 304 162ms
2026-10-02T19:36:18.733Z [info]: GET /api/v1/dashboard/overview 304 291ms
2026-10-02T19:36:20.365Z [info]: POST /api/v1/catalog/products/workspace-product/batches/query 200 212ms
2026-10-02T19:36:20.367Z [info]: POST /api/v1/catalog/products/workspace-product/batches/query 200 215ms
2026-10-02T19:36:20.600Z [info]: GET /api/v1/organization/branches 304 446ms
2026-10-02T19:36:21.012Z [info]: GET /api/v1/organization/branches 304 410ms
2026-10-02T19:36:33.253Z [info]: POST /api/v1/catalog/products/workspace-product/batches/query 200 206ms
2026-10-02T19:36:33.255Z [info]: POST /api/v1/catalog/products/workspace-product/batches/query 200 210ms
2026-10-02T19:36:33.497Z [info]: GET /api/v1/organization/branches 304 448ms
2026-10-02T19:36:34.647Z [info]: GET /api/v1/organization/branches 304 1149ms
2026-10-02T19:36:48.744Z [info]: POST /api/v1/catalog/products/workspace-product/batches/query 200 257ms
2026-10-02T19:36:58.244Z [info]: POST /api/v1/catalog/products/workspace-product/batches/query 200 552ms
2026-10-02T19:36:58.272Z [info]: POST /api/v1/catalog/products/workspace-product/batches/query 200 578ms
2026-10-02T19:36:58.515Z [info]: GET /api/v1/organization/branches 304 820ms
2026-10-02T19:36:58.932Z [info]: GET /api/v1/organization/branches 304 417ms
2026-10-02T19:37:04.590Z [info]: POST /api/v1/catalog/products/workspace-product/batches/query 200 299ms
2026-10-02T19:37:04.591Z [info]: POST /api/v1/catalog/products/workspace-product/batches/query 200 301ms
2026-10-02T19:37:05.515Z [info]: GET /api/v1/organization/branches 304 1223ms
2026-10-02T19:37:05.937Z [info]: GET /api/v1/organization/branches 304 421ms
2026-10-02T19:37:19.834Z [error]: GET /api/v1/operations/shifts/open?branchId=6ac007a012b02c6b8eb725b4 - No open shift found
2026-10-02T19:37:19.835Z [info]: GET /api/v1/operations/shifts/open?branchId=6ac007a012b02c6b8eb725b4 404 869ms
2026-10-02T19:37:26.322Z [info]: POST /api/v1/catalog/products/workspace-product/batches/query 200 227ms
2026-10-02T19:37:26.325Z [info]: POST /api/v1/catalog/products/workspace-product/batches/query 200 231ms
2026-10-02T19:37:26.542Z [info]: GET /api/v1/organization/branches 304 445ms
2026-10-02T19:37:26.958Z [info]: GET /api/v1/organization/branches 304 412ms
2026-10-02T19:37:39.712Z [info]: GET /api/v1/catalog/products?page=1&limit=10 200 170ms
2026-10-02T19:38:12.052Z [info]: POST /api/v1/core/auth/logout 200 50ms
2026-10-02T19:38:18.682Z [info]: POST /api/v1/core/auth/login 200 314ms
2026-10-02T19:38:18.828Z [info]: GET /api/v1/organization/workspaces 200 121ms
2026-10-02T19:38:18.956Z [info]: GET /api/v1/organization/workspaces 304 126ms
2026-10-02T19:38:19.003Z [info]: GET /api/v1/core/users/me/active-context 200 161ms
2026-10-02T19:38:19.306Z [info]: GET /api/v1/organization/companies 200 294ms
2026-10-02T19:38:19.477Z [info]: GET /api/v1/organization/workspaces/6ab77b681fba63d384f9542d/setup-status 304 122ms
2026-10-02T19:38:19.603Z [info]: GET /api/v1/organization/workspaces/6ab77b681fba63d384f9542d/setup-status 304 125ms
2026-10-02T19:38:19.724Z [info]: GET /api/v1/organization/workspaces/6ab77b681fba63d384f9542d/setup-status 304 120ms
2026-10-02T19:38:19.858Z [info]: GET /api/v1/organization/branches 200 540ms
2026-10-02T19:38:19.909Z [info]: GET /api/v1/organization/workspaces/6ab77b681fba63d384f9542d/setup-status 304 184ms
2026-10-02T19:38:20.206Z [info]: GET /api/v1/organization/workspaces/6ab77b681fba63d384f9542d/setup-status 304 296ms
2026-10-02T19:38:20.278Z [info]: GET /api/v1/catalog/products?limit=10&page=1 200 471ms
2026-10-02T19:38:20.330Z [info]: GET /api/v1/organization/workspaces/6ab77b681fba63d384f9542d/setup-status 304 123ms
2026-10-02T19:38:20.410Z [info]: GET /api/v1/core/access-control/member-access/me 200 518ms
2026-10-02T19:38:20.453Z [info]: GET /api/v1/organization/workspaces/6ab77b681fba63d384f9542d/setup-status 304 121ms
2026-10-02T19:38:20.500Z [info]: GET /api/v1/catalog/products?limit=10&page=1 304 220ms
2026-10-02T19:38:20.596Z [info]: GET /api/v1/organization/workspaces/6ab77b681fba63d384f9542d/setup-status 304 142ms
2026-10-02T19:38:20.719Z [info]: GET /api/v1/organization/workspaces/6ab77b681fba63d384f9542d/setup-status 304 122ms
2026-10-02T19:38:20.848Z [info]: GET /api/v1/organization/workspaces/6ab77b681fba63d384f9542d/setup-status 304 127ms
2026-10-02T19:38:20.972Z [info]: GET /api/v1/organization/workspaces/6ab77b681fba63d384f9542d/setup-status 304 123ms
2026-10-02T19:38:21.098Z [info]: GET /api/v1/organization/workspaces/6ab77b681fba63d384f9542d/setup-status 304 125ms
2026-10-02T19:38:21.231Z [info]: GET /api/v1/organization/workspaces/6ab77b681fba63d384f9542d/setup-status 304 133ms
2026-10-02T19:38:21.361Z [info]: GET /api/v1/organization/workspaces/6ab77b681fba63d384f9542d/setup-status 304 129ms
2026-10-02T19:38:25.577Z [info]: GET /api/v1/dashboard/overview 200 6075ms
2026-10-02T19:38:28.067Z [info]: GET /api/v1/catalog/purchase-bills?page=1&limit=5 304 585ms
2026-10-02T19:38:29.605Z [info]: GET /api/v1/parties/suppliers?limit=10 304 594ms
2026-10-02T19:38:31.008Z [info]: GET /api/v1/dashboard/overview 304 5428ms
2026-10-02T19:38:37.875Z [info]: GET /api/v1/dashboard/overview 200 6866ms
2026-10-02T19:38:39.205Z [info]: GET /api/v1/parties/suppliers?search=basa&limit=10 200 377ms
2026-10-02T19:38:41.841Z [info]: GET /api/v1/parties/suppliers?search=basant+medical+stores+++++++++indore&limit=10 200 338ms
2026-10-02T19:38:43.965Z [info]: GET /api/v1/catalog/products?search=9926063732&limit=15 200 224ms
2026-10-02T19:38:44.877Z [info]: GET /api/v1/dashboard/overview 304 7000ms
2026-10-02T19:38:45.839Z [info]: GET /api/v1/catalog/products?search=test&limit=15 200 196ms
2026-10-02T19:38:46.945Z [info]: GET /api/v1/catalog/products/6ab9a0b5a375d4ed69e1e0a8 200 188ms
2026-10-02T19:38:47.325Z [info]: POST /api/v1/catalog/products/workspace-product/batches/query 200 260ms
2026-10-02T19:39:11.274Z [info]: GET /api/v1/catalog/purchase-bills/purchase-history/6ab9a0b5a375d4ed69e1e0a8?page=1&limit=5 200 362ms
2026-10-02T19:39:25.886Z [info]: POST /api/v1/catalog/purchase-bills 201 542ms
2026-10-02T19:39:28.621Z [info]: GET /api/v1/catalog/purchase-bills?page=1&limit=5 200 290ms
2026-10-02T19:39:29.618Z [info]: POST /api/v1/catalog/products/workspace-product/batches/query 200 257ms
2026-10-02T19:39:29.619Z [info]: POST /api/v1/catalog/products/workspace-product/batches/query 200 256ms
2026-10-02T19:39:29.789Z [info]: GET /api/v1/organization/branches 304 423ms
2026-10-02T19:39:30.227Z [info]: GET /api/v1/organization/branches 304 437ms
2026-10-02T19:39:32.113Z [info]: POST /api/v1/catalog/products/workspace-product/batches/query 200 638ms
2026-10-02T19:39:32.164Z [info]: POST /api/v1/catalog/products/workspace-product/batches/query 200 751ms
2026-10-02T19:39:32.487Z [info]: POST /api/v1/catalog/products/workspace-product/batches/query 200 672ms
2026-10-02T19:39:32.635Z [info]: POST /api/v1/catalog/products/workspace-product/batches/query 200 426ms
2026-10-02T19:39:46.148Z [info]: POST /api/v1/catalog/purchase-bills/6ac0086dce6d539c138620a4/ingest 200 1174ms
2026-10-02T19:39:46.438Z [info]: GET /api/v1/catalog/purchase-bills?page=1&limit=5 200 286ms
2026-10-02T19:39:47.857Z [info]: POST /api/v1/catalog/products/workspace-product/batches/query 200 277ms
2026-10-02T19:39:47.907Z [info]: POST /api/v1/catalog/products/workspace-product/batches/query 200 329ms
2026-10-02T19:39:48.023Z [info]: GET /api/v1/organization/branches 304 442ms
2026-10-02T19:39:48.442Z [info]: GET /api/v1/organization/branches 304 418ms
2026-10-02T19:39:50.870Z [info]: POST /api/v1/catalog/products/workspace-product/batches/query 200 596ms
2026-10-02T19:39:50.937Z [info]: POST /api/v1/catalog/products/workspace-product/batches/query 200 440ms
2026-10-02T19:39:51.420Z [info]: POST /api/v1/catalog/products/workspace-product/batches/query 200 304ms
2026-10-02T19:39:51.638Z [info]: POST /api/v1/catalog/products/workspace-product/batches/query 200 314ms
2026-10-02T19:39:56.827Z [info]: GET /api/v1/operations/shifts/open?branchId=6ab783571fba63d384f9545b 304 234ms
2026-10-02T19:40:00.488Z [info]: GET /api/v1/catalog/products?search=tes&limit=15 200 260ms
2026-10-02T19:40:01.213Z [info]: GET /api/v1/catalog/products?search=test&limit=15 200 642ms
2026-10-02T19:40:01.954Z [info]: GET /api/v1/catalog/products/6ab9a0b5a375d4ed69e1e0a8 200 169ms
2026-10-02T19:40:02.228Z [info]: POST /api/v1/catalog/products/workspace-product/batches/query 200 261ms
2026-10-02T19:40:28.989Z [info]: GET /api/v1/parties/customers?status=active&customerType=retail,wholesale&limit=100 200 293ms
2026-10-02T19:40:29.236Z [info]: GET /api/v1/parties/customers?customerType=retail,wholesale&limit=10 200 289ms
2026-10-02T19:40:34.218Z [info]: GET /api/v1/catalog/products?limit=10&page=1 304 509ms
2026-10-02T19:40:36.744Z [info]: GET /api/v1/catalog/products?page=1&limit=10 200 260ms
2026-10-02T19:40:38.709Z [info]: GET /api/v1/dashboard/overview 200 5301ms
2026-10-02T19:40:41.221Z [info]: GET /api/v1/dashboard/overview 304 2510ms
2026-10-02T19:40:48.157Z [info]: 📦 MongoDB connected: ac-an0wlmj-shard-00-01.tqgbpyi.mongodb.net
2026-10-02T19:40:48.158Z [info]: 📦 MongoDB connected: ac-an0wlmj-shard-00-01.tqgbpyi.mongodb.net
2026-10-02T19:40:48.162Z [info]: 🚀 Server running on http://localhost:5001
2026-10-02T19:41:24.950Z [info]: 📦 MongoDB connected: ac-an0wlmj-shard-00-00.tqgbpyi.mongodb.net
2026-10-02T19:41:24.952Z [info]: 📦 MongoDB connected: ac-an0wlmj-shard-00-00.tqgbpyi.mongodb.net
2026-10-02T19:41:24.956Z [info]: 🚀 Server running on http://localhost:5001
2026-10-02T19:44:59.141Z [info]: GET /api/v1/parties/suppliers?search=&page=1&limit=8 304 338ms
2026-10-02T19:44:59.465Z [info]: GET /api/v1/parties/suppliers?search=&page=1&limit=8 304 322ms
2026-10-02T19:45:00.561Z [info]: GET /api/v1/parties/suppliers?search=f&page=1&limit=8 200 321ms
2026-10-02T19:45:00.625Z [info]: GET /api/v1/parties/suppliers?search=fl&page=1&limit=8 200 305ms
2026-10-02T19:45:01.393Z [info]: GET /api/v1/parties/suppliers?search=fly&page=1&limit=8 200 456ms
2026-10-02T19:47:56.366Z [info]: 📦 MongoDB connected: ac-an0wlmj-shard-00-00.tqgbpyi.mongodb.net
2026-10-02T19:47:56.372Z [info]: 🚀 Server running on http://localhost:5001
2026-10-02T19:47:56.391Z [info]: 📦 MongoDB connected: ac-an0wlmj-shard-00-00.tqgbpyi.mongodb.net
2026-10-02T19:48:11.491Z [info]: 📦 MongoDB connected: ac-an0wlmj-shard-00-01.tqgbpyi.mongodb.net
2026-10-02T19:48:11.496Z [info]: 🚀 Server running on http://localhost:5001
2026-10-02T19:48:11.510Z [info]: 📦 MongoDB connected: ac-an0wlmj-shard-00-01.tqgbpyi.mongodb.net
2026-10-02T19:48:49.391Z [info]: SIGTERM received. Closing server...
2026-10-02T19:48:50.529Z [info]: 📦 MongoDB connected: ac-an0wlmj-shard-00-01.tqgbpyi.mongodb.net
2026-10-02T19:48:50.533Z [info]: 🚀 Server running on http://localhost:5001
2026-10-02T19:49:43.136Z [info]: GET /api/v1/transfer-orders?page=1&limit=10&status=&sourceBranchId=&destinationBranchId= 304 281ms
2026-10-02T19:49:43.294Z [info]: GET /api/v1/organization/branches 304 446ms
2026-10-02T19:49:43.389Z [info]: GET /api/v1/transfer-orders?page=1&limit=10&status=&sourceBranchId=&destinationBranchId= 304 252ms
2026-10-02T19:49:43.646Z [info]: GET /api/v1/catalog/products?page=1&limit=10 304 188ms
2026-10-02T19:49:44.171Z [info]: GET /api/v1/organization/branches 304 875ms
2026-10-02T19:49:47.851Z [info]: GET /api/v1/catalog/products?page=1&limit=10 304 231ms
2026-10-02T19:50:10.017Z [info]: SIGTERM received. Closing server...
2026-10-02T19:50:20.444Z [info]: 📦 MongoDB connected: ac-an0wlmj-shard-00-00.tqgbpyi.mongodb.net
2026-10-02T19:50:20.447Z [info]: 🚀 Server running on http://localhost:5001
2026-10-02T19:50:25.360Z [info]: GET /api/v1/catalog/products?page=1&limit=10 304 313ms
2026-10-02T19:50:35.124Z [info]: POST /api/v1/catalog/products/detect 200 1281ms
2026-10-02T19:50:51.630Z [info]: POST /api/v1/catalog/products/import 200 8532ms
2026-10-02T19:50:58.715Z [info]: GET /api/v1/catalog/products/6ab9a0b5a375d4ed69e1e1cb 304 410ms
2026-10-02T19:51:07.231Z [info]: GET /api/v1/catalog/products?page=1&limit=10 304 242ms
2026-10-02T19:51:12.862Z [info]: GET /api/v1/catalog/products?page=1&limit=10&search=1 200 190ms
2026-10-02T19:51:13.203Z [info]: GET /api/v1/catalog/products?page=1&limit=10&search=1a 200 170ms
2026-10-02T19:51:13.297Z [info]: GET /api/v1/catalog/products?page=1&limit=10&search=1al 200 162ms
2026-10-02T19:51:17.482Z [info]: GET /api/v1/catalog/products/6ab9a0b5a375d4ed69e1d7e4 200 184ms
2026-10-02T19:52:36.487Z [info]: 📦 MongoDB connected: ac-an0wlmj-shard-00-01.tqgbpyi.mongodb.net
2026-10-02T19:52:36.491Z [info]: 🚀 Server running on http://localhost:5001
2026-10-02T19:52:36.506Z [info]: 📦 MongoDB connected: ac-an0wlmj-shard-00-01.tqgbpyi.mongodb.net
2026-10-02T19:53:50.389Z [info]: 📦 MongoDB connected: ac-an0wlmj-shard-00-00.tqgbpyi.mongodb.net
2026-10-02T19:53:50.392Z [info]: 🚀 Server running on http://localhost:5001
2026-10-02T19:53:50.396Z [info]: 📦 MongoDB connected: ac-an0wlmj-shard-00-00.tqgbpyi.mongodb.net
2026-10-02T19:53:57.093Z [info]: SIGTERM received. Closing server...
2026-10-02T19:53:58.588Z [info]: 📦 MongoDB connected: ac-an0wlmj-shard-00-02.tqgbpyi.mongodb.net
2026-10-02T19:53:58.594Z [info]: 🚀 Server running on http://localhost:5001
2026-10-02T19:54:27.280Z [info]: 📦 MongoDB connected: ac-an0wlmj-shard-00-01.tqgbpyi.mongodb.net
2026-10-02T19:54:45.232Z [info]: SIGTERM received. Closing server...
2026-10-02T19:55:30.403Z [info]: 📦 MongoDB connected: ac-an0wlmj-shard-00-00.tqgbpyi.mongodb.net
2026-10-02T19:55:30.409Z [info]: 🚀 Server running on http://localhost:5001
2026-10-02T19:55:49.346Z [info]: GET /api/v1/organization/workspaces 304 141ms
2026-10-02T19:55:49.468Z [info]: GET /api/v1/organization/workspaces 304 122ms
2026-10-02T19:55:49.527Z [info]: GET /api/v1/core/users/me/active-context 304 159ms
2026-10-02T19:55:49.841Z [info]: GET /api/v1/organization/companies 304 305ms
2026-10-02T19:55:50.044Z [info]: GET /api/v1/organization/workspaces/6ab77b681fba63d384f9542d/setup-status 304 114ms
2026-10-02T19:55:50.160Z [info]: GET /api/v1/organization/workspaces/6ab77b681fba63d384f9542d/setup-status 304 115ms
2026-10-02T19:55:50.279Z [info]: GET /api/v1/organization/workspaces/6ab77b681fba63d384f9542d/setup-status 304 117ms
2026-10-02T19:55:50.282Z [info]: GET /api/v1/catalog/products/6ab9a0b5a375d4ed69e1d7e4 304 162ms
2026-10-02T19:55:50.290Z [info]: GET /api/v1/organization/branches 304 432ms
2026-10-02T19:55:50.411Z [info]: GET /api/v1/organization/workspaces/6ab77b681fba63d384f9542d/setup-status 304 132ms
2026-10-02T19:55:50.531Z [info]: GET /api/v1/organization/workspaces/6ab77b681fba63d384f9542d/setup-status 304 119ms
2026-10-02T19:55:50.576Z [info]: GET /api/v1/catalog/products/6ab9a0b5a375d4ed69e1d7e4 304 156ms
2026-10-02T19:55:50.650Z [info]: GET /api/v1/organization/workspaces/6ab77b681fba63d384f9542d/setup-status 304 118ms
2026-10-02T19:55:50.766Z [info]: GET /api/v1/organization/workspaces/6ab77b681fba63d384f9542d/setup-status 304 116ms
2026-10-02T19:55:50.884Z [info]: GET /api/v1/organization/workspaces/6ab77b681fba63d384f9542d/setup-status 304 117ms
2026-10-02T19:55:51.003Z [info]: GET /api/v1/organization/workspaces/6ab77b681fba63d384f9542d/setup-status 304 118ms
2026-10-02T19:55:51.023Z [info]: GET /api/v1/core/access-control/member-access/me 304 603ms
2026-10-02T19:55:51.131Z [info]: GET /api/v1/organization/workspaces/6ab77b681fba63d384f9542d/setup-status 304 127ms
2026-10-02T19:55:51.246Z [info]: GET /api/v1/organization/workspaces/6ab77b681fba63d384f9542d/setup-status 304 114ms
2026-10-02T19:55:51.367Z [info]: GET /api/v1/organization/workspaces/6ab77b681fba63d384f9542d/setup-status 304 120ms
2026-10-02T19:55:51.494Z [info]: GET /api/v1/organization/workspaces/6ab77b681fba63d384f9542d/setup-status 304 126ms
2026-10-02T19:55:51.611Z [info]: GET /api/v1/organization/workspaces/6ab77b681fba63d384f9542d/setup-status 304 116ms
2026-10-02T19:56:39.694Z [info]: GET /api/v1/catalog/products?page=1&limit=10 304 219ms
2026-10-02T19:56:41.132Z [info]: GET /api/v1/catalog/products?page=1&limit=10&search=t 200 186ms
2026-10-02T19:56:41.204Z [info]: GET /api/v1/catalog/products?page=1&limit=10&search=te 200 170ms
2026-10-02T19:56:41.295Z [info]: GET /api/v1/catalog/products?page=1&limit=10&search=tes 200 175ms
2026-10-02T19:56:41.658Z [info]: GET /api/v1/catalog/products?page=1&limit=10&search=test 200 169ms
2026-10-02T19:56:47.742Z [info]: GET /api/v1/catalog/products/6ab9a0b5a375d4ed69e1e0a8 304 173ms
2026-10-02T19:57:34.259Z [info]: GET /api/v1/transfer-orders?page=1&limit=10&status=&sourceBranchId=&destinationBranchId= 304 669ms
2026-10-02T19:57:34.420Z [info]: GET /api/v1/organization/branches 304 833ms
2026-10-02T19:57:34.530Z [info]: GET /api/v1/transfer-orders?page=1&limit=10&status=&sourceBranchId=&destinationBranchId= 304 269ms
2026-10-02T19:57:34.574Z [info]: GET /api/v1/catalog/products?page=1&limit=10 304 197ms
2026-10-02T19:57:35.105Z [info]: GET /api/v1/organization/branches 304 684ms
2026-10-02T19:57:40.813Z [info]: POST /api/v1/catalog/products/detect 200 907ms
2026-10-02T19:58:03.218Z [info]: POST /api/v1/catalog/products/import 200 20650ms
2026-10-02T19:58:09.428Z [info]: GET /api/v1/catalog/products?page=1&limit=10 200 280ms
2026-10-02T19:58:13.266Z [info]: GET /api/v1/catalog/products?page=1&limit=10&search=1 200 190ms
2026-10-02T19:58:13.524Z [info]: GET /api/v1/catalog/products?page=1&limit=10&search=1a 200 168ms
2026-10-02T19:58:14.063Z [info]: GET /api/v1/catalog/products?page=1&limit=10&search=1al 200 491ms
2026-10-02T19:58:18.813Z [info]: GET /api/v1/catalog/products/6ab9a0b5a375d4ed69e1d7e4 200 169ms
2026-10-02T19:58:58.197Z [info]: GET /api/v1/catalog/products?page=1&limit=10 304 255ms
2026-10-02T19:58:59.945Z [info]: GET /api/v1/catalog/products?page=1&limit=10&search=4BLUD+SYP+200ML 200 181ms
2026-10-02T19:59:05.037Z [info]: GET /api/v1/catalog/products/6ab9a0b5a375d4ed69e1d7e6 200 308ms
2026-10-02T19:59:30.963Z [info]: GET /api/v1/organization/workspaces 304 174ms
2026-10-02T19:59:31.093Z [info]: GET /api/v1/organization/workspaces 304 130ms
2026-10-02T19:59:31.150Z [info]: GET /api/v1/core/users/me/active-context 304 166ms
2026-10-02T19:59:31.456Z [info]: GET /api/v1/organization/companies 304 297ms
2026-10-02T19:59:31.662Z [info]: GET /api/v1/organization/workspaces/6ab77b681fba63d384f9542d/setup-status 304 118ms
2026-10-02T19:59:31.782Z [info]: GET /api/v1/organization/workspaces/6ab77b681fba63d384f9542d/setup-status 304 120ms
2026-10-02T19:59:31.890Z [info]: GET /api/v1/organization/branches 304 414ms
2026-10-02T19:59:31.892Z [info]: GET /api/v1/catalog/products/6ab9a0b5a375d4ed69e1d7e6 304 163ms
2026-10-02T19:59:31.902Z [info]: GET /api/v1/organization/workspaces/6ab77b681fba63d384f9542d/setup-status 304 119ms
2026-10-02T19:59:32.020Z [info]: GET /api/v1/organization/workspaces/6ab77b681fba63d384f9542d/setup-status 304 117ms
2026-10-02T19:59:32.099Z [info]: GET /api/v1/catalog/products/6ab9a0b5a375d4ed69e1d7e6 304 164ms
2026-10-02T19:59:32.139Z [info]: GET /api/v1/organization/workspaces/6ab77b681fba63d384f9542d/setup-status 304 119ms
2026-10-02T19:59:32.276Z [info]: GET /api/v1/organization/workspaces/6ab77b681fba63d384f9542d/setup-status 304 136ms
2026-10-02T19:59:32.278Z [info]: GET /api/v1/core/access-control/member-access/me 304 342ms
2026-10-02T19:59:32.406Z [info]: GET /api/v1/organization/workspaces/6ab77b681fba63d384f9542d/setup-status 304 130ms
2026-10-02T19:59:32.529Z [info]: GET /api/v1/organization/workspaces/6ab77b681fba63d384f9542d/setup-status 304 122ms
2026-10-02T19:59:32.650Z [info]: GET /api/v1/organization/workspaces/6ab77b681fba63d384f9542d/setup-status 304 120ms
2026-10-02T19:59:32.770Z [info]: GET /api/v1/organization/workspaces/6ab77b681fba63d384f9542d/setup-status 304 119ms
2026-10-02T19:59:32.914Z [info]: GET /api/v1/organization/workspaces/6ab77b681fba63d384f9542d/setup-status 304 143ms
2026-10-02T19:59:33.041Z [info]: GET /api/v1/organization/workspaces/6ab77b681fba63d384f9542d/setup-status 304 126ms
2026-10-02T19:59:33.162Z [info]: GET /api/v1/organization/workspaces/6ab77b681fba63d384f9542d/setup-status 304 120ms
2026-10-02T19:59:33.289Z [info]: GET /api/v1/organization/workspaces/6ab77b681fba63d384f9542d/setup-status 304 127ms
2026-10-02T20:01:44.531Z [info]: GET /api/v1/catalog/products?page=1&limit=10 304 212ms
2026-10-02T20:01:49.579Z [info]: GET /api/v1/catalog/products?page=1&limit=10&search=1 304 344ms
2026-10-02T20:01:49.746Z [info]: GET /api/v1/catalog/products?page=1&limit=10&search=1a 304 178ms
2026-10-02T20:01:49.865Z [info]: GET /api/v1/catalog/products?page=1&limit=10&search=1al 304 181ms
2026-10-02T20:01:53.548Z [info]: GET /api/v1/catalog/products/6ab9a0b5a375d4ed69e1d7e4 304 210ms
2026-10-02T20:02:24.425Z [info]: GET /api/v1/catalog/purchase-bills?page=1&limit=5 304 730ms
2026-10-02T20:02:26.295Z [info]: GET /api/v1/parties/suppliers?limit=10 304 353ms
2026-10-02T20:02:29.329Z [info]: GET /api/v1/catalog/products?search=1&limit=15 200 310ms
2026-10-02T20:02:29.611Z [info]: GET /api/v1/catalog/products?search=1al&limit=15 200 174ms
2026-10-02T20:02:31.065Z [info]: GET /api/v1/catalog/products/6ab9a0b5a375d4ed69e1d7e4 304 181ms
2026-10-02T20:02:31.438Z [info]: POST /api/v1/catalog/products/workspace-product/batches/query 200 247ms
2026-10-02T20:02:40.678Z [info]: GET /api/v1/operations/shifts/open?branchId=6ab783571fba63d384f9545b 304 269ms
2026-10-02T20:02:43.088Z [info]: GET /api/v1/catalog/products?search=1&limit=15 304 249ms
2026-10-02T20:02:43.514Z [info]: GET /api/v1/catalog/products?search=1al&limit=15 304 177ms
2026-10-02T20:02:44.783Z [info]: GET /api/v1/catalog/products/6ab9a0b5a375d4ed69e1d7e4 304 354ms
2026-10-02T20:02:45.551Z [info]: POST /api/v1/catalog/products/workspace-product/batches/query 200 754ms
2026-10-02T20:02:55.557Z [info]: GET /api/v1/parties/customers?search=a&limit=10 200 302ms
2026-10-02T20:02:56.073Z [info]: GET /api/v1/parties/customers?search=atha&limit=10 304 282ms
2026-10-02T20:02:57.602Z [info]: GET /api/v1/parties/customers?search=atharva&limit=10 304 680ms
2026-10-02T20:02:58.450Z [info]: GET /api/v1/finance/treasury/payment-qr 304 326ms
2026-10-02T20:02:58.452Z [info]: GET /api/v1/finance/treasury/cash-accounts?branchId=6ab783571fba63d384f9545b&all=true 200 331ms
2026-10-02T20:03:31.866Z [info]: GET /api/v1/finance/treasury/payment-qr 304 323ms
2026-10-02T20:03:31.877Z [info]: GET /api/v1/finance/treasury/cash-accounts?branchId=6ab783571fba63d384f9545b&all=true 304 331ms
2026-10-02T20:04:54.277Z [info]: GET /api/v1/finance/treasury/payment-qr 304 618ms
2026-10-02T20:04:54.279Z [info]: GET /api/v1/finance/treasury/cash-accounts?branchId=6ab783571fba63d384f9545b&all=true 304 619ms
2026-10-02T20:06:07.061Z [info]: GET /api/v1/organization/workspaces 304 143ms
2026-10-02T20:06:07.236Z [info]: GET /api/v1/organization/workspaces 304 175ms
2026-10-02T20:06:07.278Z [info]: GET /api/v1/core/users/me/active-context 304 180ms
2026-10-02T20:06:07.659Z [info]: GET /api/v1/organization/companies 304 356ms
2026-10-02T20:06:08.120Z [info]: GET /api/v1/organization/branches 304 432ms
2026-10-02T20:06:08.469Z [info]: GET /api/v1/core/access-control/member-access/me 304 330ms
2026-10-02T20:06:30.576Z [info]: GET /api/v1/organization/workspaces/6ab77b681fba63d384f9542d/setup-status 304 530ms
2026-10-02T20:06:30.711Z [info]: GET /api/v1/organization/workspaces/6ab77b681fba63d384f9542d/setup-status 304 133ms
2026-10-02T20:06:30.833Z [info]: GET /api/v1/organization/workspaces/6ab77b681fba63d384f9542d/setup-status 304 121ms
2026-10-02T20:06:30.874Z [info]: GET /api/v1/operations/shifts/open?branchId=6ab783571fba63d384f9545b 304 260ms
2026-10-02T20:06:30.957Z [info]: GET /api/v1/organization/workspaces/6ab77b681fba63d384f9542d/setup-status 304 123ms
2026-10-02T20:06:31.074Z [info]: GET /api/v1/organization/workspaces/6ab77b681fba63d384f9542d/setup-status 304 116ms
2026-10-02T20:06:31.197Z [info]: GET /api/v1/organization/workspaces/6ab77b681fba63d384f9542d/setup-status 304 122ms
2026-10-02T20:06:31.370Z [info]: GET /api/v1/organization/workspaces/6ab77b681fba63d384f9542d/setup-status 304 170ms
2026-10-02T20:06:31.487Z [info]: GET /api/v1/organization/workspaces/6ab77b681fba63d384f9542d/setup-status 304 116ms
2026-10-02T20:06:31.610Z [info]: GET /api/v1/organization/workspaces/6ab77b681fba63d384f9542d/setup-status 304 121ms
2026-10-02T20:06:31.726Z [info]: GET /api/v1/organization/workspaces/6ab77b681fba63d384f9542d/setup-status 304 114ms
2026-10-02T20:06:31.846Z [info]: GET /api/v1/organization/workspaces/6ab77b681fba63d384f9542d/setup-status 304 120ms
2026-10-02T20:06:31.966Z [info]: GET /api/v1/organization/workspaces/6ab77b681fba63d384f9542d/setup-status 304 119ms
2026-10-02T20:06:32.086Z [info]: GET /api/v1/organization/workspaces/6ab77b681fba63d384f9542d/setup-status 304 119ms
2026-10-02T20:06:32.229Z [info]: GET /api/v1/organization/workspaces/6ab77b681fba63d384f9542d/setup-status 304 141ms
2026-10-02T20:06:49.942Z [info]: GET /api/v1/organization/workspaces 304 128ms
2026-10-02T20:06:50.081Z [info]: GET /api/v1/organization/workspaces 304 139ms
2026-10-02T20:06:50.128Z [info]: GET /api/v1/core/users/me/active-context 304 158ms
2026-10-02T20:06:50.895Z [info]: GET /api/v1/organization/workspaces 304 125ms
2026-10-02T20:06:51.019Z [info]: GET /api/v1/organization/workspaces 304 123ms
2026-10-02T20:06:51.086Z [info]: GET /api/v1/core/users/me/active-context 304 162ms
2026-10-02T20:06:51.384Z [info]: GET /api/v1/organization/companies 200 282ms
2026-10-02T20:06:51.818Z [info]: GET /api/v1/organization/branches 304 422ms
2026-10-02T20:06:52.160Z [info]: GET /api/v1/core/access-control/member-access/me 304 327ms
2026-10-02T20:06:53.042Z [info]: GET /api/v1/organization/workspaces 304 294ms
2026-10-02T20:06:53.168Z [info]: GET /api/v1/organization/workspaces 304 124ms
2026-10-02T20:06:53.241Z [info]: GET /api/v1/core/users/me/active-context 304 160ms
2026-10-02T20:06:53.563Z [info]: GET /api/v1/organization/companies 304 302ms
2026-10-02T20:06:54.326Z [info]: GET /api/v1/organization/branches 304 738ms
2026-10-02T20:06:54.667Z [info]: GET /api/v1/core/access-control/member-access/me 304 324ms
2026-10-02T20:06:56.870Z [info]: GET /api/v1/organization/workspaces 304 122ms
2026-10-02T20:06:56.994Z [info]: GET /api/v1/organization/workspaces 304 123ms
2026-10-02T20:06:57.064Z [info]: GET /api/v1/core/users/me/active-context 304 165ms
2026-10-02T20:06:57.364Z [info]: GET /api/v1/organization/companies 304 283ms
2026-10-02T20:06:57.818Z [info]: GET /api/v1/organization/branches 304 435ms
2026-10-02T20:06:58.154Z [info]: GET /api/v1/core/access-control/member-access/me 304 317ms
2026-10-02T20:07:17.898Z [info]: GET /api/v1/organization/workspaces 304 123ms
2026-10-02T20:07:18.042Z [info]: GET /api/v1/organization/workspaces 304 143ms
2026-10-02T20:07:18.081Z [info]: GET /api/v1/core/users/me/active-context 304 154ms
2026-10-02T20:07:18.371Z [info]: GET /api/v1/organization/companies 304 278ms
2026-10-02T20:07:18.787Z [info]: GET /api/v1/organization/branches 304 404ms
2026-10-02T20:07:19.121Z [info]: GET /api/v1/core/access-control/member-access/me 304 320ms
2026-10-02T20:07:25.574Z [info]: GET /api/v1/organization/workspaces 304 142ms
2026-10-02T20:07:25.701Z [info]: GET /api/v1/organization/workspaces 304 126ms
2026-10-02T20:07:25.765Z [info]: GET /api/v1/core/users/me/active-context 304 167ms
2026-10-02T20:07:26.068Z [info]: GET /api/v1/organization/companies 304 287ms
2026-10-02T20:07:26.501Z [info]: GET /api/v1/organization/branches 304 414ms
2026-10-02T20:07:26.842Z [info]: GET /api/v1/core/access-control/member-access/me 304 327ms
2026-10-02T20:07:30.638Z [info]: GET /api/v1/organization/workspaces/6ab77b681fba63d384f9542d/setup-status 304 132ms
2026-10-02T20:07:30.757Z [info]: GET /api/v1/organization/workspaces/6ab77b681fba63d384f9542d/setup-status 304 118ms
2026-10-02T20:07:30.893Z [info]: GET /api/v1/organization/workspaces/6ab77b681fba63d384f9542d/setup-status 304 135ms
2026-10-02T20:07:30.904Z [info]: GET /api/v1/operations/shifts/open?branchId=6ab783571fba63d384f9545b 304 244ms
2026-10-02T20:07:31.018Z [info]: GET /api/v1/organization/workspaces/6ab77b681fba63d384f9542d/setup-status 304 124ms
2026-10-02T20:07:31.138Z [info]: GET /api/v1/organization/workspaces/6ab77b681fba63d384f9542d/setup-status 304 119ms
2026-10-02T20:07:31.261Z [info]: GET /api/v1/organization/workspaces/6ab77b681fba63d384f9542d/setup-status 304 121ms
2026-10-02T20:07:31.382Z [info]: GET /api/v1/organization/workspaces/6ab77b681fba63d384f9542d/setup-status 304 119ms
2026-10-02T20:07:31.561Z [info]: GET /api/v1/organization/workspaces/6ab77b681fba63d384f9542d/setup-status 304 177ms
2026-10-02T20:07:31.679Z [info]: GET /api/v1/organization/workspaces/6ab77b681fba63d384f9542d/setup-status 304 117ms
2026-10-02T20:07:31.798Z [info]: GET /api/v1/organization/workspaces/6ab77b681fba63d384f9542d/setup-status 304 118ms
2026-10-02T20:07:31.922Z [info]: GET /api/v1/organization/workspaces/6ab77b681fba63d384f9542d/setup-status 304 123ms
2026-10-02T20:07:32.041Z [info]: GET /api/v1/organization/workspaces/6ab77b681fba63d384f9542d/setup-status 304 118ms
2026-10-02T20:07:32.157Z [info]: GET /api/v1/organization/workspaces/6ab77b681fba63d384f9542d/setup-status 304 115ms
2026-10-02T20:07:32.273Z [info]: GET /api/v1/organization/workspaces/6ab77b681fba63d384f9542d/setup-status 304 115ms
2026-10-02T20:07:32.842Z [info]: POST /api/v1/catalog/products/workspace-product/batches/query 200 264ms
2026-10-02T20:07:32.843Z [info]: POST /api/v1/catalog/products/workspace-product/batches/query 200 263ms
2026-10-02T20:07:33.006Z [info]: GET /api/v1/organization/branches 304 426ms
2026-10-02T20:07:33.420Z [info]: GET /api/v1/organization/branches 304 411ms
2026-10-02T20:07:36.003Z [info]: POST /api/v1/catalog/products/workspace-product/batches/query 200 451ms
2026-10-02T20:07:39.712Z [info]: GET /api/v1/sales/invoices?page=1&limit=5 200 362ms
2026-10-02T20:07:40.076Z [info]: GET /api/v1/sales/invoices?page=1&limit=5 304 362ms
2026-10-02T20:07:41.721Z [info]: GET /api/v1/transfer-orders?page=1&limit=10&status=&sourceBranchId=&destinationBranchId= 304 268ms
2026-10-02T20:07:41.889Z [info]: GET /api/v1/organization/branches 304 440ms
2026-10-02T20:07:41.970Z [info]: GET /api/v1/transfer-orders?page=1&limit=10&status=&sourceBranchId=&destinationBranchId= 304 246ms
2026-10-02T20:07:42.304Z [info]: GET /api/v1/organization/branches 304 414ms
2026-10-02T20:07:42.345Z [info]: GET /api/v1/catalog/products?page=1&limit=10 304 176ms
2026-10-02T20:08:28.433Z [info]: GET /api/v1/organization/workspaces 304 125ms
2026-10-02T20:08:28.561Z [info]: GET /api/v1/organization/workspaces 304 128ms
2026-10-02T20:08:28.610Z [info]: GET /api/v1/core/users/me/active-context 304 169ms
2026-10-02T20:08:28.909Z [info]: GET /api/v1/organization/companies 304 292ms
2026-10-02T20:08:29.141Z [info]: GET /api/v1/organization/workspaces/6ab77b681fba63d384f9542d/setup-status 304 160ms
2026-10-02T20:08:29.267Z [info]: GET /api/v1/organization/workspaces/6ab77b681fba63d384f9542d/setup-status 304 126ms
2026-10-02T20:08:29.366Z [info]: GET /api/v1/catalog/products?page=1&limit=10 304 177ms
2026-10-02T20:08:29.385Z [info]: GET /api/v1/organization/branches 304 466ms
2026-10-02T20:08:29.386Z [info]: GET /api/v1/organization/workspaces/6ab77b681fba63d384f9542d/setup-status 304 119ms
2026-10-02T20:08:29.507Z [info]: GET /api/v1/organization/workspaces/6ab77b681fba63d384f9542d/setup-status 304 120ms
2026-10-02T20:08:29.627Z [info]: GET /api/v1/organization/workspaces/6ab77b681fba63d384f9542d/setup-status 304 118ms
2026-10-02T20:08:29.688Z [info]: GET /api/v1/catalog/products?page=1&limit=10 304 213ms
2026-10-02T20:08:29.751Z [info]: GET /api/v1/organization/workspaces/6ab77b681fba63d384f9542d/setup-status 304 124ms
2026-10-02T20:08:29.796Z [info]: GET /api/v1/core/access-control/member-access/me 304 318ms
2026-10-02T20:08:29.871Z [info]: GET /api/v1/organization/workspaces/6ab77b681fba63d384f9542d/setup-status 304 120ms
2026-10-02T20:08:29.996Z [info]: GET /api/v1/organization/workspaces/6ab77b681fba63d384f9542d/setup-status 304 124ms
2026-10-02T20:08:30.112Z [info]: GET /api/v1/organization/workspaces/6ab77b681fba63d384f9542d/setup-status 304 116ms
2026-10-02T20:08:30.231Z [info]: GET /api/v1/organization/workspaces/6ab77b681fba63d384f9542d/setup-status 304 118ms
2026-10-02T20:08:30.351Z [info]: GET /api/v1/organization/workspaces/6ab77b681fba63d384f9542d/setup-status 304 120ms
2026-10-02T20:08:30.484Z [info]: GET /api/v1/organization/workspaces/6ab77b681fba63d384f9542d/setup-status 304 133ms
2026-10-02T20:08:30.606Z [info]: GET /api/v1/organization/workspaces/6ab77b681fba63d384f9542d/setup-status 304 121ms
2026-10-02T20:08:30.731Z [info]: GET /api/v1/organization/workspaces/6ab77b681fba63d384f9542d/setup-status 304 125ms
2026-10-02T20:12:45.683Z [info]: 📦 MongoDB connected: ac-an0wlmj-shard-00-01.tqgbpyi.mongodb.net
2026-10-02T20:12:45.688Z [info]: 🚀 Server running on http://localhost:5001
2026-10-02T20:12:45.698Z [info]: 📦 MongoDB connected: ac-an0wlmj-shard-00-01.tqgbpyi.mongodb.net
2026-10-02T20:14:19.767Z [info]: GET /api/v1/catalog/products/6ab9a0b5a375d4ed69e1e1c2 200 180ms
2026-10-02T20:15:45.393Z [info]: GET /api/v1/catalog/products?page=1&limit=10 304 186ms
2026-10-02T20:15:54.703Z [info]: POST /api/v1/catalog/products/detect 200 1428ms
2026-10-02T20:16:16.909Z [info]: POST /api/v1/catalog/products/import 200 18637ms
2026-10-02T20:16:23.079Z [info]: GET /api/v1/catalog/products/6ab9a0b5a375d4ed69e1e1cb 200 185ms
2026-10-02T20:16:42.889Z [info]: GET /api/v1/catalog/products?page=1&limit=10 200 190ms
2026-10-02T20:16:44.758Z [info]: GET /api/v1/catalog/products?page=1&limit=10&search=1 200 297ms
2026-10-02T20:16:45.073Z [info]: GET /api/v1/catalog/products?page=1&limit=10&search=1a 200 176ms
2026-10-02T20:16:45.219Z [info]: GET /api/v1/catalog/products?page=1&limit=10&search=1al 200 184ms
2026-10-02T20:16:48.502Z [info]: GET /api/v1/catalog/products/6ab9a0b5a375d4ed69e1d7e4 200 162ms
2026-10-02T20:17:24.815Z [info]: GET /api/v1/organization/workspaces 304 131ms
2026-10-02T20:17:24.945Z [info]: GET /api/v1/organization/workspaces 304 129ms
2026-10-02T20:17:25.001Z [info]: GET /api/v1/core/users/me/active-context 304 164ms
2026-10-02T20:17:25.302Z [info]: GET /api/v1/organization/companies 304 291ms
2026-10-02T20:17:25.531Z [info]: GET /api/v1/organization/workspaces/6ab77b681fba63d384f9542d/setup-status 304 145ms
2026-10-02T20:17:25.651Z [info]: GET /api/v1/organization/workspaces/6ab77b681fba63d384f9542d/setup-status 304 119ms
2026-10-02T20:17:25.743Z [info]: GET /api/v1/organization/branches 304 421ms
2026-10-02T20:17:25.770Z [info]: GET /api/v1/catalog/products/6ab9a0b5a375d4ed69e1d7e4 304 166ms
2026-10-02T20:17:25.771Z [info]: GET /api/v1/organization/workspaces/6ab77b681fba63d384f9542d/setup-status 304 119ms
2026-10-02T20:17:25.892Z [info]: GET /api/v1/organization/workspaces/6ab77b681fba63d384f9542d/setup-status 304 121ms
2026-10-02T20:17:25.957Z [info]: GET /api/v1/catalog/products/6ab9a0b5a375d4ed69e1d7e4 304 174ms
2026-10-02T20:17:26.011Z [info]: GET /api/v1/organization/workspaces/6ab77b681fba63d384f9542d/setup-status 304 118ms
2026-10-02T20:17:26.115Z [info]: GET /api/v1/core/access-control/member-access/me 304 331ms
2026-10-02T20:17:26.142Z [info]: GET /api/v1/organization/workspaces/6ab77b681fba63d384f9542d/setup-status 304 131ms
2026-10-02T20:17:26.260Z [info]: GET /api/v1/organization/workspaces/6ab77b681fba63d384f9542d/setup-status 304 116ms
2026-10-02T20:17:26.426Z [info]: GET /api/v1/organization/workspaces/6ab77b681fba63d384f9542d/setup-status 304 165ms
2026-10-02T20:17:26.549Z [info]: GET /api/v1/organization/workspaces/6ab77b681fba63d384f9542d/setup-status 304 122ms
2026-10-02T20:17:26.673Z [info]: GET /api/v1/organization/workspaces/6ab77b681fba63d384f9542d/setup-status 304 123ms
2026-10-02T20:17:26.793Z [info]: GET /api/v1/organization/workspaces/6ab77b681fba63d384f9542d/setup-status 304 119ms
2026-10-02T20:17:26.915Z [info]: GET /api/v1/organization/workspaces/6ab77b681fba63d384f9542d/setup-status 304 121ms
2026-10-02T20:17:27.051Z [info]: GET /api/v1/organization/workspaces/6ab77b681fba63d384f9542d/setup-status 304 135ms
2026-10-02T20:17:27.176Z [info]: GET /api/v1/organization/workspaces/6ab77b681fba63d384f9542d/setup-status 304 124ms
2026-10-02T20:18:12.300Z [info]: GET /api/v1/catalog/products?page=1&limit=10 304 203ms
2026-10-02T20:18:33.106Z [info]: GET /api/v1/catalog/products/6ab9a0b5a375d4ed69e1e1cb 304 286ms
2026-10-02T20:19:27.516Z [info]: GET /api/v1/operations/shifts/open?branchId=6ab783571fba63d384f9545b 304 301ms
2026-10-02T20:19:28.971Z [info]: GET /api/v1/catalog/products?search=ZYTEETUBE10ML&limit=15 200 184ms
2026-10-02T20:19:30.020Z [info]: GET /api/v1/catalog/products/6ab9a0b5a375d4ed69e1e1cb 304 362ms
2026-10-02T20:19:30.288Z [info]: POST /api/v1/catalog/products/workspace-product/batches/query 200 245ms
2026-10-02T20:19:52.190Z [info]: GET /api/v1/parties/customers?status=active&customerType=retail,wholesale&limit=100 304 420ms
2026-10-02T20:19:52.316Z [info]: GET /api/v1/parties/customers?customerType=retail,wholesale&limit=10 304 294ms
2026-10-02T20:20:03.049Z [info]: GET /api/v1/catalog/products?search=ZYTEETUBE10ML&limit=15 304 185ms
2026-10-02T20:20:04.734Z [info]: GET /api/v1/catalog/products/6ab9a0b5a375d4ed69e1e1cb 304 593ms
2026-10-02T20:20:04.998Z [info]: POST /api/v1/catalog/products/workspace-product/batches/query 200 248ms
2026-10-02T20:20:30.142Z [info]: GET /api/v1/parties/customers?status=active&customerType=retail,wholesale&limit=100 304 311ms
2026-10-02T20:20:30.381Z [info]: GET /api/v1/parties/customers?customerType=retail,wholesale&limit=10 304 297ms
2026-10-02T20:23:27.119Z [info]: GET /api/v1/parties/suppliers?search=&page=1&limit=8 304 329ms
2026-10-02T20:23:27.463Z [info]: GET /api/v1/parties/suppliers?search=&page=1&limit=8 304 343ms
2026-10-02T20:23:29.164Z [info]: GET /api/v1/parties/customers 304 295ms
2026-10-02T20:23:29.453Z [info]: GET /api/v1/parties/customers 304 288ms
2026-10-02T20:23:30.796Z [info]: GET /api/v1/parties/suppliers?search=&page=1&limit=8 304 326ms
2026-10-02T20:23:31.112Z [info]: GET /api/v1/parties/suppliers?search=&page=1&limit=8 304 314ms
2026-10-02T20:23:40.257Z [info]: GET /api/v1/parties/customers 304 322ms
2026-10-02T20:23:40.965Z [info]: GET /api/v1/parties/customers 304 707ms
2026-10-02T20:23:43.153Z [info]: GET /api/v1/parties/customers/6abc0da893d94d987a156f11 200 313ms
2026-10-02T20:23:43.566Z [info]: GET /api/v1/parties/customers/6abc0da893d94d987a156f11/outstanding 200 367ms
2026-10-02T20:23:44.355Z [info]: GET /api/v1/parties/customers/6abc0da893d94d987a156f11/sales?page=1&limit=5 200 752ms
2026-10-02T20:23:44.626Z [info]: GET /api/v1/parties/customers/6abc0da893d94d987a156f11/payments 200 243ms
2026-10-02T20:23:44.946Z [info]: GET /api/v1/parties/customers/6abc0da893d94d987a156f11/ledger?page=1&limit=5 200 295ms
2026-10-02T20:23:49.080Z [info]: GET /api/v1/parties/suppliers?search=&page=1&limit=8 304 323ms
2026-10-02T20:23:49.397Z [info]: GET /api/v1/parties/suppliers?search=&page=1&limit=8 304 316ms
2026-10-02T20:24:09.105Z [info]: GET /api/v1/parties/suppliers?search=&page=1&limit=8 304 490ms
2026-10-02T20:24:09.430Z [info]: GET /api/v1/parties/suppliers?search=&page=1&limit=8 304 324ms
2026-10-02T20:24:14.059Z [info]: GET /api/v1/parties/suppliers?search=&page=1&limit=8 304 860ms
2026-10-02T20:24:14.388Z [info]: GET /api/v1/parties/suppliers?search=&page=1&limit=8 304 327ms
2026-10-02T20:24:16.593Z [info]: GET /api/v1/parties/suppliers?search=&page=1&limit=8 304 627ms
2026-10-02T20:26:07.299Z [info]: 📦 MongoDB connected: ac-an0wlmj-shard-00-01.tqgbpyi.mongodb.net
2026-10-02T20:26:07.306Z [info]: 🚀 Server running on http://localhost:5001
2026-10-02T20:26:11.038Z [info]: GET /api/v1/organization/workspaces 304 1052ms
2026-10-02T20:26:11.407Z [info]: GET /api/v1/organization/workspaces 304 367ms
2026-10-02T20:26:12.148Z [info]: GET /api/v1/core/users/me/active-context 304 1086ms
2026-10-02T20:26:13.122Z [info]: GET /api/v1/organization/companies 304 956ms
2026-10-02T20:26:13.588Z [info]: GET /api/v1/organization/branches 304 439ms
2026-10-02T20:26:14.232Z [info]: GET /api/v1/core/access-control/member-access/me 304 624ms
2026-10-02T20:27:46.951Z [info]: GET /api/v1/organization/workspaces/6ab77b681fba63d384f9542d/setup-status 304 191ms
2026-10-02T20:27:47.071Z [info]: GET /api/v1/organization/workspaces/6ab77b681fba63d384f9542d/setup-status 304 119ms
2026-10-02T20:27:47.193Z [info]: GET /api/v1/organization/workspaces/6ab77b681fba63d384f9542d/setup-status 304 121ms
2026-10-02T20:27:47.323Z [info]: GET /api/v1/organization/workspaces/6ab77b681fba63d384f9542d/setup-status 304 129ms
2026-10-02T20:27:47.447Z [info]: GET /api/v1/organization/workspaces/6ab77b681fba63d384f9542d/setup-status 304 123ms
2026-10-02T20:27:47.506Z [info]: GET /api/v1/catalog/products?limit=10&page=1 200 191ms
2026-10-02T20:27:47.621Z [info]: GET /api/v1/organization/workspaces/6ab77b681fba63d384f9542d/setup-status 304 172ms
2026-10-02T20:27:48.350Z [info]: GET /api/v1/organization/workspaces/6ab77b681fba63d384f9542d/setup-status 304 728ms
2026-10-02T20:27:48.503Z [info]: GET /api/v1/organization/workspaces/6ab77b681fba63d384f9542d/setup-status 304 152ms
2026-10-02T20:27:48.657Z [info]: GET /api/v1/organization/workspaces/6ab77b681fba63d384f9542d/setup-status 304 152ms
2026-10-02T20:27:48.901Z [info]: GET /api/v1/organization/workspaces/6ab77b681fba63d384f9542d/setup-status 304 242ms
2026-10-02T20:27:49.051Z [info]: GET /api/v1/organization/workspaces/6ab77b681fba63d384f9542d/setup-status 304 148ms
2026-10-02T20:27:49.240Z [info]: GET /api/v1/dashboard/overview 200 2231ms
2026-10-02T20:27:49.241Z [info]: GET /api/v1/organization/workspaces/6ab77b681fba63d384f9542d/setup-status 304 190ms
2026-10-02T20:27:49.389Z [info]: GET /api/v1/organization/workspaces/6ab77b681fba63d384f9542d/setup-status 304 147ms
2026-10-02T20:27:49.537Z [info]: GET /api/v1/organization/workspaces/6ab77b681fba63d384f9542d/setup-status 304 147ms
2026-10-02T20:27:49.955Z [info]: GET /api/v1/parties/suppliers?search=&page=1&limit=8 304 420ms
2026-10-02T20:27:50.538Z [info]: GET /api/v1/parties/suppliers?search=&page=1&limit=8 304 581ms
2026-10-02T20:27:51.952Z [info]: GET /api/v1/dashboard/overview 304 2711ms
2026-10-02T20:31:07.151Z [info]: 📦 MongoDB connected: ac-an0wlmj-shard-00-02.tqgbpyi.mongodb.net
2026-10-02T20:31:07.152Z [info]: 📦 MongoDB connected: ac-an0wlmj-shard-00-02.tqgbpyi.mongodb.net
2026-10-02T20:31:07.157Z [info]: 🚀 Server running on http://localhost:5001
2026-10-02T20:32:19.783Z [info]: POST /api/v1/parties/suppliers/import/preview 200 595ms
2026-10-02T20:32:58.147Z [info]: GET /api/v1/catalog/products?limit=10&page=1 304 185ms
2026-10-02T20:32:59.967Z [info]: GET /api/v1/parties/suppliers?search=&page=1&limit=8 304 820ms
2026-10-02T20:33:00.284Z [info]: GET /api/v1/dashboard/overview 304 2624ms
2026-10-02T20:33:00.516Z [info]: GET /api/v1/parties/suppliers?search=&page=1&limit=8 304 548ms
2026-10-02T20:33:03.047Z [info]: GET /api/v1/dashboard/overview 304 2759ms
2026-10-02T20:33:03.606Z [info]: POST /api/v1/parties/suppliers/import/preview 200 556ms
2026-10-02T20:36:25.696Z [info]: GET /api/v1/parties/suppliers/6abd8a336c848de4578fa220 304 349ms
2026-10-02T20:36:25.994Z [info]: GET /api/v1/parties/suppliers/6abd8a336c848de4578fa220/outstanding 304 249ms
2026-10-02T20:36:26.307Z [info]: GET /api/v1/parties/suppliers/6abd8a336c848de4578fa220/purchases?page=1&limit=5 304 287ms
2026-10-02T20:36:26.607Z [info]: GET /api/v1/parties/suppliers/6abd8a336c848de4578fa220/payments 304 261ms
2026-10-02T20:36:26.980Z [info]: GET /api/v1/parties/suppliers/6abd8a336c848de4578fa220/ledger?page=1&limit=5 304 335ms
2026-10-02T20:37:08.004Z [info]: 📦 MongoDB connected: ac-an0wlmj-shard-00-01.tqgbpyi.mongodb.net
2026-10-02T20:37:08.007Z [info]: 📦 MongoDB connected: ac-an0wlmj-shard-00-01.tqgbpyi.mongodb.net
2026-10-02T20:37:08.007Z [info]: 🚀 Server running on http://localhost:5001
2026-10-02T20:37:31.462Z [info]: 📦 MongoDB connected: ac-an0wlmj-shard-00-00.tqgbpyi.mongodb.net
2026-10-02T20:37:31.464Z [info]: 📦 MongoDB connected: ac-an0wlmj-shard-00-00.tqgbpyi.mongodb.net
2026-10-02T20:37:31.466Z [info]: 🚀 Server running on http://localhost:5001
2026-10-02T20:37:37.264Z [info]: GET /api/v1/parties/suppliers?search=&page=1&limit=8 304 894ms
2026-10-02T20:37:37.628Z [info]: GET /api/v1/parties/suppliers?search=&page=1&limit=8 304 363ms
2026-10-02T20:37:40.886Z [info]: POST /api/v1/parties/suppliers/import/preview 200 484ms
2026-10-02T20:37:47.291Z [info]: 📦 MongoDB connected: ac-an0wlmj-shard-00-00.tqgbpyi.mongodb.net
2026-10-02T20:37:47.296Z [info]: 🚀 Server running on http://localhost:5001
2026-10-02T20:37:47.315Z [info]: 📦 MongoDB connected: ac-an0wlmj-shard-00-02.tqgbpyi.mongodb.net
2026-10-02T20:41:03.955Z [info]: 📦 MongoDB connected: ac-an0wlmj-shard-00-00.tqgbpyi.mongodb.net
2026-10-02T20:41:03.957Z [info]: 📦 MongoDB connected: ac-an0wlmj-shard-00-00.tqgbpyi.mongodb.net
2026-10-02T20:41:03.958Z [info]: 🚀 Server running on http://localhost:5001
2026-10-02T20:41:14.533Z [info]: POST /api/v1/parties/suppliers/import/preview 200 397ms
2026-10-02T20:42:49.633Z [info]: GET /api/v1/catalog/products?limit=10&page=1 304 193ms
2026-10-02T20:42:51.483Z [info]: GET /api/v1/dashboard/overview 304 2350ms
2026-10-02T20:42:52.053Z [info]: GET /api/v1/parties/suppliers?search=&page=1&limit=8 304 386ms
2026-10-02T20:42:52.598Z [info]: GET /api/v1/parties/suppliers?search=&page=1&limit=8 304 544ms
2026-10-02T20:42:53.436Z [info]: GET /api/v1/dashboard/overview 304 1952ms
2026-10-02T20:42:56.552Z [info]: POST /api/v1/parties/suppliers/import/preview 200 451ms
2026-10-02T20:43:29.035Z [info]: POST /api/v1/parties/suppliers/import/confirm 200 7634ms
2026-10-02T20:43:31.077Z [info]: GET /api/v1/parties/suppliers?search=&page=1&limit=8 200 379ms
2026-10-02T20:43:35.983Z [info]: GET /api/v1/parties/suppliers?search=a&page=1&limit=8 200 340ms
2026-10-02T20:43:36.212Z [info]: GET /api/v1/parties/suppliers?search=ab&page=1&limit=8 200 296ms
2026-10-02T20:43:36.486Z [info]: GET /api/v1/parties/suppliers?search=aba&page=1&limit=8 200 340ms
2026-10-02T20:43:36.841Z [info]: GET /api/v1/parties/suppliers?search=ab&page=1&limit=8 304 300ms
2026-10-02T20:43:37.091Z [info]: GET /api/v1/parties/suppliers?search=abh&page=1&limit=8 200 298ms
2026-10-02T20:43:37.199Z [info]: GET /api/v1/parties/suppliers?search=abha&page=1&limit=8 200 288ms
2026-10-02T20:43:37.617Z [info]: GET /api/v1/parties/suppliers?search=abhay&page=1&limit=8 200 304ms
2026-10-02T20:46:56.682Z [info]: GET /api/v1/parties/suppliers/6ac017693ce17aec4d9a4661 200 273ms
2026-10-02T20:46:56.986Z [info]: GET /api/v1/parties/suppliers/6ac017693ce17aec4d9a4661/outstanding 200 264ms
2026-10-02T20:46:57.317Z [info]: GET /api/v1/parties/suppliers/6ac017693ce17aec4d9a4661/purchases?page=1&limit=5 200 289ms
2026-10-02T20:46:57.585Z [info]: GET /api/v1/parties/suppliers/6ac017693ce17aec4d9a4661/payments 200 243ms
2026-10-02T20:46:57.869Z [info]: GET /api/v1/parties/suppliers/6ac017693ce17aec4d9a4661/ledger?page=1&limit=5 200 249ms
2026-10-02T20:47:18.154Z [info]: GET /api/v1/parties/suppliers?search=&page=1&limit=8 304 340ms
2026-10-02T20:47:18.515Z [info]: GET /api/v1/parties/suppliers?search=&page=1&limit=8 304 360ms
2026-10-02T20:47:19.197Z [info]: GET /api/v1/parties/suppliers?search=ABHINAV+MEDICAL+AGENCIES&page=1&limit=8 200 297ms
2026-10-02T20:47:22.468Z [info]: GET /api/v1/parties/suppliers/6ac017693ce17aec4d9a4662 200 247ms
2026-10-02T20:47:22.762Z [info]: GET /api/v1/parties/suppliers/6ac017693ce17aec4d9a4662/outstanding 200 252ms
2026-10-02T20:47:23.082Z [info]: GET /api/v1/parties/suppliers/6ac017693ce17aec4d9a4662/purchases?page=1&limit=5 200 281ms
2026-10-02T20:47:23.375Z [info]: GET /api/v1/parties/suppliers/6ac017693ce17aec4d9a4662/payments 200 260ms
2026-10-02T20:47:23.669Z [info]: GET /api/v1/parties/suppliers/6ac017693ce17aec4d9a4662/ledger?page=1&limit=5 200 252ms
2026-10-02T20:49:40.297Z [info]: GET /api/v1/parties/suppliers?search=&page=1&limit=8 304 336ms
2026-10-02T20:49:40.625Z [info]: GET /api/v1/parties/suppliers?search=&page=1&limit=8 304 326ms
2026-10-02T20:49:45.809Z [info]: PATCH /api/v1/core/users/me/active-context 200 289ms
2026-10-02T20:49:45.862Z [info]: GET /api/v1/parties/suppliers?search=&page=1&limit=8 200 344ms
2026-10-02T20:49:45.945Z [info]: GET /api/v1/organization/branches 200 425ms
2026-10-02T20:49:46.200Z [info]: GET /api/v1/parties/suppliers?search=&page=1&limit=8 304 337ms
2026-10-02T20:49:48.928Z [info]: GET /api/v1/parties/suppliers?search=&page=1&limit=8 304 342ms
2026-10-02T20:50:31.603Z [info]: PATCH /api/v1/core/users/me/active-context 200 268ms
2026-10-02T20:50:31.687Z [info]: GET /api/v1/parties/suppliers?search=&page=1&limit=8 200 349ms
2026-10-02T20:50:31.754Z [info]: GET /api/v1/organization/branches 200 417ms
2026-10-02T20:50:32.014Z [info]: GET /api/v1/parties/suppliers?search=&page=1&limit=8 304 326ms
2026-10-02T20:50:34.223Z [info]: GET /api/v1/catalog/products?limit=10&page=1 304 687ms
2026-10-02T20:50:35.271Z [info]: 📦 MongoDB connected: ac-an0wlmj-shard-00-01.tqgbpyi.mongodb.net
2026-10-02T20:50:35.278Z [info]: 🚀 Server running on http://localhost:5001
2026-10-02T20:50:35.280Z [info]: 📦 MongoDB connected: ac-an0wlmj-shard-00-01.tqgbpyi.mongodb.net
2026-10-02T20:50:37.566Z [info]: GET /api/v1/catalog/products?limit=10&page=1 304 2232ms
2026-10-02T20:50:51.712Z [info]: 📦 MongoDB connected: ac-an0wlmj-shard-00-00.tqgbpyi.mongodb.net
2026-10-02T20:50:51.715Z [info]: 🚀 Server running on http://localhost:5001
2026-10-02T20:50:51.720Z [info]: 📦 MongoDB connected: ac-an0wlmj-shard-00-00.tqgbpyi.mongodb.net
2026-10-02T20:51:27.191Z [info]: 📦 MongoDB connected: ac-an0wlmj-shard-00-00.tqgbpyi.mongodb.net
2026-10-02T20:51:27.195Z [info]: 🚀 Server running on http://localhost:5001
2026-10-02T20:51:27.197Z [info]: 📦 MongoDB connected: ac-an0wlmj-shard-00-00.tqgbpyi.mongodb.net
2026-10-02T20:52:47.280Z [info]: GET /api/v1/parties/suppliers?search=&page=1&limit=8 304 1306ms
2026-10-02T20:52:48.652Z [info]: GET /api/v1/parties/suppliers?search=&page=1&limit=8 304 1370ms
2026-10-02T20:53:05.372Z [info]: GET /api/v1/parties/suppliers?search=&page=1&limit=8 200 697ms
2026-10-02T20:53:10.026Z [info]: POST /api/v1/parties/suppliers/import/preview 200 305ms
2026-10-02T20:53:30.545Z [info]: POST /api/v1/parties/suppliers/import/confirm 200 12260ms
2026-10-02T20:53:32.466Z [info]: GET /api/v1/parties/suppliers?search=&page=1&limit=8 200 324ms
2026-10-02T20:53:51.887Z [info]: 📦 MongoDB connected: ac-an0wlmj-shard-00-01.tqgbpyi.mongodb.net
2026-10-02T20:53:51.889Z [info]: 📦 MongoDB connected: ac-an0wlmj-shard-00-01.tqgbpyi.mongodb.net
2026-10-02T20:53:51.891Z [info]: 🚀 Server running on http://localhost:5001
2026-10-02T20:54:41.118Z [info]: 📦 MongoDB connected: ac-an0wlmj-shard-00-02.tqgbpyi.mongodb.net
2026-10-02T20:54:41.122Z [info]: 🚀 Server running on http://localhost:5001
2026-10-02T20:54:41.127Z [info]: 📦 MongoDB connected: ac-an0wlmj-shard-00-02.tqgbpyi.mongodb.net
2026-10-02T20:55:09.951Z [info]: 📦 MongoDB connected: ac-an0wlmj-shard-00-02.tqgbpyi.mongodb.net
2026-10-02T20:55:09.952Z [info]: 📦 MongoDB connected: ac-an0wlmj-shard-00-02.tqgbpyi.mongodb.net
2026-10-02T20:55:09.954Z [info]: 🚀 Server running on http://localhost:5001
2026-10-02T20:55:57.310Z [info]: GET /api/v1/parties/suppliers?search=&page=1&limit=8 200 264ms
2026-10-02T20:56:01.050Z [info]: POST /api/v1/parties/suppliers/import/preview 200 313ms
2026-10-02T20:57:21.308Z [info]: 📦 MongoDB connected: ac-an0wlmj-shard-00-02.tqgbpyi.mongodb.net
2026-10-02T20:57:21.311Z [info]: 🚀 Server running on http://localhost:5001
2026-10-02T20:57:21.311Z [info]: 📦 MongoDB connected: ac-an0wlmj-shard-00-02.tqgbpyi.mongodb.net
2026-10-02T20:57:31.944Z [info]: GET /api/v1/parties/suppliers?search=&page=1&limit=8 304 267ms
2026-10-02T20:57:32.796Z [info]: GET /api/v1/parties/suppliers?search=&page=1&limit=8 304 275ms
2026-10-02T20:57:33.070Z [info]: GET /api/v1/parties/suppliers?search=&page=1&limit=8 304 272ms
2026-10-02T20:57:36.726Z [info]: POST /api/v1/parties/suppliers/import/preview 200 612ms
2026-10-02T20:57:53.605Z [info]: POST /api/v1/parties/suppliers/import/preview 200 292ms
2026-10-02T20:57:58.068Z [info]: POST /api/v1/parties/suppliers/import/confirm 200 712ms
2026-10-02T20:57:59.988Z [info]: GET /api/v1/parties/suppliers?search=&page=1&limit=8 200 316ms
2026-10-02T20:58:10.749Z [info]: GET /api/v1/parties/suppliers?search=&page=2&limit=8 200 348ms
2026-10-02T20:58:12.342Z [info]: GET /api/v1/parties/suppliers?search=&page=3&limit=8 200 344ms
2026-10-02T20:58:14.247Z [info]: GET /api/v1/parties/suppliers?search=&page=4&limit=8 200 614ms
2026-10-02T20:58:15.440Z [info]: 📦 MongoDB connected: ac-an0wlmj-shard-00-02.tqgbpyi.mongodb.net
2026-10-02T20:58:15.442Z [info]: 📦 MongoDB connected: ac-an0wlmj-shard-00-02.tqgbpyi.mongodb.net
2026-10-02T20:58:15.444Z [info]: 🚀 Server running on http://localhost:5001
2026-10-02T20:58:19.296Z [info]: GET /api/v1/parties/suppliers?search=&page=1&limit=8 304 3277ms
2026-10-02T20:58:32.420Z [info]: GET /api/v1/parties/suppliers?search=&page=2&limit=8 304 1117ms
2026-10-02T20:59:21.732Z [info]: GET /api/v1/parties/suppliers?search=&page=3&limit=8 304 318ms
2026-10-02T20:59:23.234Z [info]: GET /api/v1/parties/suppliers?search=&page=4&limit=8 304 320ms
2026-10-02T21:00:49.014Z [info]: GET /api/v1/catalog/products?limit=10&page=1 304 203ms
2026-10-02T21:00:50.840Z [info]: GET /api/v1/dashboard/overview 200 2330ms
2026-10-02T21:00:52.625Z [info]: GET /api/v1/catalog/products?limit=10&page=1 304 399ms
2026-10-02T21:00:52.861Z [info]: GET /api/v1/dashboard/overview 304 2020ms
2026-10-02T21:00:55.464Z [info]: GET /api/v1/dashboard/overview 304 2602ms
2026-10-02T21:01:00.347Z [info]: GET /api/v1/dashboard/overview 304 4882ms
2026-10-02T21:01:00.738Z [info]: PATCH /api/v1/core/users/me/active-context 200 335ms
2026-10-02T21:01:00.918Z [info]: GET /api/v1/catalog/products?limit=10&page=1 304 217ms
2026-10-02T21:01:00.926Z [info]: GET /api/v1/organization/branches 200 521ms
2026-10-02T21:01:02.908Z [info]: GET /api/v1/dashboard/overview 200 2502ms
2026-10-02T21:01:05.060Z [info]: GET /api/v1/parties/suppliers?search=&page=1&limit=8 200 452ms
2026-10-02T21:01:05.362Z [info]: GET /api/v1/dashboard/overview 304 2451ms
2026-10-02T21:01:05.414Z [info]: GET /api/v1/parties/suppliers?search=&page=1&limit=8 304 353ms
2026-10-02T21:01:08.567Z [info]: GET /api/v1/parties/suppliers?search=&page=1&limit=8 304 348ms
2026-10-02T21:01:08.678Z [info]: PATCH /api/v1/core/users/me/active-context 200 461ms
2026-10-02T21:01:08.891Z [info]: GET /api/v1/parties/suppliers?search=&page=1&limit=8 304 322ms
2026-10-02T21:01:11.979Z [info]: PATCH /api/v1/core/users/me/active-context 200 248ms
2026-10-02T21:01:12.066Z [info]: GET /api/v1/parties/suppliers?search=&page=1&limit=8 200 333ms
2026-10-02T21:01:12.162Z [info]: GET /api/v1/organization/branches 200 428ms
2026-10-02T21:01:12.376Z [info]: GET /api/v1/parties/suppliers?search=&page=1&limit=8 304 308ms
2026-10-02T21:01:15.692Z [info]: GET /api/v1/parties/suppliers?search=&page=1&limit=8 304 323ms
2026-10-02T21:01:15.718Z [info]: PATCH /api/v1/core/users/me/active-context 200 351ms
2026-10-02T21:01:16.007Z [info]: GET /api/v1/parties/suppliers?search=&page=1&limit=8 304 313ms
2026-10-02T21:01:19.181Z [info]: POST /api/v1/catalog/products/workspace-product/batches/query 200 269ms
2026-10-02T21:01:19.183Z [info]: POST /api/v1/catalog/products/workspace-product/batches/query 200 269ms
2026-10-02T21:01:19.352Z [info]: GET /api/v1/organization/branches 304 438ms
2026-10-02T21:01:20.496Z [info]: GET /api/v1/organization/branches 304 1144ms
2026-10-02T21:01:23.685Z [info]: POST /api/v1/catalog/products/workspace-product/batches/query 200 259ms
2026-10-02T21:01:25.539Z [info]: POST /api/v1/catalog/products/workspace-product/batches/query 200 196ms
2026-10-02T21:01:27.458Z [info]: POST /api/v1/catalog/products/workspace-product/batches/query 200 267ms
2026-10-02T21:01:30.844Z [info]: GET /api/v1/parties/suppliers?search=&page=4&limit=8 304 314ms
2026-10-02T21:01:34.793Z [info]: GET /api/v1/catalog/purchase-bills?page=1&limit=5 200 281ms
2026-10-02T21:12:17.882Z [info]: 📦 MongoDB connected: ac-an0wlmj-shard-00-02.tqgbpyi.mongodb.net
2026-10-02T21:12:17.884Z [info]: 📦 MongoDB connected: ac-an0wlmj-shard-00-02.tqgbpyi.mongodb.net
2026-10-02T21:12:17.888Z [info]: 🚀 Server running on http://localhost:5001
2026-10-02T21:13:22.508Z [info]: 📦 MongoDB connected: ac-an0wlmj-shard-00-02.tqgbpyi.mongodb.net
2026-10-02T21:13:22.512Z [info]: 🚀 Server running on http://localhost:5001
2026-10-02T21:13:22.516Z [info]: 📦 MongoDB connected: ac-an0wlmj-shard-00-02.tqgbpyi.mongodb.net
2026-10-02T21:14:29.250Z [info]: POST /api/v1/catalog/purchase-bills/import/legacy-bills 200 2119ms
2026-10-02T21:14:29.555Z [info]: GET /api/v1/catalog/purchase-bills?page=1&limit=5 200 299ms
2026-10-02T21:14:40.209Z [info]: GET /api/v1/catalog/purchase-bills?page=2&limit=5 200 507ms
2026-10-02T21:14:43.455Z [info]: GET /api/v1/catalog/purchase-bills?page=3&limit=5 200 288ms
2026-10-02T21:14:45.636Z [info]: GET /api/v1/catalog/products?limit=10&page=1 304 182ms
2026-10-02T21:14:47.346Z [info]: GET /api/v1/dashboard/overview 200 2197ms
2026-10-02T21:14:49.388Z [info]: GET /api/v1/dashboard/overview 304 2041ms
2026-10-02T21:14:49.433Z [info]: GET /api/v1/parties/suppliers?search=&page=1&limit=8 304 524ms
2026-10-02T21:14:49.812Z [info]: GET /api/v1/parties/suppliers?search=&page=1&limit=8 304 378ms
2026-10-02T21:14:52.756Z [info]: GET /api/v1/parties/suppliers/6ac01ad5745f2a5fee4c7a61 200 306ms
2026-10-02T21:14:53.101Z [info]: GET /api/v1/parties/suppliers/6ac01ad5745f2a5fee4c7a61/outstanding 200 303ms
2026-10-02T21:14:53.444Z [info]: GET /api/v1/parties/suppliers/6ac01ad5745f2a5fee4c7a61/purchases?page=1&limit=5 200 304ms
2026-10-02T21:14:53.724Z [info]: GET /api/v1/parties/suppliers/6ac01ad5745f2a5fee4c7a61/payments 200 253ms
2026-10-02T21:14:53.994Z [info]: GET /api/v1/parties/suppliers/6ac01ad5745f2a5fee4c7a61/ledger?page=1&limit=5 200 246ms
2026-10-02T21:14:59.480Z [info]: GET /api/v1/parties/suppliers?search=&page=1&limit=8 304 305ms
2026-10-02T21:14:59.804Z [info]: GET /api/v1/parties/suppliers?search=&page=1&limit=8 304 323ms
2026-10-02T21:15:09.183Z [info]: GET /api/v1/catalog/purchase-bills?page=1&limit=5 304 285ms
2026-10-02T21:22:11.163Z [info]: 📦 MongoDB connected: ac-an0wlmj-shard-00-02.tqgbpyi.mongodb.net
2026-10-02T21:22:11.165Z [info]: 📦 MongoDB connected: ac-an0wlmj-shard-00-02.tqgbpyi.mongodb.net
2026-10-02T21:22:11.169Z [info]: 🚀 Server running on http://localhost:5001
2026-10-02T21:23:18.808Z [info]: 📦 MongoDB connected: ac-an0wlmj-shard-00-01.tqgbpyi.mongodb.net
2026-10-02T21:23:18.812Z [info]: 🚀 Server running on http://localhost:5001
2026-10-02T21:23:18.819Z [info]: 📦 MongoDB connected: ac-an0wlmj-shard-00-01.tqgbpyi.mongodb.net
2026-10-02T21:23:33.710Z [info]: 📦 MongoDB connected: ac-an0wlmj-shard-00-02.tqgbpyi.mongodb.net
2026-10-02T21:23:33.715Z [info]: 🚀 Server running on http://localhost:5001
2026-10-02T21:23:33.718Z [info]: 📦 MongoDB connected: ac-an0wlmj-shard-00-02.tqgbpyi.mongodb.net
2026-10-02T21:25:12.288Z [info]: GET /api/v1/catalog/purchase-bills?page=1&limit=5 200 272ms
2026-10-02T21:25:19.752Z [info]: POST /api/v1/catalog/purchase-bills/import/legacy-bills 200 3931ms
2026-10-02T21:25:20.085Z [info]: GET /api/v1/catalog/purchase-bills?page=1&limit=5 200 329ms
2026-10-02T21:25:30.995Z [info]: GET /api/v1/catalog/purchase-bills?page=2&limit=5 200 339ms
2026-10-02T21:25:37.946Z [info]: GET /api/v1/catalog/purchase-bills?page=3&limit=5 200 295ms
2026-10-02T21:25:40.300Z [info]: GET /api/v1/catalog/purchase-bills?page=4&limit=5 200 287ms
2026-10-02T21:25:49.419Z [info]: GET /api/v1/catalog/purchase-bills?page=5&limit=5 200 456ms
2026-10-02T21:25:50.958Z [info]: GET /api/v1/catalog/purchase-bills?page=6&limit=5 200 297ms
2026-10-02T21:25:52.672Z [info]: GET /api/v1/catalog/purchase-bills?page=7&limit=5 200 744ms
2026-10-02T21:26:44.436Z [info]: GET /api/v1/finance/financial-periods?page=1&limit=10 200 351ms
2026-10-02T21:26:44.824Z [info]: GET /api/v1/finance/financial-periods?page=1&limit=10 304 387ms
2026-10-02T21:27:01.159Z [info]: GET /api/v1/catalog/purchase-bills?page=1&limit=5 304 288ms
2026-10-02T21:27:03.399Z [info]: GET /api/v1/catalog/purchase-bills?page=1&limit=5&search=R001347 200 992ms
2026-10-02T21:27:05.247Z [info]: GET /api/v1/catalog/purchase-bills?page=1&limit=5 304 383ms
2026-10-02T21:27:26.036Z [info]: GET /api/v1/catalog/purchase-bills?page=2&limit=5 304 302ms
2026-10-02T21:27:27.791Z [info]: GET /api/v1/catalog/purchase-bills?page=3&limit=5 304 291ms
2026-10-02T21:27:29.471Z [info]: GET /api/v1/catalog/purchase-bills?page=4&limit=5 304 301ms
2026-10-02T21:27:32.861Z [info]: GET /api/v1/catalog/purchase-bills?page=5&limit=5 304 311ms
2026-10-02T21:27:54.716Z [info]: GET /api/v1/catalog/purchase-bills?page=1&limit=5&search=purchaseBillNo+:++***+R001347++String+supplierInvoiceNo+:++***+R001347 200 709ms
2026-10-02T21:27:56.952Z [info]: GET /api/v1/catalog/purchase-bills?page=1&limit=5 304 294ms
2026-10-02T21:28:00.942Z [info]: GET /api/v1/catalog/purchase-bills?page=1&limit=5&search=R001347 304 302ms
2026-10-02T21:28:21.150Z [info]: GET /api/v1/catalog/purchase-bills?page=2&limit=5&search=R001347 200 302ms
2026-10-02T21:28:24.307Z [info]: GET /api/v1/catalog/purchase-bills?page=1&limit=5&search=R0 200 300ms
2026-10-02T21:28:25.025Z [info]: GET /api/v1/catalog/purchase-bills?page=1&limit=5 304 317ms
2026-10-02T21:28:28.689Z [info]: GET /api/v1/catalog/purchase-bills?page=1&limit=5&search=000230 200 315ms
2026-10-02T21:28:30.954Z [info]: GET /api/v1/catalog/purchase-bills?page=1&limit=5 304 430ms
2026-10-02T21:28:34.415Z [info]: GET /api/v1/catalog/purchase-bills?page=4&limit=5 304 686ms
2026-10-02T21:28:37.798Z [info]: GET /api/v1/catalog/purchase-bills?page=1&limit=5 304 302ms
2026-10-02T21:28:39.543Z [info]: GET /api/v1/catalog/purchase-bills?page=1&limit=5&search=PGS2503152700 200 373ms
2026-10-02T21:28:41.821Z [info]: GET /api/v1/catalog/purchase-bills?page=1&limit=5 304 312ms
2026-10-02T21:29:21.435Z [info]: GET /api/v1/parties/suppliers?search=&page=1&limit=8 304 356ms
2026-10-02T21:29:21.761Z [info]: GET /api/v1/parties/suppliers?search=&page=1&limit=8 304 325ms
2026-10-02T21:29:27.983Z [info]: GET /api/v1/parties/suppliers/6ac01ad5745f2a5fee4c7a63 200 370ms
2026-10-02T21:29:28.275Z [info]: GET /api/v1/parties/suppliers/6ac01ad5745f2a5fee4c7a63/outstanding 200 252ms
2026-10-02T21:29:28.594Z [info]: GET /api/v1/parties/suppliers/6ac01ad5745f2a5fee4c7a63/purchases?page=1&limit=5 200 290ms
2026-10-02T21:29:28.874Z [info]: GET /api/v1/parties/suppliers/6ac01ad5745f2a5fee4c7a63/payments 200 242ms
2026-10-02T21:29:29.263Z [info]: GET /api/v1/parties/suppliers/6ac01ad5745f2a5fee4c7a63/ledger?page=1&limit=5 200 356ms
2026-10-02T21:29:41.265Z [info]: GET /api/v1/catalog/purchase-bills?page=1&limit=5 304 387ms
2026-10-02T21:29:45.140Z [info]: GET /api/v1/catalog/purchase-bills?page=4&limit=5 304 680ms
2026-10-02T21:29:47.717Z [info]: GET /api/v1/catalog/purchase-bills?page=5&limit=5 304 559ms
2026-10-02T21:29:49.316Z [info]: GET /api/v1/catalog/purchase-bills?page=6&limit=5 304 404ms
2026-10-02T21:29:50.777Z [info]: GET /api/v1/catalog/purchase-bills?page=7&limit=5 304 299ms
2026-10-02T21:29:52.040Z [info]: GET /api/v1/catalog/purchase-bills?page=8&limit=5 200 299ms
2026-10-02T21:29:53.266Z [info]: GET /api/v1/catalog/purchase-bills?page=9&limit=5 200 307ms
2026-10-02T21:29:54.458Z [info]: GET /api/v1/catalog/purchase-bills?page=10&limit=5 200 299ms
2026-10-02T21:29:55.978Z [info]: GET /api/v1/catalog/purchase-bills?page=11&limit=5 200 653ms
2026-10-02T21:29:56.755Z [info]: GET /api/v1/catalog/purchase-bills?page=12&limit=5 200 311ms
2026-10-02T21:29:57.980Z [info]: GET /api/v1/catalog/purchase-bills?page=13&limit=5 200 320ms
2026-10-02T21:29:59.027Z [info]: GET /api/v1/catalog/purchase-bills?page=14&limit=5 200 303ms
2026-10-02T21:30:00.059Z [info]: GET /api/v1/catalog/purchase-bills?page=15&limit=5 200 300ms
2026-10-02T21:30:01.116Z [info]: GET /api/v1/catalog/purchase-bills?page=16&limit=5 200 307ms
2026-10-02T21:30:04.152Z [info]: GET /api/v1/catalog/purchase-bills?page=1&limit=25 200 606ms
2026-10-02T21:30:06.975Z [info]: GET /api/v1/catalog/purchase-bills?page=30&limit=25 200 292ms
2026-10-02T21:30:44.124Z [info]: 🔄 MongoDB reconnected
2026-10-02T21:32:28.192Z [error]: GET /api/v1/catalog/purchase-bills?page=28&limit=25 - connect ENETUNREACH 159.41.207.46:27017
2026-10-02T21:32:33.297Z [error]: GET /api/v1/dashboard/overview - connect ENETUNREACH 159.41.207.46:27017
2026-10-02T21:32:33.597Z [error]: GET /api/v1/catalog/products?limit=10&page=1 - connect ENETUNREACH 159.41.207.46:27017
2026-10-02T21:32:36.136Z [error]: GET /api/v1/parties/suppliers?search=&page=1&limit=8 - connect ENETUNREACH 159.41.207.46:27017
2026-10-02T21:32:36.137Z [info]: GET /api/v1/parties/suppliers?search=&page=1&limit=8 500 30004ms
2026-10-02T21:32:38.745Z [error]: GET /api/v1/parties/suppliers?search=v&page=1&limit=8 - connect ENETUNREACH 159.41.207.46:27017
2026-10-02T21:32:38.891Z [error]: GET /api/v1/parties/suppliers?search=vi&page=1&limit=8 - connect ENETUNREACH 159.41.207.46:27017
2026-10-02T21:32:58.196Z [error]: GET /api/v1/parties/suppliers?search=vivek&page=1&limit=8 - connect ENETUNREACH 159.41.207.46:27017
2026-10-02T21:33:03.297Z [error]: GET /api/v1/parties/suppliers?search=&page=1&limit=8 - connect ENETUNREACH 159.41.207.46:27017
2026-10-02T21:33:23.665Z [warn]: ⚠️ MongoDB disconnected
2026-10-02T21:34:12.017Z [warn]: ⚠️ MongoDB disconnected
2026-10-02T21:34:45.845Z [error]: GET /api/v1/organization/workspaces - connect ENETUNREACH 159.41.207.46:27017
2026-10-02T21:34:45.846Z [info]: GET /api/v1/organization/workspaces 500 30004ms
2026-10-02T21:34:57.810Z [info]: 📦 MongoDB connected: ac-an0wlmj-shard-00-02.tqgbpyi.mongodb.net
2026-10-02T21:35:05.849Z [error]: GET /api/v1/organization/workspaces - connect ENETUNREACH 159.41.207.46:27017
2026-10-02T21:35:15.863Z [error]: GET /api/v1/organization/workspaces - connect ENETUNREACH 159.41.207.46:27017
2026-10-02T21:35:15.864Z [info]: GET /api/v1/organization/workspaces 500 30004ms
2026-10-02T21:35:18.802Z [info]: GET /api/v1/organization/workspaces 200 2929ms
2026-10-02T21:35:18.944Z [info]: GET /api/v1/organization/workspaces 304 139ms
2026-10-02T21:35:19.012Z [info]: GET /api/v1/core/users/me/active-context 200 178ms
2026-10-02T21:35:19.404Z [info]: GET /api/v1/organization/companies 304 376ms
2026-10-02T21:35:19.823Z [info]: GET /api/v1/organization/branches 304 406ms
2026-10-02T21:35:20.150Z [info]: GET /api/v1/core/access-control/member-access/me 304 316ms
2026-10-02T21:35:33.749Z [info]: SIGTERM received. Closing server...
2026-10-02T21:35:37.620Z [info]: 📦 MongoDB connected: ac-an0wlmj-shard-00-00.tqgbpyi.mongodb.net
2026-10-02T21:35:37.626Z [info]: 🚀 Server running on http://localhost:5001
2026-10-02T21:35:41.722Z [info]: GET /api/v1/organization/workspaces/6ab77b681fba63d384f9542d/setup-status 304 718ms
2026-10-02T21:35:42.754Z [info]: GET /api/v1/parties/suppliers?search=&page=1&limit=8 200 981ms
2026-10-02T21:35:43.419Z [info]: GET /api/v1/organization/workspaces/6ab77b681fba63d384f9542d/setup-status 304 1694ms
2026-10-02T21:35:43.544Z [info]: GET /api/v1/organization/workspaces/6ab77b681fba63d384f9542d/setup-status 304 123ms
2026-10-02T21:35:43.665Z [info]: GET /api/v1/organization/workspaces/6ab77b681fba63d384f9542d/setup-status 304 119ms
2026-10-02T21:35:43.683Z [info]: GET /api/v1/parties/suppliers?search=&page=1&limit=8 304 927ms
2026-10-02T21:35:44.031Z [info]: GET /api/v1/organization/workspaces/6ab77b681fba63d384f9542d/setup-status 304 365ms
2026-10-02T21:35:44.146Z [info]: GET /api/v1/organization/workspaces/6ab77b681fba63d384f9542d/setup-status 304 114ms
2026-10-02T21:35:44.264Z [info]: GET /api/v1/organization/workspaces/6ab77b681fba63d384f9542d/setup-status 304 117ms
2026-10-02T21:35:44.384Z [info]: GET /api/v1/organization/workspaces/6ab77b681fba63d384f9542d/setup-status 304 119ms
2026-10-02T21:35:44.503Z [info]: GET /api/v1/organization/workspaces/6ab77b681fba63d384f9542d/setup-status 304 118ms
2026-10-02T21:35:44.626Z [info]: GET /api/v1/organization/workspaces/6ab77b681fba63d384f9542d/setup-status 304 122ms
2026-10-02T21:35:44.773Z [info]: GET /api/v1/organization/workspaces/6ab77b681fba63d384f9542d/setup-status 304 146ms
2026-10-02T21:35:44.956Z [info]: GET /api/v1/organization/workspaces/6ab77b681fba63d384f9542d/setup-status 304 180ms
2026-10-02T21:35:45.081Z [info]: GET /api/v1/organization/workspaces/6ab77b681fba63d384f9542d/setup-status 304 124ms
2026-10-02T21:35:45.205Z [info]: GET /api/v1/organization/workspaces/6ab77b681fba63d384f9542d/setup-status 304 123ms
2026-10-02T21:35:45.292Z [info]: GET /api/v1/parties/suppliers?search=v&page=1&limit=8 200 294ms
2026-10-02T21:35:45.381Z [info]: GET /api/v1/parties/suppliers?search=vi&page=1&limit=8 200 283ms
2026-10-02T21:35:45.503Z [info]: GET /api/v1/parties/suppliers?search=viv&page=1&limit=8 200 275ms
2026-10-02T21:35:45.679Z [info]: GET /api/v1/parties/suppliers?search=vive&page=1&limit=8 200 282ms
2026-10-02T21:35:45.787Z [info]: GET /api/v1/parties/suppliers?search=vivek&page=1&limit=8 200 281ms
2026-10-02T21:35:47.015Z [info]: GET /api/v1/parties/suppliers/6ac01ad5745f2a5fee4c7a73 200 242ms
2026-10-02T21:35:47.295Z [info]: GET /api/v1/parties/suppliers/6ac01ad5745f2a5fee4c7a73/outstanding 200 236ms
2026-10-02T21:35:47.655Z [info]: GET /api/v1/parties/suppliers/6ac01ad5745f2a5fee4c7a73/purchases?page=1&limit=5 200 319ms
2026-10-02T21:35:47.922Z [info]: GET /api/v1/parties/suppliers/6ac01ad5745f2a5fee4c7a73/payments 200 239ms
2026-10-02T21:35:48.206Z [info]: GET /api/v1/parties/suppliers/6ac01ad5745f2a5fee4c7a73/ledger?page=1&limit=5 200 249ms
2026-10-02T21:36:34.714Z [info]: GET /api/v1/parties/suppliers?search=&page=1&limit=8 304 315ms
2026-10-02T21:36:35.030Z [info]: GET /api/v1/parties/suppliers?search=&page=1&limit=8 304 314ms
2026-10-02T21:37:28.078Z [info]: 📦 MongoDB connected: ac-an0wlmj-shard-00-02.tqgbpyi.mongodb.net
2026-10-02T21:37:28.078Z [info]: 📦 MongoDB connected: ac-an0wlmj-shard-00-02.tqgbpyi.mongodb.net
2026-10-02T21:37:28.084Z [info]: 🚀 Server running on http://localhost:5001
2026-10-02T21:39:20.112Z [info]: 📦 MongoDB connected: ac-an0wlmj-shard-00-02.tqgbpyi.mongodb.net
2026-10-02T21:39:20.117Z [info]: 🚀 Server running on http://localhost:5001
2026-10-02T21:39:20.152Z [info]: 📦 MongoDB connected: ac-an0wlmj-shard-00-02.tqgbpyi.mongodb.net
2026-10-02T21:40:42.835Z [info]: GET /api/v1/parties/suppliers?search=v&page=1&limit=8 304 339ms
2026-10-02T21:40:42.928Z [info]: GET /api/v1/parties/suppliers?search=vi&page=1&limit=8 304 309ms
2026-10-02T21:40:43.060Z [info]: GET /api/v1/parties/suppliers?search=viv&page=1&limit=8 304 319ms
2026-10-02T21:40:43.188Z [info]: GET /api/v1/parties/suppliers?search=vive&page=1&limit=8 304 301ms
2026-10-02T21:40:44.543Z [info]: GET /api/v1/parties/suppliers/6ac01ad5745f2a5fee4c7a73 304 266ms
2026-10-02T21:40:44.820Z [info]: GET /api/v1/parties/suppliers/6ac01ad5745f2a5fee4c7a73/outstanding 304 236ms
2026-10-02T21:40:45.133Z [info]: GET /api/v1/parties/suppliers/6ac01ad5745f2a5fee4c7a73/purchases?page=1&limit=5 200 287ms
2026-10-02T21:40:45.413Z [info]: GET /api/v1/parties/suppliers/6ac01ad5745f2a5fee4c7a73/payments 304 245ms
2026-10-02T21:40:45.680Z [info]: GET /api/v1/parties/suppliers/6ac01ad5745f2a5fee4c7a73/ledger?page=1&limit=5 304 238ms
2026-10-02T21:41:04.429Z [info]: GET /api/v1/catalog/purchase-bills?page=1&limit=5 200 236ms
2026-10-02T21:41:13.623Z [info]: POST /api/v1/catalog/purchase-bills/import/legacy-bills 200 5127ms
2026-10-02T21:41:14.161Z [info]: GET /api/v1/catalog/purchase-bills?page=1&limit=5 200 533ms
2026-10-02T21:41:20.223Z [info]: GET /api/v1/catalog/purchase-bills?page=146&limit=5 200 298ms
2026-10-02T21:41:24.233Z [info]: GET /api/v1/parties/suppliers?search=&page=1&limit=8 304 309ms
2026-10-02T21:41:24.540Z [info]: GET /api/v1/parties/suppliers?search=&page=1&limit=8 304 306ms
2026-10-02T21:41:30.525Z [info]: GET /api/v1/parties/suppliers?search=v&page=1&limit=8 304 303ms
2026-10-02T21:41:30.603Z [info]: GET /api/v1/parties/suppliers?search=vi&page=1&limit=8 304 286ms
2026-10-02T21:41:30.759Z [info]: GET /api/v1/parties/suppliers?search=viv&page=1&limit=8 304 303ms
2026-10-02T21:41:30.883Z [info]: GET /api/v1/parties/suppliers?search=vive&page=1&limit=8 304 304ms
2026-10-02T21:41:31.055Z [info]: GET /api/v1/parties/suppliers?search=vivek&page=1&limit=8 304 305ms
2026-10-02T21:41:32.380Z [info]: GET /api/v1/parties/suppliers/6ac01ad5745f2a5fee4c7a73 304 253ms
2026-10-02T21:41:32.658Z [info]: GET /api/v1/parties/suppliers/6ac01ad5745f2a5fee4c7a73/outstanding 304 239ms
2026-10-02T21:41:33.442Z [info]: GET /api/v1/parties/suppliers/6ac01ad5745f2a5fee4c7a73/purchases?page=1&limit=5 200 748ms
2026-10-02T21:41:33.982Z [info]: GET /api/v1/parties/suppliers/6ac01ad5745f2a5fee4c7a73/payments 304 497ms
2026-10-02T21:41:34.299Z [info]: GET /api/v1/parties/suppliers/6ac01ad5745f2a5fee4c7a73/ledger?page=1&limit=5 304 272ms
2026-10-02T21:41:49.397Z [info]: GET /api/v1/parties/suppliers/6ac01ad5745f2a5fee4c7a73/purchases?page=2&limit=5 200 368ms
2026-10-02T21:41:50.531Z [info]: GET /api/v1/parties/suppliers/6ac01ad5745f2a5fee4c7a73/purchases?page=3&limit=5 200 326ms
2026-10-02T21:41:51.622Z [info]: GET /api/v1/parties/suppliers/6ac01ad5745f2a5fee4c7a73/purchases?page=4&limit=5 200 317ms
2026-10-02T21:41:53.113Z [info]: GET /api/v1/parties/suppliers/6ac01ad5745f2a5fee4c7a73/purchases?page=3&limit=5 304 326ms
2026-10-02T21:41:58.219Z [info]: GET /api/v1/parties/suppliers/6ac01ad5745f2a5fee4c7a73/purchases?page=4&limit=5 304 330ms
2026-10-02T21:41:59.304Z [info]: GET /api/v1/parties/suppliers/6ac01ad5745f2a5fee4c7a73/purchases?page=5&limit=5 200 349ms
2026-10-02T21:42:00.439Z [info]: GET /api/v1/parties/suppliers/6ac01ad5745f2a5fee4c7a73/purchases?page=6&limit=5 200 335ms
2026-10-02T21:42:01.236Z [info]: GET /api/v1/parties/suppliers/6ac01ad5745f2a5fee4c7a73/purchases?page=7&limit=5 200 331ms
2026-10-02T21:42:02.060Z [info]: GET /api/v1/parties/suppliers/6ac01ad5745f2a5fee4c7a73/purchases?page=8&limit=5 200 336ms
2026-10-02T21:42:03.638Z [info]: GET /api/v1/parties/suppliers/6ac01ad5745f2a5fee4c7a73/purchases?page=9&limit=5 200 347ms
2026-10-02T21:42:04.613Z [info]: GET /api/v1/parties/suppliers/6ac01ad5745f2a5fee4c7a73/purchases?page=10&limit=5 200 342ms
2026-10-02T21:42:06.212Z [info]: GET /api/v1/parties/suppliers/6ac01ad5745f2a5fee4c7a73/purchases?page=11&limit=5 200 553ms
2026-10-02T21:42:06.965Z [info]: GET /api/v1/parties/suppliers/6ac01ad5745f2a5fee4c7a73/purchases?page=12&limit=5 200 339ms
2026-10-02T21:42:07.861Z [info]: GET /api/v1/parties/suppliers/6ac01ad5745f2a5fee4c7a73/purchases?page=13&limit=5 200 339ms
2026-10-02T21:43:11.012Z [info]: 📦 MongoDB connected: ac-an0wlmj-shard-00-00.tqgbpyi.mongodb.net
2026-10-02T21:43:11.018Z [info]: 🚀 Server running on http://localhost:5001
2026-10-02T21:43:11.033Z [info]: 📦 MongoDB connected: ac-an0wlmj-shard-00-00.tqgbpyi.mongodb.net
2026-10-02T21:43:37.721Z [info]: GET /api/v1/catalog/purchase-bills?page=1&limit=5 304 329ms
2026-10-02T21:43:53.575Z [info]: GET /api/v1/catalog/purchase-bills?page=1&limit=5 200 253ms
2026-10-02T21:43:58.509Z [error]: POST /api/v1/catalog/purchase-bills/import/legacy-bills - SupplierStatement is not defined
2026-10-02T21:43:58.510Z [info]: POST /api/v1/catalog/purchase-bills/import/legacy-bills 500 1227ms
2026-10-02T21:44:44.779Z [info]: SIGTERM received. Closing server...
2026-10-02T21:44:51.744Z [info]: 📦 MongoDB connected: ac-an0wlmj-shard-00-01.tqgbpyi.mongodb.net
2026-10-02T21:44:51.747Z [info]: 🚀 Server running on http://localhost:5001
2026-10-02T21:44:58.987Z [error]: POST /api/v1/catalog/purchase-bills/import/legacy-bills - SupplierStatement is not defined
2026-10-02T21:44:58.989Z [info]: POST /api/v1/catalog/purchase-bills/import/legacy-bills 500 877ms
2026-10-02T21:46:55.004Z [info]: 📦 MongoDB connected: ac-an0wlmj-shard-00-00.tqgbpyi.mongodb.net
2026-10-02T21:46:55.010Z [info]: 🚀 Server running on http://localhost:5001
2026-10-02T21:46:55.014Z [info]: 📦 MongoDB connected: ac-an0wlmj-shard-00-00.tqgbpyi.mongodb.net
2026-10-02T21:52:39.410Z [info]: 📦 MongoDB connected: ac-an0wlmj-shard-00-02.tqgbpyi.mongodb.net
2026-10-02T21:52:39.415Z [info]: 🚀 Server running on http://localhost:5001
2026-10-02T21:52:41.268Z [info]: GET /api/v1/organization/workspaces 304 1846ms
2026-10-02T21:52:42.927Z [info]: GET /api/v1/organization/workspaces 304 1657ms
2026-10-02T21:52:43.074Z [info]: GET /api/v1/core/users/me/active-context 304 1773ms
2026-10-02T21:52:44.841Z [info]: GET /api/v1/organization/companies 304 1753ms
2026-10-02T21:52:45.291Z [info]: GET /api/v1/organization/branches 304 435ms
2026-10-02T21:52:45.624Z [info]: GET /api/v1/core/access-control/member-access/me 304 318ms
2026-10-02T21:54:02.838Z [info]: GET /api/v1/organization/workspaces/6ab77b681fba63d384f9542d/setup-status 304 128ms
2026-10-02T21:54:02.960Z [info]: GET /api/v1/organization/workspaces/6ab77b681fba63d384f9542d/setup-status 304 121ms
2026-10-02T21:54:03.090Z [info]: GET /api/v1/organization/workspaces/6ab77b681fba63d384f9542d/setup-status 304 130ms
2026-10-02T21:54:03.207Z [info]: GET /api/v1/organization/workspaces/6ab77b681fba63d384f9542d/setup-status 304 116ms
2026-10-02T21:54:03.324Z [info]: GET /api/v1/organization/workspaces/6ab77b681fba63d384f9542d/setup-status 304 116ms
2026-10-02T21:54:03.454Z [info]: GET /api/v1/organization/workspaces/6ab77b681fba63d384f9542d/setup-status 304 129ms
2026-10-02T21:54:03.573Z [info]: GET /api/v1/organization/workspaces/6ab77b681fba63d384f9542d/setup-status 304 118ms
2026-10-02T21:54:04.049Z [info]: GET /api/v1/organization/workspaces/6ab77b681fba63d384f9542d/setup-status 304 473ms
2026-10-02T21:54:04.170Z [info]: GET /api/v1/organization/workspaces/6ab77b681fba63d384f9542d/setup-status 304 120ms
2026-10-02T21:54:04.171Z [info]: GET /api/v1/catalog/purchase-bills?page=1&limit=5 304 608ms
2026-10-02T21:54:04.287Z [info]: GET /api/v1/organization/workspaces/6ab77b681fba63d384f9542d/setup-status 304 116ms
2026-10-02T21:54:04.406Z [info]: GET /api/v1/organization/workspaces/6ab77b681fba63d384f9542d/setup-status 304 118ms
2026-10-02T21:54:04.529Z [info]: GET /api/v1/organization/workspaces/6ab77b681fba63d384f9542d/setup-status 304 122ms
2026-10-02T21:54:04.645Z [info]: GET /api/v1/organization/workspaces/6ab77b681fba63d384f9542d/setup-status 304 116ms
2026-10-02T21:54:04.765Z [info]: GET /api/v1/organization/workspaces/6ab77b681fba63d384f9542d/setup-status 304 119ms
2026-10-02T21:54:08.519Z [error]: POST /api/v1/catalog/purchase-bills/import/legacy-bills - SupplierStatement is not defined
2026-10-02T21:54:08.521Z [info]: POST /api/v1/catalog/purchase-bills/import/legacy-bills 500 680ms
2026-10-02T21:54:40.728Z [info]: 📦 MongoDB connected: ac-an0wlmj-shard-00-01.tqgbpyi.mongodb.net
2026-10-02T21:54:40.734Z [info]: 🚀 Server running on http://localhost:5001
2026-10-02T21:54:40.739Z [info]: 📦 MongoDB connected: ac-an0wlmj-shard-00-01.tqgbpyi.mongodb.net
2026-10-02T21:55:24.349Z [info]: 📦 MongoDB connected: ac-an0wlmj-shard-00-00.tqgbpyi.mongodb.net
2026-10-02T21:55:51.585Z [info]: 📦 MongoDB connected: ac-an0wlmj-shard-00-01.tqgbpyi.mongodb.net
2026-10-02T21:55:51.593Z [info]: 🚀 Server running on http://localhost:5001
2026-10-02T21:55:56.704Z [info]: GET /api/v1/catalog/purchase-bills?page=1&limit=5 304 440ms
2026-10-02T21:56:00.872Z [info]: POST /api/v1/catalog/purchase-bills/import/legacy-bills 200 931ms
2026-10-02T21:56:01.199Z [info]: GET /api/v1/catalog/purchase-bills?page=1&limit=5 200 323ms
2026-10-02T21:56:05.937Z [info]: GET /api/v1/catalog/purchase-bills?page=5&limit=5 200 297ms
2026-10-02T21:56:09.184Z [info]: GET /api/v1/catalog/purchase-bills?page=6&limit=5 200 464ms
2026-10-02T21:56:14.134Z [info]: GET /api/v1/parties/suppliers?search=&page=1&limit=8 304 579ms
2026-10-02T21:56:14.464Z [info]: GET /api/v1/parties/suppliers?search=&page=1&limit=8 304 329ms
2026-10-02T21:56:19.181Z [info]: GET /api/v1/parties/suppliers?search=v&page=1&limit=8 304 344ms
2026-10-02T21:56:19.301Z [info]: GET /api/v1/parties/suppliers?search=vi&page=1&limit=8 304 335ms
2026-10-02T21:56:19.386Z [info]: GET /api/v1/parties/suppliers?search=viv&page=1&limit=8 304 307ms
2026-10-02T21:56:19.906Z [info]: GET /api/v1/parties/suppliers?search=vivk&page=1&limit=8 200 257ms
2026-10-02T21:56:20.496Z [info]: GET /api/v1/parties/suppliers?search=viv&page=1&limit=8 304 292ms
2026-10-02T21:56:21.928Z [info]: GET /api/v1/parties/suppliers/6ac01ad5745f2a5fee4c7a73 304 585ms
2026-10-02T21:56:22.251Z [info]: GET /api/v1/parties/suppliers/6ac01ad5745f2a5fee4c7a73/outstanding 304 278ms
2026-10-02T21:56:22.630Z [info]: GET /api/v1/parties/suppliers/6ac01ad5745f2a5fee4c7a73/purchases?page=1&limit=5 200 342ms
2026-10-02T21:56:22.925Z [info]: GET /api/v1/parties/suppliers/6ac01ad5745f2a5fee4c7a73/payments 304 262ms
2026-10-02T21:56:23.192Z [info]: GET /api/v1/parties/suppliers/6ac01ad5745f2a5fee4c7a73/ledger?page=1&limit=5 304 236ms
2026-10-02T21:57:51.713Z [info]: 📦 MongoDB connected: ac-an0wlmj-shard-00-01.tqgbpyi.mongodb.net
2026-10-02T21:57:51.719Z [info]: 🚀 Server running on http://localhost:5001
2026-10-02T21:57:51.728Z [info]: 📦 MongoDB connected: ac-an0wlmj-shard-00-01.tqgbpyi.mongodb.net
2026-10-02T21:58:40.522Z [info]: 📦 MongoDB connected: ac-an0wlmj-shard-00-01.tqgbpyi.mongodb.net
2026-10-02T21:58:40.528Z [info]: 🚀 Server running on http://localhost:5001
2026-10-02T21:58:56.867Z [info]: GET /api/v1/parties/suppliers?search=&page=1&limit=8 304 320ms
2026-10-02T21:58:57.191Z [info]: GET /api/v1/parties/suppliers?search=&page=1&limit=8 304 323ms
2026-10-02T21:58:59.339Z [info]: GET /api/v1/catalog/purchase-bills?page=1&limit=5 200 244ms
2026-10-02T21:59:07.292Z [info]: POST /api/v1/catalog/purchase-bills/import/legacy-bills 200 4337ms
2026-10-02T21:59:07.588Z [info]: GET /api/v1/catalog/purchase-bills?page=1&limit=5 200 292ms
2026-10-02T21:59:12.957Z [info]: GET /api/v1/parties/suppliers?search=&page=1&limit=8 200 307ms
2026-10-02T21:59:13.290Z [info]: GET /api/v1/parties/suppliers?search=&page=1&limit=8 304 330ms
2026-10-02T21:59:20.376Z [info]: GET /api/v1/parties/suppliers?search=v&page=1&limit=8 200 333ms
2026-10-02T21:59:20.555Z [info]: GET /api/v1/parties/suppliers?search=vi&page=1&limit=8 200 330ms
2026-10-02T21:59:20.669Z [info]: GET /api/v1/parties/suppliers?search=viv&page=1&limit=8 200 342ms
2026-10-02T21:59:21.335Z [info]: GET /api/v1/parties/suppliers?search=vivek&page=1&limit=8 200 326ms
2026-10-02T21:59:21.337Z [info]: GET /api/v1/parties/suppliers?search=vive&page=1&limit=8 200 330ms
2026-10-02T21:59:22.813Z [info]: GET /api/v1/parties/suppliers/6ac01ad5745f2a5fee4c7a73 200 245ms
2026-10-02T21:59:23.192Z [info]: GET /api/v1/parties/suppliers/6ac01ad5745f2a5fee4c7a73/outstanding 200 336ms
2026-10-02T21:59:23.578Z [info]: GET /api/v1/parties/suppliers/6ac01ad5745f2a5fee4c7a73/purchases?page=1&limit=5 200 344ms
2026-10-02T21:59:24.091Z [info]: GET /api/v1/parties/suppliers/6ac01ad5745f2a5fee4c7a73/payments 304 482ms
2026-10-02T21:59:24.488Z [info]: GET /api/v1/parties/suppliers/6ac01ad5745f2a5fee4c7a73/ledger?page=1&limit=5 200 354ms
2026-10-02T22:01:49.461Z [info]: 📦 MongoDB connected: ac-an0wlmj-shard-00-00.tqgbpyi.mongodb.net
2026-10-02T22:01:49.465Z [info]: 🚀 Server running on http://localhost:5001
2026-10-02T22:01:49.475Z [info]: 📦 MongoDB connected: ac-an0wlmj-shard-00-00.tqgbpyi.mongodb.net
2026-10-02T22:02:41.900Z [info]: 📦 MongoDB connected: ac-an0wlmj-shard-00-00.tqgbpyi.mongodb.net
2026-10-02T22:03:55.964Z [info]: 📦 MongoDB connected: ac-an0wlmj-shard-00-00.tqgbpyi.mongodb.net
2026-10-02T22:03:55.968Z [info]: 🚀 Server running on http://localhost:5001
2026-10-02T22:04:05.492Z [info]: GET /api/v1/catalog/purchase-bills?page=1&limit=5 200 265ms
2026-10-02T22:04:09.385Z [info]: GET /api/v1/parties/suppliers?search=&page=1&limit=8 304 307ms
2026-10-02T22:04:09.700Z [info]: GET /api/v1/parties/suppliers?search=&page=1&limit=8 304 314ms
2026-10-02T22:04:31.501Z [info]: GET /api/v1/parties/suppliers?search=&page=1&limit=8 304 318ms
2026-10-02T22:04:34.234Z [info]: GET /api/v1/parties/suppliers?search=&page=1&limit=8 304 803ms
2026-10-02T22:04:34.550Z [info]: GET /api/v1/parties/suppliers?search=&page=1&limit=8 304 315ms
2026-10-02T22:04:44.684Z [info]: GET /api/v1/parties/suppliers?search=&page=1&limit=8 304 424ms
2026-10-02T22:04:44.988Z [info]: GET /api/v1/parties/suppliers?search=&page=1&limit=8 304 303ms
2026-10-02T22:04:50.700Z [info]: GET /api/v1/organization/workspaces 304 133ms
2026-10-02T22:04:50.819Z [info]: GET /api/v1/organization/workspaces 304 119ms
2026-10-02T22:04:50.897Z [info]: GET /api/v1/core/users/me/active-context 304 162ms
2026-10-02T22:04:51.332Z [info]: GET /api/v1/organization/companies 304 300ms
2026-10-02T22:04:51.370Z [info]: GET /api/v1/organization/workspaces/6ab77b681fba63d384f9542d/setup-status 304 123ms
2026-10-02T22:04:51.487Z [info]: GET /api/v1/organization/workspaces/6ab77b681fba63d384f9542d/setup-status 304 116ms
2026-10-02T22:04:51.603Z [info]: GET /api/v1/organization/workspaces/6ab77b681fba63d384f9542d/setup-status 304 115ms
2026-10-02T22:04:51.715Z [info]: GET /api/v1/parties/suppliers?search=&page=1&limit=8 304 317ms
2026-10-02T22:04:51.742Z [info]: GET /api/v1/organization/workspaces/6ab77b681fba63d384f9542d/setup-status 304 138ms
2026-10-02T22:04:51.781Z [info]: GET /api/v1/organization/branches 304 435ms
2026-10-02T22:04:51.866Z [info]: GET /api/v1/organization/workspaces/6ab77b681fba63d384f9542d/setup-status 304 123ms
2026-10-02T22:04:52.005Z [info]: GET /api/v1/organization/workspaces/6ab77b681fba63d384f9542d/setup-status 304 137ms
2026-10-02T22:04:52.036Z [info]: GET /api/v1/parties/suppliers?search=&page=1&limit=8 304 320ms
2026-10-02T22:04:52.146Z [info]: GET /api/v1/core/access-control/member-access/me 304 330ms
2026-10-02T22:04:52.148Z [info]: GET /api/v1/organization/workspaces/6ab77b681fba63d384f9542d/setup-status 304 141ms
2026-10-02T22:04:52.271Z [info]: GET /api/v1/organization/workspaces/6ab77b681fba63d384f9542d/setup-status 304 122ms
2026-10-02T22:04:52.348Z [info]: GET /api/v1/parties/suppliers?search=&page=1&limit=8 304 311ms
2026-10-02T22:04:52.391Z [info]: GET /api/v1/organization/workspaces/6ab77b681fba63d384f9542d/setup-status 304 118ms
2026-10-02T22:04:52.522Z [info]: GET /api/v1/organization/workspaces/6ab77b681fba63d384f9542d/setup-status 304 129ms
2026-10-02T22:04:52.654Z [info]: GET /api/v1/organization/workspaces/6ab77b681fba63d384f9542d/setup-status 304 130ms
2026-10-02T22:04:52.664Z [info]: GET /api/v1/parties/suppliers?search=&page=1&limit=8 304 315ms
2026-10-02T22:04:52.775Z [info]: GET /api/v1/organization/workspaces/6ab77b681fba63d384f9542d/setup-status 304 120ms
2026-10-02T22:04:52.899Z [info]: GET /api/v1/organization/workspaces/6ab77b681fba63d384f9542d/setup-status 304 122ms
2026-10-02T22:04:53.036Z [info]: GET /api/v1/organization/workspaces/6ab77b681fba63d384f9542d/setup-status 304 134ms
2026-10-02T22:04:53.165Z [info]: GET /api/v1/organization/workspaces/6ab77b681fba63d384f9542d/setup-status 304 126ms
2026-10-02T22:04:53.290Z [info]: GET /api/v1/organization/workspaces/6ab77b681fba63d384f9542d/setup-status 304 124ms
2026-10-02T22:05:00.572Z [info]: GET /api/v1/catalog/purchase-bills?page=1&limit=5 304 248ms
2026-10-02T22:05:04.442Z [info]: POST /api/v1/catalog/purchase-bills/import/legacy-bills 200 542ms
2026-10-02T22:05:04.682Z [info]: GET /api/v1/catalog/purchase-bills?page=1&limit=5 304 237ms
2026-10-02T22:05:20.689Z [info]: GET /api/v1/catalog/purchase-bills?page=1&limit=5 304 242ms
2026-10-02T22:05:22.441Z [info]: GET /api/v1/organization/workspaces 304 129ms
2026-10-02T22:05:22.571Z [info]: GET /api/v1/organization/workspaces 304 130ms
2026-10-02T22:05:22.609Z [info]: GET /api/v1/core/users/me/active-context 304 155ms
2026-10-02T22:05:22.914Z [info]: GET /api/v1/organization/companies 304 299ms
2026-10-02T22:05:23.123Z [info]: GET /api/v1/organization/workspaces/6ab77b681fba63d384f9542d/setup-status 304 145ms
2026-10-02T22:05:23.250Z [info]: GET /api/v1/organization/workspaces/6ab77b681fba63d384f9542d/setup-status 304 126ms
2026-10-02T22:05:23.320Z [info]: GET /api/v1/organization/branches 304 398ms
2026-10-02T22:05:23.369Z [info]: GET /api/v1/organization/workspaces/6ab77b681fba63d384f9542d/setup-status 304 118ms
2026-10-02T22:05:23.487Z [info]: GET /api/v1/organization/workspaces/6ab77b681fba63d384f9542d/setup-status 304 118ms
2026-10-02T22:05:23.609Z [info]: GET /api/v1/organization/workspaces/6ab77b681fba63d384f9542d/setup-status 304 121ms
2026-10-02T22:05:23.670Z [info]: GET /api/v1/core/access-control/member-access/me 304 320ms
2026-10-02T22:05:23.980Z [info]: GET /api/v1/organization/workspaces/6ab77b681fba63d384f9542d/setup-status 304 370ms
2026-10-02T22:05:24.176Z [info]: GET /api/v1/catalog/products?limit=10&page=1 200 525ms
2026-10-02T22:05:24.439Z [info]: GET /api/v1/organization/workspaces/6ab77b681fba63d384f9542d/setup-status 304 456ms
2026-10-02T22:05:24.613Z [info]: GET /api/v1/organization/workspaces/6ab77b681fba63d384f9542d/setup-status 304 173ms
2026-10-02T22:05:24.760Z [info]: GET /api/v1/organization/workspaces/6ab77b681fba63d384f9542d/setup-status 304 145ms
2026-10-02T22:05:25.003Z [info]: GET /api/v1/organization/workspaces/6ab77b681fba63d384f9542d/setup-status 304 242ms
2026-10-02T22:05:25.131Z [info]: GET /api/v1/organization/workspaces/6ab77b681fba63d384f9542d/setup-status 304 127ms
2026-10-02T22:05:25.294Z [info]: GET /api/v1/dashboard/overview 200 2111ms
2026-10-02T22:05:25.295Z [info]: GET /api/v1/organization/workspaces/6ab77b681fba63d384f9542d/setup-status 304 163ms
2026-10-02T22:05:25.411Z [info]: GET /api/v1/organization/workspaces/6ab77b681fba63d384f9542d/setup-status 304 112ms
2026-10-02T22:05:25.531Z [info]: GET /api/v1/organization/workspaces/6ab77b681fba63d384f9542d/setup-status 304 119ms
2026-10-02T22:05:26.553Z [info]: GET /api/v1/catalog/purchase-bills?page=1&limit=5 304 797ms
2026-10-02T22:05:27.066Z [info]: GET /api/v1/dashboard/overview 304 1768ms
2026-10-02T22:05:29.337Z [info]: GET /api/v1/dashboard/overview 200 2270ms
2026-10-02T22:05:31.177Z [info]: GET /api/v1/dashboard/overview 304 1835ms
2026-10-02T22:08:12.054Z [info]: 📦 MongoDB connected: ac-an0wlmj-shard-00-00.tqgbpyi.mongodb.net
2026-10-02T22:08:59.380Z [info]: SIGINT received. Closing server...
2026-10-02T22:09:02.016Z [info]: 📦 MongoDB connected: ac-an0wlmj-shard-00-00.tqgbpyi.mongodb.net
2026-10-02T22:09:02.020Z [info]: 🚀 Server running on http://localhost:5001
2026-10-02T22:10:02.970Z [info]: POST /api/v1/catalog/purchase-bills/import/legacy-bills 200 3277ms
2026-10-02T22:10:03.276Z [info]: GET /api/v1/catalog/purchase-bills?page=1&limit=5 200 301ms
2026-10-02T22:10:12.062Z [info]: GET /api/v1/catalog/purchase-bills?page=115&limit=5 200 297ms
2026-10-02T22:10:14.795Z [info]: GET /api/v1/catalog/purchase-bills?page=112&limit=5 200 582ms
2026-10-02T22:10:18.292Z [info]: GET /api/v1/parties/suppliers?search=&page=1&limit=8 200 367ms
2026-10-02T22:10:18.645Z [info]: GET /api/v1/parties/suppliers?search=&page=1&limit=8 304 352ms
2026-10-02T22:10:24.394Z [info]: GET /api/v1/parties/suppliers/6ac01ad5745f2a5fee4c7a60 200 241ms
2026-10-02T22:10:24.744Z [info]: GET /api/v1/parties/suppliers/6ac01ad5745f2a5fee4c7a60/outstanding 200 302ms
2026-10-02T22:10:25.094Z [info]: GET /api/v1/parties/suppliers/6ac01ad5745f2a5fee4c7a60/purchases?page=1&limit=5 200 319ms
2026-10-02T22:10:25.366Z [info]: GET /api/v1/parties/suppliers/6ac01ad5745f2a5fee4c7a60/payments 200 239ms
2026-10-02T22:10:25.721Z [info]: GET /api/v1/parties/suppliers/6ac01ad5745f2a5fee4c7a60/ledger?page=1&limit=5 200 328ms
2026-10-02T22:11:36.018Z [info]: GET /api/v1/parties/suppliers?search=&page=1&limit=8 304 359ms
2026-10-02T22:11:36.369Z [info]: GET /api/v1/parties/suppliers?search=&page=1&limit=8 304 350ms
2026-10-02T22:12:06.618Z [info]: GET /api/v1/parties/suppliers/6ac01ad5745f2a5fee4c7a63 200 306ms
2026-10-02T22:12:06.943Z [info]: GET /api/v1/parties/suppliers/6ac01ad5745f2a5fee4c7a63/outstanding 304 282ms
2026-10-02T22:12:07.265Z [info]: GET /api/v1/parties/suppliers/6ac01ad5745f2a5fee4c7a63/purchases?page=1&limit=5 304 280ms
2026-10-02T22:12:07.544Z [info]: GET /api/v1/parties/suppliers/6ac01ad5745f2a5fee4c7a63/payments 304 239ms
2026-10-02T22:12:07.857Z [info]: GET /api/v1/parties/suppliers/6ac01ad5745f2a5fee4c7a63/ledger?page=1&limit=5 200 271ms
2026-10-02T22:12:26.551Z [info]: GET /api/v1/parties/suppliers?search=&page=1&limit=8 304 532ms
2026-10-02T22:12:26.888Z [info]: GET /api/v1/parties/suppliers?search=&page=1&limit=8 304 336ms
2026-10-02T22:12:50.966Z [info]: GET /api/v1/parties/suppliers?search=v&page=1&limit=8 200 417ms
2026-10-02T22:12:51.068Z [info]: GET /api/v1/parties/suppliers?search=vi&page=1&limit=8 304 375ms
2026-10-02T22:12:51.128Z [info]: GET /api/v1/parties/suppliers?search=viv&page=1&limit=8 304 334ms
2026-10-02T22:12:51.305Z [info]: GET /api/v1/parties/suppliers?search=vive&page=1&limit=8 304 362ms
2026-10-02T22:12:51.439Z [info]: GET /api/v1/parties/suppliers?search=vivek&page=1&limit=8 304 332ms
2026-10-02T22:13:08.889Z [info]: GET /api/v1/parties/suppliers?search=&page=1&limit=8 304 544ms
2026-10-02T22:13:09.427Z [info]: GET /api/v1/parties/suppliers?search=s&page=1&limit=8 200 373ms
2026-10-02T22:13:09.558Z [info]: GET /api/v1/parties/suppliers?search=su&page=1&limit=8 200 353ms
2026-10-02T22:13:09.989Z [info]: GET /api/v1/parties/suppliers?search=sup&page=1&limit=8 200 344ms
2026-10-02T22:13:10.062Z [info]: GET /api/v1/parties/suppliers?search=supe&page=1&limit=8 200 320ms
2026-10-02T22:13:10.187Z [info]: GET /api/v1/parties/suppliers?search=super&page=1&limit=8 200 332ms
2026-10-02T22:13:18.796Z [info]: GET /api/v1/parties/suppliers?search=&page=1&limit=8 304 367ms
2026-10-02T22:13:19.246Z [info]: GET /api/v1/parties/suppliers?search=s&page=1&limit=8 304 342ms
2026-10-02T22:13:19.391Z [info]: GET /api/v1/parties/suppliers?search=su&page=1&limit=8 304 349ms
2026-10-02T22:13:19.724Z [info]: GET /api/v1/parties/suppliers?search=sun&page=1&limit=8 200 327ms
2026-10-02T22:13:19.771Z [info]: GET /api/v1/parties/suppliers?search=suni&page=1&limit=8 200 334ms
2026-10-02T22:13:20.124Z [info]: GET /api/v1/parties/suppliers?search=sunit&page=1&limit=8 200 319ms
2026-10-02T22:13:20.415Z [info]: GET /api/v1/parties/suppliers?search=sunita&page=1&limit=8 200 326ms
2026-10-02T22:13:44.790Z [info]: GET /api/v1/parties/suppliers?search=v&page=1&limit=8 304 349ms
2026-10-02T22:13:45.079Z [info]: GET /api/v1/parties/suppliers?search=vi&page=1&limit=8 304 319ms
2026-10-02T22:13:45.212Z [info]: GET /api/v1/parties/suppliers?search=viv&page=1&limit=8 304 336ms
2026-10-02T22:13:45.482Z [info]: GET /api/v1/parties/suppliers?search=vive&page=1&limit=8 304 353ms
2026-10-02T22:13:45.564Z [info]: GET /api/v1/parties/suppliers?search=vivek&page=1&limit=8 304 332ms
2026-10-02T22:13:46.215Z [info]: GET /api/v1/parties/suppliers?search=&page=1&limit=8 304 345ms
2026-10-02T22:14:10.835Z [info]: GET /api/v1/parties/suppliers/6ac01ad5745f2a5fee4c7a5c 200 327ms
2026-10-02T22:14:11.119Z [info]: GET /api/v1/parties/suppliers/6ac01ad5745f2a5fee4c7a5c/outstanding 200 243ms
2026-10-02T22:14:11.433Z [info]: GET /api/v1/parties/suppliers/6ac01ad5745f2a5fee4c7a5c/purchases?page=1&limit=5 200 289ms
2026-10-02T22:14:11.710Z [info]: GET /api/v1/parties/suppliers/6ac01ad5745f2a5fee4c7a5c/payments 200 242ms
2026-10-02T22:14:11.981Z [info]: GET /api/v1/parties/suppliers/6ac01ad5745f2a5fee4c7a5c/ledger?page=1&limit=5 200 242ms
2026-10-02T22:15:00.445Z [info]: GET /api/v1/parties/suppliers?search=&page=1&limit=8 304 359ms
2026-10-02T22:15:00.834Z [info]: GET /api/v1/parties/suppliers?search=&page=1&limit=8 304 388ms
2026-10-02T22:15:02.339Z [info]: GET /api/v1/parties/suppliers?search=o&page=1&limit=8 200 345ms
2026-10-02T22:15:02.406Z [info]: GET /api/v1/parties/suppliers?search=om&page=1&limit=8 200 323ms
2026-10-02T22:15:02.797Z [info]: GET /api/v1/parties/suppliers?search=om+&page=1&limit=8 200 329ms
2026-10-02T22:15:02.959Z [info]: GET /api/v1/parties/suppliers?search=om+s&page=1&limit=8 200 322ms
2026-10-02T22:15:03.163Z [info]: GET /api/v1/parties/suppliers?search=om+sa&page=1&limit=8 200 333ms
2026-10-02T22:15:03.325Z [info]: GET /api/v1/parties/suppliers?search=om+sai&page=1&limit=8 200 334ms
2026-10-02T22:15:05.365Z [info]: GET /api/v1/parties/suppliers/6ac01ad5745f2a5fee4c7a4c 200 246ms
2026-10-02T22:15:05.687Z [info]: GET /api/v1/parties/suppliers/6ac01ad5745f2a5fee4c7a4c/outstanding 200 282ms
2026-10-02T22:15:05.997Z [info]: GET /api/v1/parties/suppliers/6ac01ad5745f2a5fee4c7a4c/purchases?page=1&limit=5 200 273ms
2026-10-02T22:15:06.259Z [info]: GET /api/v1/parties/suppliers/6ac01ad5745f2a5fee4c7a4c/payments 200 229ms
2026-10-02T22:15:06.572Z [info]: GET /api/v1/parties/suppliers/6ac01ad5745f2a5fee4c7a4c/ledger?page=1&limit=5 200 274ms
2026-10-02T22:16:12.790Z [info]: 📦 MongoDB connected: ac-an0wlmj-shard-00-01.tqgbpyi.mongodb.net
2026-10-02T22:16:17.616Z [info]: 📦 MongoDB connected: ac-an0wlmj-shard-00-02.tqgbpyi.mongodb.net
2026-10-02T22:17:29.761Z [info]: GET /api/v1/parties/suppliers?search=&page=1&limit=8 200 267ms
2026-10-02T22:17:30.002Z [info]: GET /api/v1/parties/suppliers?search=&page=1&limit=8 304 238ms
2026-10-02T22:17:34.920Z [info]: POST /api/v1/parties/suppliers/import/preview 200 384ms
2026-10-02T22:17:36.985Z [info]: POST /api/v1/parties/suppliers/import/confirm 200 205ms
2026-10-02T22:17:52.186Z [info]: POST /api/v1/parties/suppliers/import/preview 200 775ms
2026-10-02T22:17:55.069Z [info]: POST /api/v1/parties/suppliers/import/confirm 200 230ms
2026-10-02T22:18:44.105Z [info]: SIGINT received. Closing server...
2026-10-02T22:18:47.282Z [info]: 📦 MongoDB connected: ac-an0wlmj-shard-00-00.tqgbpyi.mongodb.net
2026-10-02T22:18:47.285Z [info]: 🚀 Server running on http://localhost:5001
2026-10-02T22:19:01.435Z [info]: POST /api/v1/parties/suppliers/import/preview 200 357ms
2026-10-02T22:19:03.440Z [info]: POST /api/v1/parties/suppliers/import/confirm 200 251ms
2026-10-02T22:19:06.725Z [info]: 📦 MongoDB connected: ac-an0wlmj-shard-00-00.tqgbpyi.mongodb.net
2026-10-02T22:19:22.932Z [info]: SIGINT received. Closing server...
2026-10-02T22:19:24.812Z [info]: 📦 MongoDB connected: ac-an0wlmj-shard-00-02.tqgbpyi.mongodb.net
2026-10-02T22:19:24.818Z [info]: 🚀 Server running on http://localhost:5001
2026-10-02T22:19:30.834Z [info]: POST /api/v1/parties/suppliers/import/preview 200 444ms
2026-10-02T22:19:34.344Z [info]: POST /api/v1/parties/suppliers/import/confirm 200 1396ms
2026-10-02T22:19:36.216Z [info]: GET /api/v1/parties/suppliers?search=&page=1&limit=8 200 326ms
2026-10-02T22:19:42.544Z [info]: GET /api/v1/catalog/purchase-bills?page=1&limit=5 200 256ms
2026-10-02T22:19:45.859Z [error]: POST /api/v1/catalog/purchase-bills/import/legacy-bills - E11000 duplicate key error collection: erp.accounts index: companyId_1_accountName_1 dup key: { companyId: ObjectId('6ab7830e1fba63d384f95439'), accountName: "ABRIK REMEDIES PVT LTD - Supplier" }
2026-10-02T22:19:45.861Z [info]: POST /api/v1/catalog/purchase-bills/import/legacy-bills 500 624ms
2026-10-02T22:20:08.177Z [error]: POST /api/v1/catalog/purchase-bills/import/legacy-bills - E11000 duplicate key error collection: erp.accounts index: companyId_1_accountName_1 dup key: { companyId: ObjectId('6ab7830e1fba63d384f95439'), accountName: "ABRIK REMEDIES PVT LTD - Supplier" }
2026-10-02T22:20:08.178Z [info]: POST /api/v1/catalog/purchase-bills/import/legacy-bills 500 591ms
2026-10-02T22:20:37.102Z [error]: POST /api/v1/catalog/purchase-bills/import/legacy-bills - E11000 duplicate key error collection: erp.accounts index: companyId_1_accountName_1 dup key: { companyId: ObjectId('6ab7830e1fba63d384f95439'), accountName: "ABRIK REMEDIES PVT LTD - Supplier" }
2026-10-02T22:20:37.103Z [info]: POST /api/v1/catalog/purchase-bills/import/legacy-bills 500 649ms
2026-10-02T22:21:09.419Z [info]: 📦 MongoDB connected: ac-an0wlmj-shard-00-00.tqgbpyi.mongodb.net
2026-10-02T22:22:29.083Z [error]: POST /api/v1/catalog/purchase-bills/import/legacy-bills - E11000 duplicate key error collection: erp.accounts index: companyId_1_accountName_1 dup key: { companyId: ObjectId('6ab7830e1fba63d384f95439'), accountName: "ABRIK REMEDIES PVT LTD - Supplier" }
2026-10-02T22:22:29.085Z [info]: POST /api/v1/catalog/purchase-bills/import/legacy-bills 500 639ms
2026-10-02T22:22:39.866Z [info]: GET /api/v1/parties/suppliers?search=&page=1&limit=8 304 317ms
2026-10-02T22:22:40.179Z [info]: GET /api/v1/parties/suppliers?search=&page=1&limit=8 304 312ms
2026-10-02T22:22:42.244Z [info]: GET /api/v1/catalog/purchase-bills?page=1&limit=5 304 278ms
2026-10-02T22:22:46.764Z [error]: POST /api/v1/catalog/purchase-bills/import/legacy-bills - E11000 duplicate key error collection: erp.accounts index: companyId_1_accountName_1 dup key: { companyId: ObjectId('6ab7830e1fba63d384f95439'), accountName: "ABRIK REMEDIES PVT LTD - Supplier" }
2026-10-02T22:22:46.766Z [info]: POST /api/v1/catalog/purchase-bills/import/legacy-bills 500 595ms
2026-10-02T22:22:55.068Z [info]: SIGINT received. Closing server...
2026-10-02T22:23:45.655Z [info]: 📦 MongoDB connected: ac-an0wlmj-shard-00-00.tqgbpyi.mongodb.net
2026-10-02T22:23:45.661Z [info]: 🚀 Server running on http://localhost:5001
2026-10-02T22:23:51.967Z [info]: 📦 MongoDB connected: ac-an0wlmj-shard-00-01.tqgbpyi.mongodb.net
2026-10-02T22:23:51.972Z [info]: 🚀 Server running on http://localhost:5001
2026-10-02T22:24:14.907Z [info]: 📦 MongoDB connected: ac-an0wlmj-shard-00-00.tqgbpyi.mongodb.net
2026-10-02T22:24:22.676Z [info]: 📦 MongoDB connected: ac-an0wlmj-shard-00-02.tqgbpyi.mongodb.net
2026-10-02T22:24:45.109Z [info]: 📦 MongoDB connected: ac-an0wlmj-shard-00-01.tqgbpyi.mongodb.net
2026-10-02T22:24:45.116Z [info]: 🚀 Server running on http://localhost:5001
2026-10-02T22:24:47.077Z [info]: GET /api/v1/organization/workspaces 304 1931ms
2026-10-02T22:24:48.191Z [info]: GET /api/v1/organization/workspaces 304 1113ms
2026-10-02T22:24:48.874Z [info]: GET /api/v1/organization/workspaces/6ab77b681fba63d384f9542d/setup-status 304 1222ms
2026-10-02T22:24:48.876Z [info]: GET /api/v1/core/users/me/active-context 304 1758ms
2026-10-02T22:24:49.228Z [info]: GET /api/v1/organization/workspaces/6ab77b681fba63d384f9542d/setup-status 304 351ms
2026-10-02T22:24:50.133Z [info]: GET /api/v1/organization/workspaces/6ab77b681fba63d384f9542d/setup-status 304 904ms
2026-10-02T22:24:50.220Z [info]: GET /api/v1/organization/companies 304 1271ms
2026-10-02T22:24:50.292Z [info]: GET /api/v1/catalog/products?limit=10&page=1 304 969ms
2026-10-02T22:24:50.385Z [info]: GET /api/v1/organization/workspaces/6ab77b681fba63d384f9542d/setup-status 304 251ms
2026-10-02T22:24:51.010Z [info]: GET /api/v1/organization/workspaces/6ab77b681fba63d384f9542d/setup-status 304 625ms
2026-10-02T22:24:51.073Z [info]: GET /api/v1/catalog/products?limit=10&page=1 304 481ms
2026-10-02T22:24:51.140Z [info]: GET /api/v1/organization/workspaces/6ab77b681fba63d384f9542d/setup-status 304 129ms
2026-10-02T22:24:51.261Z [info]: GET /api/v1/organization/workspaces/6ab77b681fba63d384f9542d/setup-status 304 121ms
2026-10-02T22:24:51.288Z [info]: GET /api/v1/organization/branches 304 988ms
2026-10-02T22:24:51.386Z [info]: GET /api/v1/organization/workspaces/6ab77b681fba63d384f9542d/setup-status 304 124ms
2026-10-02T22:24:51.556Z [info]: GET /api/v1/organization/workspaces/6ab77b681fba63d384f9542d/setup-status 304 170ms
2026-10-02T22:24:51.968Z [info]: GET /api/v1/catalog/products?limit=10&page=1 304 313ms
2026-10-02T22:24:52.231Z [info]: GET /api/v1/organization/workspaces/6ab77b681fba63d384f9542d/setup-status 304 674ms
2026-10-02T22:24:52.306Z [info]: GET /api/v1/core/access-control/member-access/me 304 947ms
2026-10-02T22:24:52.364Z [info]: GET /api/v1/organization/workspaces/6ab77b681fba63d384f9542d/setup-status 304 132ms
2026-10-02T22:24:52.572Z [info]: GET /api/v1/organization/workspaces/6ab77b681fba63d384f9542d/setup-status 304 207ms
2026-10-02T22:24:52.698Z [info]: GET /api/v1/organization/workspaces/6ab77b681fba63d384f9542d/setup-status 304 125ms
2026-10-02T22:24:52.758Z [info]: GET /api/v1/dashboard/overview 200 2457ms
2026-10-02T22:24:52.838Z [info]: GET /api/v1/organization/workspaces/6ab77b681fba63d384f9542d/setup-status 304 140ms
2026-10-02T22:24:52.920Z [info]: GET /api/v1/catalog/purchase-bills?page=1&limit=5 304 295ms
2026-10-02T22:24:54.444Z [info]: GET /api/v1/dashboard/overview 304 1683ms
2026-10-02T22:24:56.267Z [info]: GET /api/v1/dashboard/overview 200 1822ms
2026-10-02T22:24:58.067Z [info]: GET /api/v1/dashboard/overview 304 1797ms
2026-10-02T22:25:49.687Z [info]: GET /api/v1/catalog/purchase-bills?page=1&limit=5 304 471ms
2026-10-02T22:25:57.789Z [info]: POST /api/v1/catalog/purchase-bills/import/legacy-bills 200 3803ms
2026-10-02T22:25:58.139Z [info]: GET /api/v1/catalog/purchase-bills?page=1&limit=5 200 343ms
2026-10-02T22:26:06.427Z [info]: GET /api/v1/catalog/purchase-bills?page=2&limit=5 200 920ms
2026-10-02T22:26:08.118Z [info]: GET /api/v1/catalog/purchase-bills?page=3&limit=5 200 824ms
2026-10-02T22:26:12.847Z [info]: GET /api/v1/parties/suppliers?search=&page=1&limit=8 200 344ms
2026-10-02T22:26:13.237Z [info]: GET /api/v1/parties/suppliers?search=&page=1&limit=8 304 388ms
2026-10-03T09:28:39.959Z [info]: 📦 MongoDB connected: ac-an0wlmj-shard-00-02.tqgbpyi.mongodb.net
2026-10-03T09:28:39.964Z [info]: 🚀 Server running on http://localhost:5001
2026-10-03T09:28:45.102Z [info]: GET /api/v1/organization/workspaces 304 818ms
2026-10-03T09:28:45.852Z [info]: GET /api/v1/organization/workspaces 304 746ms
2026-10-03T09:28:45.908Z [info]: GET /api/v1/core/users/me/active-context 304 781ms
2026-10-03T09:28:46.011Z [info]: GET /api/v1/organization/workspaces/6ab77b681fba63d384f9542d/setup-status 304 349ms
2026-10-03T09:28:46.274Z [info]: GET /api/v1/organization/workspaces/6ab77b681fba63d384f9542d/setup-status 304 262ms
2026-10-03T09:28:46.398Z [info]: GET /api/v1/organization/workspaces/6ab77b681fba63d384f9542d/setup-status 304 123ms
2026-10-03T09:28:46.792Z [info]: GET /api/v1/organization/companies 304 860ms
2026-10-03T09:28:46.903Z [info]: GET /api/v1/organization/workspaces/6ab77b681fba63d384f9542d/setup-status 304 504ms
2026-10-03T09:28:46.996Z [info]: GET /api/v1/catalog/products?limit=10&page=1 304 604ms
2026-10-03T09:28:47.063Z [info]: GET /api/v1/organization/workspaces/6ab77b681fba63d384f9542d/setup-status 304 159ms
2026-10-03T09:28:47.192Z [info]: GET /api/v1/organization/workspaces/6ab77b681fba63d384f9542d/setup-status 304 128ms
2026-10-03T09:28:47.341Z [info]: GET /api/v1/organization/workspaces/6ab77b681fba63d384f9542d/setup-status 304 147ms
2026-10-03T09:28:47.348Z [info]: GET /api/v1/organization/branches 304 507ms
2026-10-03T09:28:47.379Z [info]: GET /api/v1/catalog/products?limit=10&page=1 304 232ms
2026-10-03T09:28:47.495Z [info]: GET /api/v1/organization/workspaces/6ab77b681fba63d384f9542d/setup-status 304 150ms
2026-10-03T09:28:47.727Z [info]: GET /api/v1/organization/workspaces/6ab77b681fba63d384f9542d/setup-status 304 231ms
2026-10-03T09:28:47.912Z [info]: GET /api/v1/organization/workspaces/6ab77b681fba63d384f9542d/setup-status 304 183ms
2026-10-03T09:28:48.005Z [info]: GET /api/v1/core/access-control/member-access/me 304 616ms
2026-10-03T09:28:48.063Z [info]: GET /api/v1/organization/workspaces/6ab77b681fba63d384f9542d/setup-status 304 150ms
2026-10-03T09:28:48.221Z [info]: GET /api/v1/organization/workspaces/6ab77b681fba63d384f9542d/setup-status 304 156ms
2026-10-03T09:28:48.239Z [info]: GET /api/v1/catalog/products?limit=10&page=1 304 544ms
2026-10-03T09:28:48.400Z [info]: GET /api/v1/organization/workspaces/6ab77b681fba63d384f9542d/setup-status 304 178ms
2026-10-03T09:28:48.658Z [info]: GET /api/v1/organization/workspaces/6ab77b681fba63d384f9542d/setup-status 304 256ms
2026-10-03T09:28:48.846Z [info]: GET /api/v1/dashboard/overview 200 2004ms
2026-10-03T09:28:52.232Z [info]: GET /api/v1/dashboard/overview 304 3385ms
2026-10-03T09:28:57.688Z [info]: GET /api/v1/dashboard/overview 200 5455ms
2026-10-03T09:28:59.935Z [info]: GET /api/v1/dashboard/overview 304 2244ms
2026-10-03T09:29:08.123Z [info]: GET /api/v1/parties/suppliers?search=&page=1&limit=8 304 951ms
2026-10-03T09:29:09.283Z [info]: GET /api/v1/parties/suppliers?search=&page=1&limit=8 304 1159ms
2026-10-03T09:29:13.985Z [info]: GET /api/v1/parties/suppliers?search=&page=4&limit=8 200 454ms
2026-10-03T09:29:15.134Z [info]: GET /api/v1/parties/suppliers/6ac02df5ef830b64021feaa4 200 234ms
2026-10-03T09:29:15.432Z [info]: GET /api/v1/parties/suppliers/6ac02df5ef830b64021feaa4/outstanding 200 257ms
2026-10-03T09:29:15.758Z [info]: GET /api/v1/parties/suppliers/6ac02df5ef830b64021feaa4/purchases?page=1&limit=5 200 286ms
2026-10-03T09:29:16.251Z [info]: GET /api/v1/parties/suppliers/6ac02df5ef830b64021feaa4/payments 200 474ms
2026-10-03T09:29:16.911Z [info]: GET /api/v1/parties/suppliers/6ac02df5ef830b64021feaa4/ledger?page=1&limit=5 200 622ms
2026-10-03T09:29:22.689Z [info]: GET /api/v1/parties/suppliers?search=&page=1&limit=8 304 1015ms
2026-10-03T09:29:23.631Z [info]: GET /api/v1/parties/suppliers?search=&page=1&limit=8 304 941ms
2026-10-03T09:29:24.439Z [info]: GET /api/v1/parties/suppliers/6ac02df5ef830b64021feab4 200 438ms
2026-10-03T09:29:25.266Z [info]: GET /api/v1/parties/suppliers/6ac02df5ef830b64021feab4/outstanding 200 788ms
2026-10-03T09:29:26.582Z [info]: GET /api/v1/parties/suppliers/6ac02df5ef830b64021feab4/purchases?page=1&limit=5 200 1277ms
2026-10-03T09:29:27.027Z [info]: GET /api/v1/parties/suppliers/6ac02df5ef830b64021feab4/payments 200 416ms
2026-10-03T09:29:27.599Z [info]: GET /api/v1/parties/suppliers/6ac02df5ef830b64021feab4/ledger?page=1&limit=5 200 549ms
2026-10-03T09:29:36.694Z [info]: GET /api/v1/parties/suppliers?search=&page=1&limit=8 304 1326ms
2026-10-03T09:29:38.101Z [info]: GET /api/v1/parties/suppliers?search=&page=1&limit=8 304 1406ms
2026-10-03T09:30:27.767Z [info]: GET /api/v1/parties/suppliers?search=&page=1&limit=8 304 1080ms
2026-10-03T09:30:29.840Z [info]: GET /api/v1/parties/suppliers?search=&page=1&limit=8 304 1455ms
2026-10-03T09:30:30.576Z [info]: GET /api/v1/parties/suppliers?search=&page=1&limit=8 304 735ms
2026-10-03T09:30:33.271Z [info]: GET /api/v1/parties/suppliers/6ac02df5ef830b64021feab4 304 451ms
2026-10-03T09:30:34.393Z [info]: GET /api/v1/parties/suppliers/6ac02df5ef830b64021feab4/outstanding 304 1085ms
2026-10-03T09:30:35.638Z [info]: GET /api/v1/parties/suppliers/6ac02df5ef830b64021feab4/purchases?page=1&limit=5 200 1218ms
2026-10-03T09:30:36.538Z [info]: GET /api/v1/parties/suppliers/6ac02df5ef830b64021feab4/payments 304 877ms
2026-10-03T09:30:37.623Z [info]: GET /api/v1/parties/suppliers/6ac02df5ef830b64021feab4/ledger?page=1&limit=5 304 1058ms
2026-10-03T09:31:30.850Z [info]: GET /api/v1/parties/suppliers?search=&page=1&limit=8 304 1058ms
2026-10-03T09:31:31.641Z [info]: GET /api/v1/parties/suppliers?search=&page=1&limit=8 304 790ms
2026-10-03T09:31:34.394Z [info]: GET /api/v1/parties/suppliers/6ac02df5ef830b64021feab4 304 722ms
2026-10-03T09:31:35.291Z [info]: GET /api/v1/parties/suppliers/6ac02df5ef830b64021feab4/outstanding 304 807ms
2026-10-03T09:31:36.193Z [info]: GET /api/v1/parties/suppliers/6ac02df5ef830b64021feab4/purchases?page=1&limit=5 304 807ms
2026-10-03T09:31:37.146Z [info]: GET /api/v1/parties/suppliers/6ac02df5ef830b64021feab4/payments 304 859ms
2026-10-03T09:31:38.686Z [info]: GET /api/v1/parties/suppliers/6ac02df5ef830b64021feab4/ledger?page=1&limit=5 304 1453ms
2026-10-03T09:33:02.279Z [info]: GET /api/v1/organization/workspaces 304 342ms
2026-10-03T09:33:02.588Z [info]: GET /api/v1/organization/workspaces 304 308ms
2026-10-03T09:33:02.746Z [info]: GET /api/v1/core/users/me/active-context 304 442ms
2026-10-03T09:33:03.201Z [info]: GET /api/v1/organization/workspaces/6ab77b681fba63d384f9542d/setup-status 304 349ms
2026-10-03T09:33:03.376Z [info]: GET /api/v1/organization/companies 304 617ms
2026-10-03T09:33:03.431Z [info]: GET /api/v1/organization/workspaces/6ab77b681fba63d384f9542d/setup-status 304 228ms
2026-10-03T09:33:03.693Z [info]: GET /api/v1/organization/workspaces/6ab77b681fba63d384f9542d/setup-status 304 261ms
2026-10-03T09:33:03.963Z [info]: GET /api/v1/organization/branches 304 519ms
2026-10-03T09:33:03.981Z [info]: GET /api/v1/catalog/products?limit=10&page=1 304 235ms
2026-10-03T09:33:03.996Z [info]: GET /api/v1/organization/workspaces/6ab77b681fba63d384f9542d/setup-status 304 302ms
2026-10-03T09:33:04.267Z [info]: GET /api/v1/organization/workspaces/6ab77b681fba63d384f9542d/setup-status 304 270ms
2026-10-03T09:33:04.527Z [info]: GET /api/v1/core/access-control/member-access/me 304 513ms
2026-10-03T09:33:04.573Z [info]: GET /api/v1/organization/workspaces/6ab77b681fba63d384f9542d/setup-status 304 305ms
2026-10-03T09:33:04.595Z [info]: GET /api/v1/catalog/products?limit=10&page=1 304 280ms
2026-10-03T09:33:04.826Z [info]: GET /api/v1/organization/workspaces/6ab77b681fba63d384f9542d/setup-status 304 252ms
2026-10-03T09:33:05.714Z [info]: GET /api/v1/organization/workspaces/6ab77b681fba63d384f9542d/setup-status 304 887ms
2026-10-03T09:33:05.953Z [info]: GET /api/v1/dashboard/overview 200 2487ms
2026-10-03T09:33:06.178Z [info]: GET /api/v1/organization/workspaces/6ab77b681fba63d384f9542d/setup-status 304 463ms
2026-10-03T09:33:06.566Z [info]: GET /api/v1/organization/workspaces/6ab77b681fba63d384f9542d/setup-status 304 386ms
2026-10-03T09:33:06.831Z [info]: GET /api/v1/organization/workspaces/6ab77b681fba63d384f9542d/setup-status 304 263ms
2026-10-03T09:33:07.643Z [info]: GET /api/v1/organization/workspaces/6ab77b681fba63d384f9542d/setup-status 304 809ms
2026-10-03T09:33:07.789Z [info]: GET /api/v1/organization/workspaces/6ab77b681fba63d384f9542d/setup-status 304 145ms
2026-10-03T09:33:08.188Z [info]: GET /api/v1/dashboard/overview 304 2234ms
2026-10-03T09:33:08.228Z [info]: GET /api/v1/organization/workspaces/6ab77b681fba63d384f9542d/setup-status 304 437ms
2026-10-03T09:33:10.215Z [info]: GET /api/v1/dashboard/overview 200 2025ms
2026-10-03T09:33:13.507Z [info]: GET /api/v1/dashboard/overview 304 3290ms
2026-10-03T09:33:18.518Z [info]: GET /api/v1/parties/suppliers?search=&page=1&limit=8 304 767ms
2026-10-03T09:33:19.351Z [info]: GET /api/v1/parties/suppliers?search=&page=1&limit=8 304 832ms
2026-10-03T09:33:23.980Z [info]: GET /api/v1/parties/suppliers/6ac02df5ef830b64021feab4 304 1598ms
2026-10-03T09:33:25.782Z [info]: GET /api/v1/parties/suppliers/6ac02df5ef830b64021feab4/outstanding 304 1759ms
2026-10-03T09:33:26.788Z [info]: GET /api/v1/parties/suppliers/6ac02df5ef830b64021feab4/purchases?page=1&limit=5 304 977ms
2026-10-03T09:33:27.491Z [info]: GET /api/v1/parties/suppliers/6ac02df5ef830b64021feab4/payments 304 676ms
2026-10-03T09:33:29.517Z [info]: GET /api/v1/parties/suppliers/6ac02df5ef830b64021feab4/ledger?page=1&limit=5 200 2001ms
2026-10-03T09:33:49.462Z [info]: GET /api/v1/organization/workspaces 304 149ms
2026-10-03T09:33:49.722Z [info]: GET /api/v1/core/users/me/active-context 304 249ms
2026-10-03T09:33:49.730Z [info]: GET /api/v1/organization/workspaces 304 268ms
2026-10-03T09:33:50.199Z [info]: GET /api/v1/organization/workspaces/6ab77b681fba63d384f9542d/setup-status 304 184ms
2026-10-03T09:33:50.242Z [info]: GET /api/v1/organization/companies 304 511ms
2026-10-03T09:33:50.329Z [info]: GET /api/v1/organization/workspaces/6ab77b681fba63d384f9542d/setup-status 304 127ms
2026-10-03T09:33:50.460Z [info]: GET /api/v1/organization/workspaces/6ab77b681fba63d384f9542d/setup-status 304 130ms
2026-10-03T09:33:50.590Z [info]: GET /api/v1/organization/workspaces/6ab77b681fba63d384f9542d/setup-status 304 129ms
2026-10-03T09:33:50.722Z [info]: GET /api/v1/organization/workspaces/6ab77b681fba63d384f9542d/setup-status 304 131ms
2026-10-03T09:33:50.736Z [info]: GET /api/v1/organization/branches 304 445ms
2026-10-03T09:33:50.792Z [info]: GET /api/v1/catalog/products?limit=10&page=1 304 192ms
2026-10-03T09:33:50.865Z [info]: GET /api/v1/organization/workspaces/6ab77b681fba63d384f9542d/setup-status 304 142ms
2026-10-03T09:33:51.113Z [info]: GET /api/v1/organization/workspaces/6ab77b681fba63d384f9542d/setup-status 304 247ms
2026-10-03T09:33:51.381Z [info]: GET /api/v1/organization/workspaces/6ab77b681fba63d384f9542d/setup-status 304 267ms
2026-10-03T09:33:51.384Z [info]: GET /api/v1/core/access-control/member-access/me 304 619ms
2026-10-03T09:33:51.553Z [info]: GET /api/v1/catalog/products?limit=10&page=1 304 488ms
2026-10-03T09:33:51.791Z [info]: GET /api/v1/organization/workspaces/6ab77b681fba63d384f9542d/setup-status 304 403ms
2026-10-03T09:33:52.198Z [info]: GET /api/v1/dashboard/overview 200 1905ms
2026-10-03T09:33:52.199Z [info]: GET /api/v1/organization/workspaces/6ab77b681fba63d384f9542d/setup-status 304 408ms
2026-10-03T09:33:52.370Z [info]: GET /api/v1/organization/workspaces/6ab77b681fba63d384f9542d/setup-status 304 170ms
2026-10-03T09:33:52.495Z [info]: GET /api/v1/organization/workspaces/6ab77b681fba63d384f9542d/setup-status 304 125ms
2026-10-03T09:33:52.666Z [info]: GET /api/v1/organization/workspaces/6ab77b681fba63d384f9542d/setup-status 304 169ms
2026-10-03T09:33:52.811Z [info]: GET /api/v1/organization/workspaces/6ab77b681fba63d384f9542d/setup-status 304 143ms
2026-10-03T09:33:54.449Z [info]: GET /api/v1/dashboard/overview 304 2249ms
2026-10-03T09:33:54.951Z [info]: GET /api/v1/parties/suppliers?search=&page=1&limit=8 304 718ms
2026-10-03T09:33:55.492Z [info]: GET /api/v1/parties/suppliers?search=&page=1&limit=8 304 540ms
2026-10-03T09:33:56.838Z [info]: GET /api/v1/dashboard/overview 200 2387ms
2026-10-03T09:33:58.858Z [info]: GET /api/v1/dashboard/overview 304 2019ms
2026-10-03T09:34:23.108Z [info]: GET /api/v1/parties/suppliers?search=&page=1&limit=8 304 940ms
2026-10-03T09:36:23.466Z [info]: GET /api/v1/parties/suppliers?search=&page=1&limit=8 200 697ms
2026-10-03T09:36:25.831Z [info]: GET /api/v1/parties/suppliers?search=&page=1&limit=8 304 1065ms
2026-10-03T09:36:31.050Z [info]: POST /api/v1/parties/suppliers/import/preview 200 863ms
2026-10-03T09:36:36.258Z [info]: POST /api/v1/parties/suppliers/import/confirm 200 1980ms
2026-10-03T09:36:39.224Z [info]: GET /api/v1/parties/suppliers?search=&page=1&limit=8 200 1389ms
2026-10-03T09:36:43.538Z [info]: GET /api/v1/parties/suppliers?search=&page=4&limit=8 200 1361ms
2026-10-03T09:36:49.834Z [info]: GET /api/v1/parties/suppliers/6ac0cca373999b027e34e8f3 200 457ms
2026-10-03T09:36:50.870Z [info]: GET /api/v1/parties/suppliers/6ac0cca373999b027e34e8f3/outstanding 200 992ms
2026-10-03T09:36:51.955Z [info]: GET /api/v1/parties/suppliers/6ac0cca373999b027e34e8f3/purchases?page=1&limit=5 200 1044ms
2026-10-03T09:36:53.168Z [info]: GET /api/v1/parties/suppliers/6ac0cca373999b027e34e8f3/payments 200 1185ms
2026-10-03T09:36:54.309Z [info]: GET /api/v1/parties/suppliers/6ac0cca373999b027e34e8f3/ledger?page=1&limit=5 200 1114ms
2026-10-03T09:36:55.743Z [info]: GET /api/v1/parties/suppliers?search=&page=1&limit=8 304 683ms
2026-10-03T09:36:57.057Z [info]: GET /api/v1/catalog/products?limit=10&page=1 304 325ms
2026-10-03T09:36:57.059Z [info]: GET /api/v1/parties/suppliers?search=&page=1&limit=8 304 1314ms
2026-10-03T09:37:00.398Z [info]: GET /api/v1/parties/suppliers?search=&page=1&limit=8 304 981ms
2026-10-03T09:37:01.367Z [info]: GET /api/v1/parties/suppliers?search=&page=1&limit=8 304 968ms
2026-10-03T09:37:03.668Z [info]: GET /api/v1/catalog/purchase-bills?page=1&limit=5 200 992ms
2026-10-03T09:37:10.444Z [info]: GET /api/v1/dashboard/overview 304 14011ms
2026-10-03T09:37:14.587Z [info]: GET /api/v1/dashboard/overview 304 4141ms
2026-10-03T09:37:43.302Z [info]: GET /api/v1/catalog/purchase-bills?page=1&limit=5 304 470ms
2026-10-03T09:37:44.489Z [info]: GET /api/v1/catalog/purchase-bills?page=1&limit=5 304 611ms
2026-10-03T09:37:55.517Z [error]: POST /api/v1/catalog/purchase-bills/import/legacy-bills - Caused by :: Write conflict during plan execution and yielding is disabled. :: Please retry your operation or multi-document transaction.
2026-10-03T09:38:28.191Z [info]: GET /api/v1/catalog/purchase-bills?page=1&limit=5 304 378ms
2026-10-03T09:38:32.288Z [info]: PATCH /api/v1/core/users/me/active-context 200 367ms
2026-10-03T09:38:32.459Z [info]: GET /api/v1/organization/branches 200 538ms
2026-10-03T09:38:32.471Z [info]: GET /api/v1/catalog/products?limit=10&page=1 304 219ms
2026-10-03T09:38:35.074Z [info]: GET /api/v1/catalog/products?limit=10&page=1 304 256ms
2026-10-03T09:38:35.978Z [info]: GET /api/v1/catalog/products?limit=10&page=1 304 184ms
2026-10-03T09:38:36.044Z [info]: GET /api/v1/dashboard/overview 200 4094ms
2026-10-03T09:38:36.826Z [info]: GET /api/v1/catalog/products?limit=10&page=1 304 349ms
2026-10-03T09:38:40.809Z [info]: GET /api/v1/dashboard/overview 304 4764ms
2026-10-03T09:38:44.519Z [info]: GET /api/v1/dashboard/overview 304 3709ms
2026-10-03T09:38:46.800Z [info]: GET /api/v1/dashboard/overview 304 2280ms
2026-10-03T09:38:49.193Z [info]: PATCH /api/v1/core/users/me/active-context 200 701ms
2026-10-03T09:38:49.196Z [info]: GET /api/v1/catalog/products?limit=10&page=1 304 403ms
2026-10-03T09:38:49.559Z [info]: GET /api/v1/dashboard/overview 304 2757ms
2026-10-03T09:38:51.579Z [info]: GET /api/v1/dashboard/overview 304 2018ms
2026-10-03T09:38:52.163Z [info]: GET /api/v1/catalog/purchase-bills?page=1&limit=5 304 416ms
2026-10-03T09:38:54.013Z [info]: GET /api/v1/dashboard/overview 304 2433ms
2026-10-03T09:38:56.450Z [info]: GET /api/v1/parties/suppliers?search=&page=1&limit=8 200 773ms
2026-10-03T09:38:57.098Z [info]: GET /api/v1/parties/suppliers?search=&page=1&limit=8 304 646ms
2026-10-03T09:39:02.246Z [info]: PATCH /api/v1/core/users/me/active-context 200 2602ms
2026-10-03T09:39:07.886Z [info]: GET /api/v1/organization/branches 200 8242ms
2026-10-03T09:39:07.887Z [info]: GET /api/v1/parties/suppliers?search=&page=1&limit=8 200 8245ms
2026-10-03T09:39:09.437Z [info]: GET /api/v1/parties/suppliers?search=&page=1&limit=8 200 1549ms
2026-10-03T09:39:18.548Z [info]: PATCH /api/v1/core/users/me/active-context 200 4867ms
2026-10-03T09:39:18.975Z [info]: GET /api/v1/parties/suppliers?search=&page=1&limit=8 304 5293ms
2026-10-03T09:39:22.722Z [info]: GET /api/v1/parties/suppliers?search=&page=1&limit=8 200 3745ms
2026-10-03T09:39:25.113Z [info]: GET /api/v1/catalog/purchase-bills?page=1&limit=5 304 2229ms
2026-10-03T09:39:33.117Z [info]: GET /api/v1/parties/suppliers?search=&page=1&limit=8 200 1476ms
2026-10-03T09:39:34.684Z [info]: GET /api/v1/parties/suppliers?search=&page=1&limit=8 304 1563ms
2026-10-03T09:39:35.244Z [info]: GET /api/v1/parties/suppliers/6ac0cca373999b027e34e910 200 579ms
2026-10-03T09:39:35.856Z [info]: GET /api/v1/parties/suppliers/6ac0cca373999b027e34e910/outstanding 200 579ms
2026-10-03T09:39:36.735Z [info]: GET /api/v1/parties/suppliers/6ac0cca373999b027e34e910/purchases?page=1&limit=5 200 838ms
2026-10-03T09:39:38.090Z [info]: GET /api/v1/parties/suppliers/6ac0cca373999b027e34e910/payments 200 1339ms
2026-10-03T09:39:39.364Z [info]: GET /api/v1/parties/suppliers/6ac0cca373999b027e34e910/ledger?page=1&limit=5 200 1248ms
2026-10-03T09:40:15.868Z [info]: GET /api/v1/catalog/purchase-bills?page=1&limit=5 200 1671ms
2026-10-03T09:40:51.035Z [info]: GET /api/v1/catalog/purchase-bills?page=3&limit=5 200 416ms
2026-10-03T09:43:05.660Z [info]: GET /api/v1/catalog/purchase-bills?page=3&limit=5 304 1094ms
2026-10-03T09:43:07.040Z [info]: GET /api/v1/catalog/purchase-bills?page=3&limit=5 304 795ms
2026-10-03T09:43:36.451Z [info]: GET /api/v1/catalog/purchase-bills?page=5&limit=5 200 663ms
2026-10-03T09:44:03.082Z [info]: GET /api/v1/catalog/purchase-bills?page=1&limit=5 304 744ms
2026-10-03T09:44:04.063Z [info]: PATCH /api/v1/core/users/me/active-context 200 2122ms
2026-10-03T09:44:07.642Z [info]: GET /api/v1/catalog/purchase-bills?page=1&limit=5 304 536ms
2026-10-03T09:44:08.302Z [info]: PATCH /api/v1/core/users/me/active-context 200 1598ms
2026-10-03T09:44:11.104Z [info]: PATCH /api/v1/core/users/me/active-context 200 1297ms
2026-10-03T09:44:11.375Z [info]: GET /api/v1/catalog/purchase-bills?page=1&limit=5 304 1172ms
2026-10-03T09:44:42.397Z [info]: POST /api/v1/catalog/purchase-bills/import/legacy-bills 200 12516ms
2026-10-03T09:44:43.310Z [info]: GET /api/v1/catalog/purchase-bills?page=1&limit=5 304 907ms
2026-10-03T09:45:50.995Z [info]: GET /api/v1/catalog/purchase-bills?page=1&limit=5 200 547ms
2026-10-03T09:46:04.073Z [info]: POST /api/v1/catalog/purchase-bills/import/legacy-bills 200 10647ms
2026-10-03T09:46:04.693Z [info]: GET /api/v1/catalog/purchase-bills?page=1&limit=5 200 618ms
2026-10-03T09:48:58.514Z [info]: POST /api/v1/core/auth/login 200 556ms
2026-10-03T09:48:58.746Z [info]: GET /api/v1/organization/workspaces 200 208ms
2026-10-03T09:48:59.272Z [info]: GET /api/v1/core/users/me/active-context 200 512ms
2026-10-03T09:48:59.673Z [info]: GET /api/v1/organization/workspaces/6ab77b681fba63d384f9542d/setup-status 200 289ms
2026-10-03T09:48:59.973Z [info]: GET /api/v1/organization/companies 200 691ms
2026-10-03T09:49:00.471Z [info]: GET /api/v1/catalog/products?limit=10&page=1 200 179ms
2026-10-03T09:49:00.859Z [info]: GET /api/v1/organization/branches 200 868ms
2026-10-03T09:49:01.446Z [info]: GET /api/v1/catalog/products?limit=10&page=1 304 254ms
2026-10-03T09:49:01.562Z [info]: GET /api/v1/core/access-control/member-access/me 200 672ms
2026-10-03T09:49:02.529Z [info]: GET /api/v1/dashboard/overview 200 2537ms
2026-10-03T09:49:03.643Z [info]: GET /api/v1/dashboard/overview 200 2752ms
2026-10-03T09:49:14.065Z [info]: GET /api/v1/organization/workspaces/6ab77b681fba63d384f9542d/members 200 304ms
2026-10-03T09:49:20.840Z [info]: GET /api/v1/parties/suppliers?search=&page=1&limit=8 200 680ms
2026-10-03T09:49:27.450Z [info]: GET /api/v1/catalog/purchase-bills?page=1&limit=5 200 974ms
2026-10-03T09:51:51.516Z [info]: GET /api/v1/catalog/purchase-bills?page=1&limit=5 304 545ms
2026-10-03T09:52:16.658Z [info]: GET /api/v1/parties/suppliers?search=&page=1&limit=8 304 463ms
2026-10-03T09:52:16.798Z [info]: GET /api/v1/parties/suppliers?search=&page=1&limit=8 200 602ms
2026-10-03T10:02:25.903Z [info]: GET /api/v1/parties/suppliers?search=&page=1&limit=8 304 823ms
2026-10-03T10:03:51.434Z [info]: GET /api/v1/parties/suppliers?search=&page=1&limit=8 304 848ms
2026-10-03T10:04:05.057Z [info]: GET /api/v1/parties/suppliers?search=&page=1&limit=8 200 1783ms
2026-10-03T10:04:33.581Z [info]: GET /api/v1/parties/suppliers?search=&page=1&limit=8 304 584ms
2026-10-03T10:04:45.335Z [info]: POST /api/v1/parties/suppliers/import/preview 200 1013ms
2026-10-03T10:04:49.334Z [info]: POST /api/v1/parties/suppliers/import/confirm 200 1630ms
2026-10-03T10:04:51.945Z [info]: GET /api/v1/parties/suppliers?search=&page=1&limit=8 200 650ms
2026-10-03T10:04:56.735Z [info]: GET /api/v1/sales/invoices?page=1&limit=5 200 626ms
2026-10-03T10:04:57.956Z [info]: GET /api/v1/catalog/purchase-bills?page=1&limit=5 200 563ms
2026-10-03T10:05:40.894Z [info]: GET /api/v1/parties/suppliers?search=&page=1&limit=8 200 634ms
2026-10-03T10:06:27.428Z [info]: GET /api/v1/sales/invoices?page=1&limit=5 200 377ms
2026-10-03T10:06:27.429Z [info]: GET /api/v1/sales/invoices?page=1&limit=5 304 379ms
2026-10-03T10:06:37.952Z [info]: GET /api/v1/catalog/purchase-bills?page=1&limit=5 304 417ms
2026-10-03T10:07:00.941Z [info]: POST /api/v1/catalog/purchase-bills/import/legacy-bills 200 8485ms
2026-10-03T10:07:02.499Z [info]: GET /api/v1/catalog/purchase-bills?page=1&limit=5 200 1547ms
2026-10-03T10:07:20.698Z [info]: GET /api/v1/parties/suppliers?search=&page=1&limit=8 200 566ms
2026-10-03T10:07:20.705Z [info]: GET /api/v1/parties/suppliers?search=&page=1&limit=8 200 572ms
2026-10-03T10:07:23.474Z [info]: GET /api/v1/parties/suppliers/6ac0d34073999b027e34ef5a 200 739ms
2026-10-03T10:07:24.491Z [info]: GET /api/v1/parties/suppliers/6ac0d34073999b027e34ef5a/outstanding 200 971ms
2026-10-03T10:07:26.646Z [info]: GET /api/v1/parties/suppliers/6ac0d34073999b027e34ef5a/purchases?page=1&limit=5 200 2114ms
2026-10-03T10:07:27.105Z [info]: GET /api/v1/parties/suppliers/6ac0d34073999b027e34ef5a/payments 200 427ms
2026-10-03T10:07:27.650Z [info]: GET /api/v1/parties/suppliers/6ac0d34073999b027e34ef5a/ledger?page=1&limit=5 200 514ms
2026-10-03T10:08:51.443Z [info]: GET /api/v1/parties/suppliers?search=&page=1&limit=8 304 815ms
2026-10-03T10:08:51.580Z [info]: GET /api/v1/parties/suppliers?search=&page=1&limit=8 304 951ms
2026-10-03T10:08:52.798Z [info]: GET /api/v1/parties/suppliers/6ac0d34073999b027e34ef5a 304 360ms
2026-10-03T10:08:53.576Z [info]: GET /api/v1/parties/suppliers/6ac0d34073999b027e34ef5a/outstanding 304 738ms
2026-10-03T10:08:54.246Z [info]: GET /api/v1/parties/suppliers/6ac0d34073999b027e34ef5a/purchases?page=1&limit=5 304 631ms
2026-10-03T10:08:54.913Z [info]: GET /api/v1/parties/suppliers/6ac0d34073999b027e34ef5a/payments 304 641ms
2026-10-03T10:08:55.904Z [info]: GET /api/v1/parties/suppliers/6ac0d34073999b027e34ef5a/ledger?page=1&limit=5 200 964ms
2026-10-03T10:09:41.916Z [info]: GET /api/v1/parties/suppliers?search=&page=1&limit=8 304 604ms
2026-10-03T10:09:41.958Z [info]: GET /api/v1/parties/suppliers?search=&page=1&limit=8 304 646ms
2026-10-03T10:09:45.063Z [info]: GET /api/v1/parties/suppliers/6ac0d34073999b027e34ef5a 304 1451ms
2026-10-03T10:09:45.706Z [info]: GET /api/v1/parties/suppliers/6ac0d34073999b027e34ef5a/outstanding 304 604ms
2026-10-03T10:09:46.622Z [info]: GET /api/v1/parties/suppliers/6ac0d34073999b027e34ef5a/purchases?page=1&limit=5 304 886ms
2026-10-03T10:09:47.145Z [info]: GET /api/v1/parties/suppliers/6ac0d34073999b027e34ef5a/payments 304 509ms
2026-10-03T10:09:48.163Z [info]: GET /api/v1/parties/suppliers/6ac0d34073999b027e34ef5a/ledger?page=1&limit=5 304 998ms
2026-10-03T10:11:04.108Z [info]: GET /api/v1/organization/workspaces 304 130ms
2026-10-03T10:11:04.492Z [info]: GET /api/v1/core/users/me/active-context 304 373ms
2026-10-03T10:11:04.843Z [info]: GET /api/v1/organization/workspaces/6ab77b681fba63d384f9542d/setup-status 304 165ms
2026-10-03T10:11:04.932Z [info]: GET /api/v1/organization/companies 304 427ms
2026-10-03T10:11:05.409Z [info]: GET /api/v1/organization/branches 304 447ms
2026-10-03T10:11:05.459Z [info]: GET /api/v1/catalog/products?limit=10&page=1 304 193ms
2026-10-03T10:11:06.099Z [info]: GET /api/v1/catalog/products?limit=10&page=1 304 356ms
2026-10-03T10:11:06.225Z [info]: GET /api/v1/core/access-control/member-access/me 304 783ms
2026-10-03T10:11:08.122Z [info]: GET /api/v1/dashboard/overview 200 2681ms
2026-10-03T10:11:09.917Z [info]: GET /api/v1/dashboard/overview 200 4954ms
2026-10-03T10:11:11.402Z [info]: GET /api/v1/parties/suppliers?search=&page=1&limit=8 304 375ms
2026-10-03T10:11:11.429Z [info]: GET /api/v1/parties/suppliers?search=&page=1&limit=8 304 401ms
2026-10-03T10:11:13.536Z [info]: GET /api/v1/parties/suppliers/6ac0d34073999b027e34ef5a 304 905ms
2026-10-03T10:11:14.297Z [info]: GET /api/v1/parties/suppliers/6ac0d34073999b027e34ef5a/outstanding 304 735ms
2026-10-03T10:11:15.108Z [info]: GET /api/v1/parties/suppliers/6ac0d34073999b027e34ef5a/purchases?page=1&limit=5 304 771ms
2026-10-03T10:11:15.665Z [info]: GET /api/v1/parties/suppliers/6ac0d34073999b027e34ef5a/payments 304 520ms
2026-10-03T10:11:16.366Z [info]: GET /api/v1/parties/suppliers/6ac0d34073999b027e34ef5a/ledger?page=1&limit=5 304 672ms
2026-10-03T10:12:04.318Z [info]: GET /api/v1/parties/suppliers/6ac0d34073999b027e34ef5a/purchases?page=2&limit=5 200 835ms
2026-10-03T10:12:09.607Z [info]: GET /api/v1/organization/workspaces 200 211ms
2026-10-03T10:12:09.608Z [info]: GET /api/v1/organization/workspaces 304 214ms
2026-10-03T10:12:09.994Z [info]: GET /api/v1/core/users/me/active-context 304 370ms
2026-10-03T10:12:10.291Z [info]: GET /api/v1/organization/workspaces/6ab77b681fba63d384f9542d/setup-status 304 126ms
2026-10-03T10:12:10.292Z [info]: GET /api/v1/organization/workspaces/6ab77b681fba63d384f9542d/setup-status 304 127ms
2026-10-03T10:12:10.417Z [info]: GET /api/v1/organization/companies 304 418ms
2026-10-03T10:12:10.925Z [info]: GET /api/v1/organization/branches 304 489ms
2026-10-03T10:12:10.935Z [info]: GET /api/v1/catalog/products?limit=10&page=1 304 195ms
2026-10-03T10:12:11.498Z [info]: GET /api/v1/catalog/products?limit=10&page=1 304 228ms
2026-10-03T10:12:11.666Z [info]: GET /api/v1/core/access-control/member-access/me 304 697ms
2026-10-03T10:12:12.398Z [info]: GET /api/v1/dashboard/overview 200 1961ms
2026-10-03T10:12:15.161Z [info]: GET /api/v1/parties/suppliers?search=&page=1&limit=8 304 405ms
2026-10-03T10:12:15.178Z [info]: GET /api/v1/parties/suppliers?search=&page=1&limit=8 304 420ms
2026-10-03T10:12:16.396Z [info]: GET /api/v1/dashboard/overview 200 5428ms
2026-10-03T10:12:20.123Z [info]: GET /api/v1/parties/suppliers/6ac0d34073999b027e34ef59 200 477ms
2026-10-03T10:12:20.682Z [info]: GET /api/v1/parties/suppliers/6ac0d34073999b027e34ef59/outstanding 200 527ms
2026-10-03T10:12:21.359Z [info]: GET /api/v1/parties/suppliers/6ac0d34073999b027e34ef59/purchases?page=1&limit=5 200 638ms
2026-10-03T10:12:21.551Z [info]: GET /api/v1/parties/suppliers?search=&page=1&limit=8 304 412ms
2026-10-03T10:12:21.631Z [info]: GET /api/v1/parties/suppliers?search=&page=1&limit=8 304 490ms
2026-10-03T10:12:21.674Z [info]: GET /api/v1/parties/suppliers/6ac0d34073999b027e34ef59/payments 200 293ms
2026-10-03T10:12:22.413Z [info]: GET /api/v1/parties/suppliers/6ac0d34073999b027e34ef59/ledger?page=1&limit=5 200 716ms
2026-10-03T10:12:23.703Z [info]: GET /api/v1/parties/suppliers/6ac0d34073999b027e34ef5a 304 975ms
2026-10-03T10:12:24.388Z [info]: GET /api/v1/parties/suppliers/6ac0d34073999b027e34ef5a/outstanding 304 648ms
2026-10-03T10:12:25.192Z [info]: GET /api/v1/parties/suppliers/6ac0d34073999b027e34ef5a/purchases?page=1&limit=5 200 766ms
2026-10-03T10:12:26.077Z [info]: GET /api/v1/parties/suppliers/6ac0d34073999b027e34ef5a/payments 304 856ms
2026-10-03T10:12:26.870Z [info]: GET /api/v1/parties/suppliers/6ac0d34073999b027e34ef5a/ledger?page=1&limit=5 304 759ms
2026-10-03T10:13:03.547Z [info]: GET /api/v1/organization/workspaces 200 130ms
2026-10-03T10:13:03.557Z [info]: GET /api/v1/organization/workspaces 304 141ms
2026-10-03T10:13:04.232Z [info]: GET /api/v1/core/users/me/active-context 304 674ms
2026-10-03T10:13:04.233Z [info]: GET /api/v1/organization/workspaces/6ab77b681fba63d384f9542d/setup-status 304 155ms
2026-10-03T10:13:04.236Z [info]: GET /api/v1/organization/workspaces/6ab77b681fba63d384f9542d/setup-status 304 159ms
2026-10-03T10:13:05.035Z [info]: GET /api/v1/catalog/products?limit=10&page=1 304 417ms
2026-10-03T10:13:05.103Z [info]: GET /api/v1/organization/companies 304 861ms
2026-10-03T10:13:05.610Z [info]: GET /api/v1/catalog/products?limit=10&page=1 304 176ms
2026-10-03T10:13:05.838Z [info]: GET /api/v1/organization/branches 304 705ms
2026-10-03T10:13:06.310Z [info]: GET /api/v1/core/access-control/member-access/me 304 429ms
2026-10-03T10:13:06.462Z [info]: GET /api/v1/catalog/products?limit=10&page=1 304 282ms
2026-10-03T10:13:07.262Z [info]: GET /api/v1/parties/suppliers?search=&page=1&limit=8 304 648ms
2026-10-03T10:13:07.309Z [info]: GET /api/v1/parties/suppliers?search=&page=1&limit=8 304 693ms
2026-10-03T10:13:08.314Z [info]: GET /api/v1/dashboard/overview 304 2434ms
2026-10-03T10:13:10.249Z [info]: GET /api/v1/dashboard/overview 200 5115ms
2026-10-03T10:13:32.121Z [info]: GET /api/v1/parties/suppliers?search=&page=1&limit=8 200 686ms
2026-10-03T10:13:32.378Z [info]: GET /api/v1/parties/suppliers?search=&page=1&limit=8 200 454ms
2026-10-03T10:13:36.864Z [info]: GET /api/v1/parties/suppliers?search=&page=1&limit=8 304 283ms
2026-10-03T10:13:36.948Z [info]: GET /api/v1/parties/suppliers?search=&page=1&limit=8 304 367ms
2026-10-03T10:13:39.921Z [info]: POST /api/v1/parties/suppliers/import/preview 200 466ms
2026-10-03T10:13:49.377Z [info]: POST /api/v1/parties/suppliers/import/confirm 200 1433ms
2026-10-03T10:13:51.597Z [info]: GET /api/v1/parties/suppliers?search=&page=1&limit=8 200 398ms
2026-10-03T10:13:54.963Z [info]: GET /api/v1/parties/suppliers/6ac0d55c73999b027e34f5b3 200 1395ms
2026-10-03T10:14:02.358Z [info]: GET /api/v1/parties/suppliers/6ac0d55c73999b027e34f5b3/outstanding 200 7353ms
2026-10-03T10:14:03.026Z [info]: GET /api/v1/parties/suppliers/6ac0d55c73999b027e34f5b3/purchases?page=1&limit=5 200 649ms
2026-10-03T10:14:04.453Z [info]: GET /api/v1/parties/suppliers/6ac0d55c73999b027e34f5b3/payments 200 1409ms
2026-10-03T10:14:05.299Z [info]: GET /api/v1/parties/suppliers/6ac0d55c73999b027e34f5b3/ledger?page=1&limit=5 200 810ms
2026-10-03T10:14:06.609Z [info]: GET /api/v1/parties/suppliers?search=&page=1&limit=8 304 759ms
2026-10-03T10:14:09.288Z [info]: GET /api/v1/parties/suppliers/6ac0d55c73999b027e34f5b5 200 733ms
2026-10-03T10:14:10.064Z [info]: GET /api/v1/parties/suppliers/6ac0d55c73999b027e34f5b5/outstanding 200 738ms
2026-10-03T10:14:11.045Z [info]: GET /api/v1/parties/suppliers/6ac0d55c73999b027e34f5b5/purchases?page=1&limit=5 200 946ms
2026-10-03T10:14:11.764Z [info]: GET /api/v1/parties/suppliers/6ac0d55c73999b027e34f5b5/payments 200 691ms
2026-10-03T10:14:12.090Z [info]: GET /api/v1/parties/suppliers/6ac0d55c73999b027e34f5b5/ledger?page=1&limit=5 200 296ms
2026-10-03T10:14:14.441Z [info]: GET /api/v1/parties/customers 200 1009ms
2026-10-03T10:14:22.011Z [info]: GET /api/v1/parties/suppliers?search=&page=1&limit=8 304 751ms
2026-10-03T10:14:22.023Z [info]: GET /api/v1/parties/suppliers?search=&page=1&limit=8 304 763ms
2026-10-03T10:14:33.565Z [info]: GET /api/v1/catalog/purchase-bills?page=1&limit=5 200 700ms
2026-10-03T10:15:41.506Z [info]: GET /api/v1/catalog/purchase-bills?page=1&limit=5 304 299ms
2026-10-03T10:15:42.299Z [info]: GET /api/v1/catalog/purchase-bills?page=1&limit=5 304 299ms
2026-10-03T10:15:42.624Z [info]: GET /api/v1/catalog/purchase-bills?page=1&limit=5 304 258ms
2026-10-03T10:16:01.663Z [info]: PATCH /api/v1/core/users/me/active-context 200 526ms
2026-10-03T10:16:01.960Z [info]: GET /api/v1/catalog/purchase-bills?page=1&limit=5 304 424ms
2026-10-03T10:16:03.674Z [info]: PATCH /api/v1/core/users/me/active-context 200 362ms
2026-10-03T10:16:04.127Z [info]: GET /api/v1/catalog/purchase-bills?page=1&limit=5 304 420ms
2026-10-03T10:16:06.708Z [info]: GET /api/v1/parties/suppliers?search=&page=1&limit=8 200 347ms
2026-10-03T10:16:06.719Z [info]: GET /api/v1/parties/suppliers?search=&page=1&limit=8 200 357ms
2026-10-03T10:16:12.816Z [info]: GET /api/v1/parties/suppliers?search=&page=3&limit=8 200 421ms
2026-10-03T10:16:22.945Z [info]: GET /api/v1/parties/suppliers?search=&page=4&limit=8 200 468ms
2026-10-03T10:16:26.266Z [info]: GET /api/v1/parties/suppliers?search=&page=3&limit=8 200 998ms
2026-10-03T10:16:27.857Z [info]: GET /api/v1/parties/suppliers/6ac0d55c73999b027e34f5a7 200 446ms
2026-10-03T10:16:29.246Z [info]: GET /api/v1/parties/suppliers/6ac0d55c73999b027e34f5a7/outstanding 200 1347ms
2026-10-03T10:16:30.638Z [info]: GET /api/v1/parties/suppliers/6ac0d55c73999b027e34f5a7/purchases?page=1&limit=5 200 1364ms
2026-10-03T10:16:31.294Z [info]: GET /api/v1/parties/suppliers/6ac0d55c73999b027e34f5a7/payments 200 623ms
2026-10-03T10:16:31.992Z [info]: GET /api/v1/parties/suppliers/6ac0d55c73999b027e34f5a7/ledger?page=1&limit=5 200 671ms
2026-10-03T10:17:01.636Z [info]: GET /api/v1/catalog/purchase-bills?page=1&limit=5 200 663ms
2026-10-03T10:17:25.159Z [info]: GET /api/v1/parties/suppliers?search=&page=1&limit=8 200 745ms
2026-10-03T10:17:25.439Z [info]: GET /api/v1/parties/suppliers?search=&page=1&limit=8 200 1025ms
2026-10-03T10:17:32.055Z [info]: GET /api/v1/parties/suppliers/6ac0d55c73999b027e34f5b7 200 1103ms
2026-10-03T10:17:32.700Z [info]: GET /api/v1/parties/suppliers/6ac0d55c73999b027e34f5b7/outstanding 200 606ms
2026-10-03T10:17:33.272Z [info]: GET /api/v1/parties/suppliers/6ac0d55c73999b027e34f5b7/purchases?page=1&limit=5 200 535ms
2026-10-03T10:17:34.003Z [info]: GET /api/v1/parties/suppliers/6ac0d55c73999b027e34f5b7/payments 200 717ms
2026-10-03T10:17:34.787Z [info]: GET /api/v1/parties/suppliers/6ac0d55c73999b027e34f5b7/ledger?page=1&limit=5 200 753ms
2026-10-03T10:18:44.995Z [info]: GET /api/v1/parties/suppliers?search=&page=1&limit=8 200 460ms
2026-10-03T10:18:45.193Z [info]: GET /api/v1/parties/suppliers?search=&page=1&limit=8 200 657ms
2026-10-03T10:18:49.179Z [info]: GET /api/v1/parties/suppliers/6ac0d55c73999b027e34f5b7 304 1368ms
2026-10-03T10:18:50.257Z [info]: GET /api/v1/parties/suppliers/6ac0d55c73999b027e34f5b7/outstanding 200 1036ms
2026-10-03T10:18:51.336Z [info]: GET /api/v1/parties/suppliers/6ac0d55c73999b027e34f5b7/purchases?page=1&limit=5 304 1046ms
2026-10-03T10:18:51.853Z [info]: GET /api/v1/parties/suppliers/6ac0d55c73999b027e34f5b7/payments 304 487ms
2026-10-03T10:18:52.824Z [info]: GET /api/v1/parties/suppliers/6ac0d55c73999b027e34f5b7/ledger?page=1&limit=5 200 948ms
2026-10-03T10:19:00.208Z [info]: GET /api/v1/catalog/products?limit=10&page=1 304 241ms
2026-10-03T10:19:04.713Z [info]: GET /api/v1/dashboard/overview 200 5048ms
2026-10-03T10:19:05.019Z [info]: GET /api/v1/dashboard/overview 200 5353ms
2026-10-03T10:19:22.435Z [info]: GET /api/v1/parties/suppliers?search=&page=1&limit=8 304 451ms
2026-10-03T10:19:22.672Z [info]: GET /api/v1/parties/suppliers?search=&page=1&limit=8 304 686ms
2026-10-03T10:19:24.503Z [info]: GET /api/v1/parties/suppliers/6ac0d55c73999b027e34f5b7 304 474ms
2026-10-03T10:19:25.147Z [info]: GET /api/v1/parties/suppliers/6ac0d55c73999b027e34f5b7/outstanding 304 604ms
2026-10-03T10:19:25.999Z [info]: GET /api/v1/parties/suppliers/6ac0d55c73999b027e34f5b7/purchases?page=1&limit=5 200 817ms
2026-10-03T10:19:27.001Z [info]: GET /api/v1/parties/suppliers/6ac0d55c73999b027e34f5b7/payments 304 977ms
2026-10-03T10:19:27.522Z [info]: GET /api/v1/parties/suppliers/6ac0d55c73999b027e34f5b7/ledger?page=1&limit=5 304 495ms
2026-10-03T10:19:33.220Z [info]: GET /api/v1/catalog/purchase-bills?page=1&limit=5 200 388ms
2026-10-03T10:19:54.154Z [info]: POST /api/v1/catalog/purchase-bills/import/legacy-bills 200 8885ms
2026-10-03T10:19:55.079Z [info]: GET /api/v1/catalog/purchase-bills?page=1&limit=5 200 911ms
2026-10-03T10:20:18.488Z [info]: GET /api/v1/parties/suppliers?search=&page=1&limit=8 304 643ms
2026-10-03T10:20:18.490Z [info]: GET /api/v1/parties/suppliers?search=&page=1&limit=8 304 644ms
2026-10-03T10:20:23.068Z [info]: GET /api/v1/parties/suppliers/6ac0d55c73999b027e34f5b7 304 255ms
2026-10-03T10:20:23.404Z [info]: GET /api/v1/parties/suppliers/6ac0d55c73999b027e34f5b7/outstanding 304 298ms
2026-10-03T10:20:23.812Z [info]: GET /api/v1/parties/suppliers/6ac0d55c73999b027e34f5b7/purchases?page=1&limit=5 200 371ms
2026-10-03T10:20:24.120Z [info]: GET /api/v1/parties/suppliers/6ac0d55c73999b027e34f5b7/payments 304 263ms
2026-10-03T10:20:24.492Z [info]: GET /api/v1/parties/suppliers/6ac0d55c73999b027e34f5b7/ledger?page=1&limit=5 304 330ms
2026-10-03T10:20:32.720Z [info]: GET /api/v1/parties/suppliers?search=&page=1&limit=8 304 616ms
2026-10-03T10:20:32.774Z [info]: GET /api/v1/parties/suppliers?search=&page=1&limit=8 304 670ms
2026-10-03T10:21:17.865Z [info]: GET /api/v1/parties/suppliers/6ac0d55c73999b027e34f5b7 304 324ms
2026-10-03T10:21:18.406Z [info]: GET /api/v1/parties/suppliers/6ac0d55c73999b027e34f5b7/outstanding 304 499ms
2026-10-03T10:21:18.731Z [info]: GET /api/v1/parties/suppliers/6ac0d55c73999b027e34f5b7/purchases?page=1&limit=5 200 289ms
2026-10-03T10:21:19.010Z [info]: GET /api/v1/parties/suppliers/6ac0d55c73999b027e34f5b7/payments 304 238ms
2026-10-03T10:21:19.316Z [info]: GET /api/v1/parties/suppliers/6ac0d55c73999b027e34f5b7/ledger?page=1&limit=5 304 291ms
2026-10-03T10:21:24.328Z [info]: GET /api/v1/catalog/purchase-bills?page=1&limit=5 200 741ms
2026-10-03T10:21:34.442Z [info]: POST /api/v1/catalog/purchase-bills/import/legacy-bills 200 5595ms
2026-10-03T10:21:34.744Z [info]: GET /api/v1/catalog/purchase-bills?page=1&limit=5 200 285ms
2026-10-03T10:22:17.382Z [info]: GET /api/v1/catalog/purchase-bills?page=1&limit=5 304 298ms
2026-10-03T10:22:30.472Z [info]: GET /api/v1/catalog/purchase-bills?page=1&limit=5 304 317ms
2026-10-03T10:22:31.658Z [info]: GET /api/v1/catalog/purchase-bills?page=1&limit=5 304 292ms
2026-10-03T10:22:46.274Z [info]: GET /api/v1/catalog/purchase-bills?page=1&limit=5 304 289ms
2026-10-03T10:23:22.687Z [info]: GET /api/v1/parties/suppliers?search=&page=1&limit=8 304 564ms
2026-10-03T10:23:22.697Z [info]: GET /api/v1/parties/suppliers?search=&page=1&limit=8 304 576ms
2026-10-03T10:23:25.495Z [info]: GET /api/v1/parties/suppliers/6ac0d55c73999b027e34f5b7 304 312ms
2026-10-03T10:23:25.861Z [info]: GET /api/v1/parties/suppliers/6ac0d55c73999b027e34f5b7/outstanding 304 323ms
2026-10-03T10:23:26.228Z [info]: GET /api/v1/parties/suppliers/6ac0d55c73999b027e34f5b7/purchases?page=1&limit=5 200 336ms
2026-10-03T10:23:26.840Z [info]: GET /api/v1/parties/suppliers/6ac0d55c73999b027e34f5b7/payments 304 572ms
2026-10-03T10:23:27.191Z [info]: GET /api/v1/parties/suppliers/6ac0d55c73999b027e34f5b7/ledger?page=1&limit=5 304 323ms
2026-10-03T10:26:19.547Z [info]: SIGINT received. Closing server...
2026-10-03T10:26:23.030Z [info]: 📦 MongoDB connected: ac-an0wlmj-shard-00-00.tqgbpyi.mongodb.net
2026-10-03T10:26:23.033Z [info]: 🚀 Server running on http://localhost:5001
2026-10-03T10:27:04.570Z [info]: SIGINT received. Closing server...
2026-10-03T10:27:09.722Z [info]: 📦 MongoDB connected: ac-an0wlmj-shard-00-02.tqgbpyi.mongodb.net
2026-10-03T10:27:09.725Z [info]: 🚀 Server running on http://localhost:5001
2026-10-03T10:27:52.019Z [info]: GET /api/v1/catalog/purchase-bills?page=1&limit=5 200 244ms
2026-10-03T10:27:56.244Z [error]: POST /api/v1/catalog/purchase-bills/import/legacy-bills - JournalVoucher validation failed: createdBy: Created by user is required
2026-10-03T10:27:56.245Z [info]: POST /api/v1/catalog/purchase-bills/import/legacy-bills 500 1076ms
2026-10-03T10:28:08.078Z [info]: 📦 MongoDB connected: ac-an0wlmj-shard-00-00.tqgbpyi.mongodb.net
2026-10-03T10:28:08.084Z [info]: 🚀 Server running on http://localhost:5001
2026-10-03T10:28:13.198Z [info]: 📦 MongoDB connected: ac-an0wlmj-shard-00-01.tqgbpyi.mongodb.net
2026-10-03T10:28:13.201Z [info]: 🚀 Server running on http://localhost:5001
2026-10-03T10:29:00.401Z [info]: 📦 MongoDB connected: ac-an0wlmj-shard-00-02.tqgbpyi.mongodb.net
2026-10-03T10:29:00.406Z [info]: 🚀 Server running on http://localhost:5001
2026-10-03T10:29:06.880Z [info]: GET /api/v1/catalog/purchase-bills?page=1&limit=5 304 937ms
2026-10-03T10:29:06.929Z [info]: GET /api/v1/parties/suppliers?limit=10&search= 200 2346ms
2026-10-03T10:29:07.529Z [info]: GET /api/v1/parties/suppliers/6ac0d55c73999b027e34f5b4/outstanding 200 590ms
2026-10-03T10:29:07.532Z [info]: GET /api/v1/parties/suppliers/6ac0d55c73999b027e34f5b5/outstanding 304 591ms
2026-10-03T10:29:07.564Z [info]: GET /api/v1/parties/suppliers/6ac0d55c73999b027e34f5b8/outstanding 200 623ms
2026-10-03T10:29:07.576Z [info]: GET /api/v1/parties/suppliers/6ac0d55c73999b027e34f5b7/outstanding 304 635ms
2026-10-03T10:29:07.617Z [info]: GET /api/v1/parties/suppliers/6ac0d55c73999b027e34f5b3/outstanding 304 676ms
2026-10-03T10:29:07.834Z [info]: GET /api/v1/parties/suppliers/6ac0d55c73999b027e34f5b6/outstanding 200 301ms
2026-10-03T10:29:07.872Z [info]: GET /api/v1/parties/suppliers/6ac0d55c73999b027e34f5b2/outstanding 200 306ms
2026-10-03T10:29:07.875Z [info]: GET /api/v1/parties/suppliers/6ac0d55c73999b027e34f5b1/outstanding 200 343ms
2026-10-03T10:29:07.929Z [info]: GET /api/v1/parties/suppliers/6ac0d55c73999b027e34f5b0/outstanding 200 352ms
2026-10-03T10:29:07.931Z [info]: GET /api/v1/catalog/purchase-bills?page=1&limit=5 304 313ms
2026-10-03T10:29:08.447Z [info]: GET /api/v1/parties/suppliers/6ac0d55c73999b027e34f5b9/outstanding 200 1507ms
2026-10-03T10:29:21.550Z [error]: POST /api/v1/catalog/purchase-bills/import/legacy-bills - JournalVoucher validation failed: createdBy: Created by user is required
2026-10-03T10:29:21.552Z [info]: POST /api/v1/catalog/purchase-bills/import/legacy-bills 500 10537ms
2026-10-03T10:29:58.052Z [info]: 📦 MongoDB connected: ac-an0wlmj-shard-00-01.tqgbpyi.mongodb.net
2026-10-03T10:29:58.058Z [info]: 🚀 Server running on http://localhost:5001
2026-10-03T10:31:12.622Z [info]: GET /api/v1/catalog/purchase-bills?page=1&limit=5 304 253ms
2026-10-03T10:31:13.434Z [info]: GET /api/v1/catalog/purchase-bills?page=1&limit=5 304 238ms
2026-10-03T10:31:14.333Z [info]: GET /api/v1/catalog/purchase-bills?page=1&limit=5 304 245ms
2026-10-03T10:31:19.891Z [error]: POST /api/v1/catalog/purchase-bills/import/legacy-bills - Caused by :: Write conflict during plan execution and yielding is disabled. :: Please retry your operation or multi-document transaction.
2026-10-03T10:31:19.892Z [info]: POST /api/v1/catalog/purchase-bills/import/legacy-bills 500 1021ms
2026-10-03T10:31:42.434Z [error]: POST /api/v1/catalog/purchase-bills/import/legacy-bills - Transaction with { txnNumber: 1 } has been aborted.
2026-10-03T10:32:08.141Z [info]: 📦 MongoDB connected: ac-an0wlmj-shard-00-00.tqgbpyi.mongodb.net
2026-10-03T10:32:08.147Z [info]: 🚀 Server running on http://localhost:5001
2026-10-03T10:32:13.406Z [info]: 📦 MongoDB connected: ac-an0wlmj-shard-00-01.tqgbpyi.mongodb.net
2026-10-03T10:32:13.410Z [info]: 🚀 Server running on http://localhost:5001
2026-10-03T10:32:47.477Z [info]: 📦 MongoDB connected: ac-an0wlmj-shard-00-02.tqgbpyi.mongodb.net
2026-10-03T10:32:47.481Z [info]: 🚀 Server running on http://localhost:5001
2026-10-03T10:32:55.656Z [info]: 📦 MongoDB connected: ac-an0wlmj-shard-00-00.tqgbpyi.mongodb.net
2026-10-03T10:32:55.660Z [info]: 🚀 Server running on http://localhost:5001
2026-10-03T10:33:22.734Z [info]: 📦 MongoDB connected: ac-an0wlmj-shard-00-02.tqgbpyi.mongodb.net
2026-10-03T10:33:22.740Z [info]: 🚀 Server running on http://localhost:5001
2026-10-03T10:34:18.142Z [info]: GET /api/v1/catalog/purchase-bills?page=1&limit=5 200 495ms
2026-10-03T10:35:02.819Z [info]: GET /api/v1/parties/suppliers?search=&page=1&limit=8 200 380ms
2026-10-03T10:35:03.008Z [info]: GET /api/v1/parties/suppliers?search=&page=1&limit=8 200 568ms
2026-10-03T10:35:06.387Z [info]: GET /api/v1/parties/suppliers/6ac0d55c73999b027e34f5b7 304 252ms
2026-10-03T10:35:06.699Z [info]: GET /api/v1/parties/suppliers/6ac0d55c73999b027e34f5b7/outstanding 200 271ms
2026-10-03T10:35:07.406Z [info]: GET /api/v1/parties/suppliers/6ac0d55c73999b027e34f5b7/purchases?page=1&limit=5 200 669ms
2026-10-03T10:35:07.688Z [info]: GET /api/v1/parties/suppliers/6ac0d55c73999b027e34f5b7/payments 304 240ms
2026-10-03T10:35:08.047Z [info]: GET /api/v1/parties/suppliers/6ac0d55c73999b027e34f5b7/ledger?page=1&limit=5 200 335ms
2026-10-03T10:35:13.395Z [info]: 📦 MongoDB connected: ac-an0wlmj-shard-00-02.tqgbpyi.mongodb.net
2026-10-03T10:35:13.400Z [info]: 🚀 Server running on http://localhost:5001
2026-10-03T10:35:18.508Z [info]: 📦 MongoDB connected: ac-an0wlmj-shard-00-02.tqgbpyi.mongodb.net
2026-10-03T10:35:18.510Z [info]: 🚀 Server running on http://localhost:5001
2026-10-03T10:35:24.932Z [info]: 📦 MongoDB connected: ac-an0wlmj-shard-00-01.tqgbpyi.mongodb.net
2026-10-03T10:35:24.935Z [info]: 🚀 Server running on http://localhost:5001
2026-10-03T10:35:42.894Z [info]: 📦 MongoDB connected: ac-an0wlmj-shard-00-00.tqgbpyi.mongodb.net
2026-10-03T10:35:42.898Z [info]: 🚀 Server running on http://localhost:5001
2026-10-03T10:36:07.756Z [info]: 📦 MongoDB connected: ac-an0wlmj-shard-00-02.tqgbpyi.mongodb.net
2026-10-03T10:36:07.760Z [info]: 🚀 Server running on http://localhost:5001
2026-10-03T10:36:25.494Z [info]: 📦 MongoDB connected: ac-an0wlmj-shard-00-01.tqgbpyi.mongodb.net
2026-10-03T10:36:25.501Z [info]: 🚀 Server running on http://localhost:5001
2026-10-03T10:36:32.232Z [info]: GET /api/v1/parties/suppliers?search=&page=1&limit=8 304 3135ms
2026-10-03T10:36:36.150Z [info]: GET /api/v1/catalog/purchase-bills?page=1&limit=5 304 321ms
2026-10-03T10:37:17.265Z [info]: GET /api/v1/catalog/purchase-bills?page=1&limit=5 200 290ms
2026-10-03T10:37:18.632Z [info]: GET /api/v1/parties/suppliers?search=&page=1&limit=8 200 406ms
2026-10-03T10:37:18.688Z [info]: GET /api/v1/parties/suppliers?search=&page=1&limit=8 200 463ms
2026-10-03T10:37:22.111Z [info]: GET /api/v1/catalog/purchase-bills?page=1&limit=5 304 808ms
2026-10-03T10:37:38.388Z [info]: POST /api/v1/catalog/purchase-bills/import/legacy-bills 200 13622ms
2026-10-03T10:37:38.707Z [info]: GET /api/v1/catalog/purchase-bills?page=1&limit=5 200 305ms
2026-10-03T10:38:18.260Z [info]: GET /api/v1/catalog/purchase-bills?page=4&limit=5 200 280ms
2026-10-03T10:38:20.832Z [info]: GET /api/v1/catalog/purchase-bills?page=5&limit=5 200 303ms
2026-10-03T10:38:24.331Z [info]: GET /api/v1/catalog/purchase-bills?page=6&limit=5 200 297ms
2026-10-03T10:38:26.199Z [info]: GET /api/v1/catalog/purchase-bills?page=115&limit=5 200 581ms
2026-10-03T10:38:41.584Z [info]: GET /api/v1/parties/suppliers?search=&page=1&limit=8 200 478ms
2026-10-03T10:38:41.586Z [info]: GET /api/v1/parties/suppliers?search=&page=1&limit=8 200 481ms
2026-10-03T10:38:47.229Z [info]: GET /api/v1/parties/suppliers/6ac0d55c73999b027e34f5b7 304 325ms
2026-10-03T10:38:47.663Z [info]: GET /api/v1/parties/suppliers/6ac0d55c73999b027e34f5b7/outstanding 304 390ms
2026-10-03T10:38:48.086Z [info]: GET /api/v1/parties/suppliers/6ac0d55c73999b027e34f5b7/purchases?page=1&limit=5 200 383ms
2026-10-03T10:38:48.571Z [info]: GET /api/v1/parties/suppliers/6ac0d55c73999b027e34f5b7/payments 304 443ms
2026-10-03T10:38:49.221Z [info]: GET /api/v1/parties/suppliers/6ac0d55c73999b027e34f5b7/ledger?page=1&limit=5 200 608ms
2026-10-03T10:38:53.524Z [info]: GET /api/v1/parties/suppliers?search=&page=1&limit=8 304 412ms
2026-10-03T10:38:53.617Z [info]: GET /api/v1/parties/suppliers?search=&page=1&limit=8 304 504ms
2026-10-03T10:39:19.365Z [info]: GET /api/v1/parties/suppliers?search=&page=1&limit=8 200 1380ms
2026-10-03T10:39:20.993Z [info]: GET /api/v1/parties/suppliers?search=&page=1&limit=8 304 677ms
2026-10-03T10:39:29.404Z [info]: GET /api/v1/parties/suppliers/6ac0d55c73999b027e34f5b7 304 941ms
2026-10-03T10:39:30.120Z [info]: GET /api/v1/parties/suppliers/6ac0d55c73999b027e34f5b7/outstanding 200 677ms
2026-10-03T10:39:31.087Z [info]: GET /api/v1/parties/suppliers?search=&page=1&limit=8 304 345ms
2026-10-03T10:39:31.110Z [info]: GET /api/v1/parties/suppliers?search=&page=1&limit=8 304 369ms
2026-10-03T10:39:31.121Z [info]: GET /api/v1/parties/suppliers/6ac0d55c73999b027e34f5b7/purchases?page=1&limit=5 304 972ms
2026-10-03T10:39:32.384Z [info]: GET /api/v1/parties/suppliers/6ac0d55c73999b027e34f5b7/payments 304 1246ms
2026-10-03T10:39:32.679Z [info]: GET /api/v1/parties/suppliers/6ac0d55c73999b027e34f5b7/ledger?page=1&limit=5 200 282ms
2026-10-03T10:39:32.957Z [info]: GET /api/v1/parties/suppliers/6ac0d55c73999b027e34f5b7 304 564ms
2026-10-03T10:39:33.974Z [info]: GET /api/v1/parties/suppliers/6ac0d55c73999b027e34f5b7/outstanding 304 985ms
2026-10-03T10:39:34.663Z [info]: GET /api/v1/parties/suppliers/6ac0d55c73999b027e34f5b7/purchases?page=1&limit=5 304 660ms
2026-10-03T10:39:35.540Z [info]: GET /api/v1/parties/suppliers?search=&page=1&limit=8 304 915ms
2026-10-03T10:39:35.540Z [info]: GET /api/v1/parties/suppliers?search=&page=1&limit=8 304 916ms
2026-10-03T10:39:35.932Z [info]: GET /api/v1/parties/suppliers/6ac0d55c73999b027e34f5b7/payments 304 1261ms
2026-10-03T10:39:36.612Z [info]: GET /api/v1/catalog/purchase-bills?page=1&limit=5 304 283ms
2026-10-03T10:39:36.905Z [info]: GET /api/v1/parties/suppliers/6ac0d55c73999b027e34f5b7/ledger?page=1&limit=5 304 970ms
2026-10-03T10:40:56.223Z [info]: GET /api/v1/catalog/purchase-bills?page=1&limit=5 200 626ms
2026-10-03T10:41:23.343Z [info]: POST /api/v1/catalog/purchase-bills/import/legacy-bills 200 18347ms
2026-10-03T10:41:24.273Z [info]: GET /api/v1/catalog/purchase-bills?page=1&limit=5 200 908ms
2026-10-03T10:41:40.112Z [info]: GET /api/v1/parties/suppliers?search=&page=1&limit=8 200 370ms
2026-10-03T10:41:40.432Z [info]: GET /api/v1/parties/suppliers?search=&page=1&limit=8 200 691ms
2026-10-03T10:43:01.496Z [info]: GET /api/v1/parties/suppliers?search=a&page=1&limit=8 200 1562ms
2026-10-03T10:43:01.660Z [info]: GET /api/v1/parties/suppliers?search=aj&page=1&limit=8 200 828ms
2026-10-03T10:43:01.718Z [info]: GET /api/v1/parties/suppliers?search=aja&page=1&limit=8 200 692ms
2026-10-03T10:43:03.592Z [info]: GET /api/v1/parties/suppliers?search=aj&page=1&limit=8 304 619ms
2026-10-03T10:44:13.346Z [info]: GET /api/v1/parties/suppliers?search=a&page=1&limit=8 304 404ms
2026-10-03T10:44:13.660Z [info]: GET /api/v1/parties/suppliers?search=as&page=1&limit=8 200 377ms
2026-10-03T10:44:13.751Z [info]: GET /api/v1/parties/suppliers?search=ash&page=1&limit=8 200 338ms
2026-10-03T10:44:13.905Z [info]: GET /api/v1/parties/suppliers?search=asha&page=1&limit=8 200 391ms
2026-10-03T10:44:22.139Z [info]: GET /api/v1/parties/suppliers/6ac0d55c73999b027e34f555 200 544ms
2026-10-03T10:44:22.485Z [info]: GET /api/v1/parties/suppliers/6ac0d55c73999b027e34f555/outstanding 200 305ms
2026-10-03T10:44:22.807Z [info]: GET /api/v1/parties/suppliers/6ac0d55c73999b027e34f555/purchases?page=1&limit=5 200 283ms
2026-10-03T10:44:23.086Z [info]: GET /api/v1/parties/suppliers/6ac0d55c73999b027e34f555/payments 200 240ms
2026-10-03T10:44:23.558Z [info]: GET /api/v1/parties/suppliers/6ac0d55c73999b027e34f555/ledger?page=1&limit=5 200 433ms
2026-10-03T10:45:08.602Z [info]: GET /api/v1/parties/suppliers?search=&page=1&limit=8 304 396ms
2026-10-03T10:45:08.650Z [info]: GET /api/v1/parties/suppliers?search=&page=1&limit=8 304 445ms
2026-10-03T10:45:10.644Z [info]: GET /api/v1/parties/suppliers?search=i&page=1&limit=8 200 733ms
2026-10-03T10:45:10.818Z [info]: GET /api/v1/parties/suppliers?search=im&page=1&limit=8 200 797ms
2026-10-03T10:45:12.840Z [info]: GET /api/v1/parties/suppliers?search=i&page=1&limit=8 304 559ms
2026-10-03T10:45:13.329Z [info]: GET /api/v1/parties/suppliers?search=e&page=1&limit=8 200 488ms
2026-10-03T10:45:13.412Z [info]: GET /api/v1/parties/suppliers?search=em&page=1&limit=8 200 413ms
2026-10-03T10:45:14.290Z [info]: GET /api/v1/parties/suppliers?search=ema&page=1&limit=8 200 917ms
2026-10-03T10:45:14.292Z [info]: GET /api/v1/parties/suppliers?search=&page=1&limit=8 304 1882ms
2026-10-03T10:45:18.600Z [info]: GET /api/v1/parties/suppliers?search=emam&page=1&limit=8 200 329ms
2026-10-03T10:45:18.727Z [info]: GET /api/v1/parties/suppliers?search=emami&page=1&limit=8 200 312ms
2026-10-03T10:45:20.665Z [info]: GET /api/v1/parties/suppliers?search=Emami&page=1&limit=8 200 331ms
2026-10-03T10:45:23.543Z [info]: GET /api/v1/parties/suppliers/6ac0d55c73999b027e34f563 200 523ms
2026-10-03T10:45:23.873Z [info]: GET /api/v1/parties/suppliers/6ac0d55c73999b027e34f563/outstanding 200 288ms
2026-10-03T10:45:24.338Z [info]: GET /api/v1/parties/suppliers/6ac0d55c73999b027e34f563/purchases?page=1&limit=5 200 428ms
2026-10-03T10:45:24.652Z [info]: GET /api/v1/parties/suppliers/6ac0d55c73999b027e34f563/payments 200 277ms
2026-10-03T10:45:25.014Z [info]: GET /api/v1/parties/suppliers/6ac0d55c73999b027e34f563/ledger?page=1&limit=5 200 349ms
2026-10-03T10:45:47.149Z [info]: GET /api/v1/parties/suppliers?search=&page=1&limit=8 304 432ms
2026-10-03T10:45:47.218Z [info]: GET /api/v1/parties/suppliers?search=&page=1&limit=8 304 500ms
2026-10-03T10:48:25.963Z [info]: GET /api/v1/parties/suppliers/6ac0d55c73999b027e34f5b4 200 600ms
2026-10-03T10:48:26.573Z [info]: GET /api/v1/parties/suppliers/6ac0d55c73999b027e34f5b4/outstanding 304 567ms
2026-10-03T10:48:27.262Z [info]: GET /api/v1/parties/suppliers/6ac0d55c73999b027e34f5b4/purchases?page=1&limit=5 200 649ms
2026-10-03T10:48:28.484Z [info]: GET /api/v1/parties/suppliers/6ac0d55c73999b027e34f5b4/payments 200 1183ms
2026-10-03T10:48:29.430Z [info]: GET /api/v1/parties/suppliers/6ac0d55c73999b027e34f5b4/ledger?page=1&limit=5 200 908ms
2026-10-03T10:49:43.593Z [info]: GET /api/v1/parties/suppliers?search=&page=1&limit=8 304 678ms
2026-10-03T10:49:44.144Z [info]: GET /api/v1/parties/suppliers?search=&page=1&limit=8 304 1229ms
2026-10-03T10:50:10.011Z [info]: GET /api/v1/parties/suppliers?search=ra&page=1&limit=8 200 800ms
2026-10-03T10:50:10.311Z [info]: GET /api/v1/parties/suppliers?search=raj&page=1&limit=8 200 733ms
2026-10-03T10:50:10.365Z [info]: GET /api/v1/parties/suppliers?search=r&page=1&limit=8 200 1209ms
2026-10-03T10:50:10.411Z [info]: GET /api/v1/parties/suppliers?search=raje&page=1&limit=8 200 728ms
2026-10-03T10:50:13.878Z [info]: GET /api/v1/parties/suppliers?search=rajen&page=1&limit=8 200 437ms
2026-10-03T10:50:14.820Z [info]: GET /api/v1/parties/suppliers?search=rajend&page=1&limit=8 200 1308ms
2026-10-03T10:50:14.996Z [info]: GET /api/v1/parties/suppliers?search=rajen&page=1&limit=8 304 298ms
2026-10-03T10:50:16.519Z [info]: GET /api/v1/parties/suppliers?search=raje&page=1&limit=8 304 1699ms
2026-10-03T10:50:18.285Z [info]: GET /api/v1/parties/suppliers?search=raj&page=1&limit=8 304 1933ms
2026-10-03T10:51:16.426Z [info]: GET /api/v1/parties/suppliers?search=r&page=1&limit=8 304 675ms
2026-10-03T10:51:16.802Z [info]: GET /api/v1/parties/suppliers?search=&page=1&limit=8 304 902ms
2026-10-03T10:51:17.371Z [info]: GET /api/v1/parties/suppliers?search=ra&page=1&limit=8 304 1740ms
2026-10-03T10:55:20.323Z [info]: GET /api/v1/parties/suppliers?search=ABRIK&page=1&limit=8 200 1146ms
2026-10-03T10:55:33.393Z [info]: GET /api/v1/parties/suppliers?search=&page=1&limit=8 304 1007ms
2026-10-03T10:55:42.036Z [info]: GET /api/v1/parties/suppliers?search=AGRAWAL&page=1&limit=8 200 910ms
2026-10-03T10:55:58.699Z [info]: GET /api/v1/parties/suppliers/6ac0d55c73999b027e34f54d 200 1260ms
2026-10-03T10:56:00.596Z [info]: GET /api/v1/parties/suppliers/6ac0d55c73999b027e34f54d/outstanding 200 1853ms
2026-10-03T10:56:01.405Z [info]: GET /api/v1/parties/suppliers/6ac0d55c73999b027e34f54d/purchases?page=1&limit=5 200 777ms
2026-10-03T10:56:02.303Z [info]: GET /api/v1/parties/suppliers/6ac0d55c73999b027e34f54d/payments 200 863ms
2026-10-03T10:56:03.165Z [info]: GET /api/v1/parties/suppliers/6ac0d55c73999b027e34f54d/ledger?page=1&limit=5 200 833ms
2026-10-03T10:57:16.655Z [info]: GET /api/v1/parties/suppliers?search=&page=1&limit=8 304 675ms
2026-10-03T10:57:16.657Z [info]: GET /api/v1/parties/suppliers?search=&page=1&limit=8 304 678ms
2026-10-03T10:57:17.818Z [info]: GET /api/v1/parties/suppliers?search=ARISTO&page=1&limit=8 200 625ms
2026-10-03T10:57:49.946Z [info]: GET /api/v1/parties/suppliers/6ac0d55c73999b027e34f553 200 464ms
2026-10-03T10:57:50.328Z [info]: GET /api/v1/parties/suppliers/6ac0d55c73999b027e34f553/outstanding 200 337ms
2026-10-03T10:57:50.763Z [info]: GET /api/v1/parties/suppliers/6ac0d55c73999b027e34f553/purchases?page=1&limit=5 200 401ms
2026-10-03T10:57:51.081Z [info]: GET /api/v1/parties/suppliers/6ac0d55c73999b027e34f553/payments 200 276ms
2026-10-03T10:57:51.484Z [info]: GET /api/v1/parties/suppliers/6ac0d55c73999b027e34f553/ledger?page=1&limit=5 200 363ms
2026-10-03T10:58:43.996Z [info]: GET /api/v1/parties/suppliers?search=&page=1&limit=8 304 442ms
2026-10-03T10:58:44.391Z [info]: GET /api/v1/parties/suppliers?search=&page=1&limit=8 304 836ms
2026-10-03T10:58:45.141Z [info]: GET /api/v1/parties/suppliers?search=ba&page=1&limit=8 200 332ms
2026-10-03T10:58:45.551Z [info]: GET /api/v1/parties/suppliers?search=b&page=1&limit=8 200 805ms
2026-10-03T10:58:45.795Z [info]: GET /api/v1/parties/suppliers?search=basa&page=1&limit=8 200 324ms
2026-10-03T10:58:45.840Z [info]: GET /api/v1/parties/suppliers?search=bas&page=1&limit=8 200 515ms
2026-10-03T10:58:47.448Z [info]: GET /api/v1/parties/suppliers/6ac0d55c73999b027e34f55b 200 833ms
2026-10-03T10:58:48.959Z [info]: GET /api/v1/parties/suppliers/6ac0d55c73999b027e34f55b/outstanding 200 1474ms
2026-10-03T10:58:50.320Z [info]: GET /api/v1/parties/suppliers/6ac0d55c73999b027e34f55b/purchases?page=1&limit=5 200 1331ms
2026-10-03T10:58:50.684Z [info]: GET /api/v1/parties/suppliers/6ac0d55c73999b027e34f55b/payments 200 328ms
2026-10-03T10:58:51.207Z [info]: GET /api/v1/parties/suppliers/6ac0d55c73999b027e34f55b/ledger?page=1&limit=5 200 494ms
2026-10-03T10:59:11.746Z [info]: GET /api/v1/parties/suppliers?search=&page=1&limit=8 304 360ms
2026-10-03T10:59:12.074Z [info]: GET /api/v1/parties/suppliers?search=&page=1&limit=8 304 689ms
2026-10-03T10:59:26.055Z [info]: GET /api/v1/parties/suppliers?search=CHOICE&page=1&limit=8 200 1124ms
2026-10-03T10:59:29.333Z [info]: GET /api/v1/parties/suppliers/6ac0d55c73999b027e34f560 200 1364ms
2026-10-03T10:59:30.280Z [info]: GET /api/v1/parties/suppliers/6ac0d55c73999b027e34f560/outstanding 200 906ms
2026-10-03T10:59:31.553Z [info]: GET /api/v1/parties/suppliers/6ac0d55c73999b027e34f560/purchases?page=1&limit=5 200 1245ms
2026-10-03T10:59:32.543Z [info]: GET /api/v1/parties/suppliers/6ac0d55c73999b027e34f560/payments 200 961ms
2026-10-03T10:59:34.817Z [info]: GET /api/v1/parties/suppliers/6ac0d55c73999b027e34f560/ledger?page=1&limit=5 200 2255ms
2026-10-03T11:08:54.884Z [info]: 🔄 MongoDB reconnected
2026-10-03T11:09:05.099Z [warn]: ⚠️ MongoDB disconnected
2026-10-03T11:09:05.139Z [info]: 🔄 MongoDB reconnected
2026-10-03T11:09:15.458Z [info]: GET /api/v1/parties/suppliers?search=&page=1&limit=8 304 1546ms
2026-10-03T11:09:15.499Z [info]: GET /api/v1/parties/suppliers?search=&page=1&limit=8 304 1585ms
2026-10-03T11:09:16.587Z [info]: GET /api/v1/parties/suppliers?search=dk&page=1&limit=8 200 517ms
2026-10-03T11:09:17.561Z [info]: GET /api/v1/parties/suppliers?search=d&page=1&limit=8 200 1719ms
2026-10-03T11:09:18.596Z [info]: GET /api/v1/parties/suppliers?search=d&page=1&limit=8 304 992ms
2026-10-03T11:09:20.406Z [info]: GET /api/v1/parties/suppliers?search=d+&page=1&limit=8 200 713ms
2026-10-03T11:09:20.599Z [info]: GET /api/v1/parties/suppliers?search=d+k&page=1&limit=8 200 619ms
2026-10-03T11:09:22.680Z [info]: GET /api/v1/parties/suppliers?search=&page=1&limit=8 304 997ms
2026-10-03T11:10:34.573Z [info]: GET /api/v1/organization/workspaces 304 659ms
2026-10-03T11:10:35.109Z [info]: GET /api/v1/core/users/me/active-context 200 483ms
2026-10-03T11:10:36.319Z [info]: GET /api/v1/organization/companies 304 1190ms
2026-10-03T11:10:37.284Z [info]: GET /api/v1/organization/branches 304 946ms
2026-10-03T11:10:39.859Z [info]: GET /api/v1/organization/workspaces/6ab77b681fba63d384f9542d/setup-status 304 146ms
2026-10-03T11:10:40.276Z [info]: GET /api/v1/core/access-control/member-access/me 304 2965ms
2026-10-03T11:10:40.297Z [info]: GET /api/v1/parties/suppliers?search=&page=1&limit=8 304 392ms
2026-10-03T11:11:26.987Z [info]: GET /api/v1/parties/suppliers/6ac0d55c73999b027e34f5b3 200 259ms
2026-10-03T11:11:27.350Z [info]: GET /api/v1/parties/suppliers/6ac0d55c73999b027e34f5b3/outstanding 200 319ms
2026-10-03T11:11:27.710Z [info]: GET /api/v1/parties/suppliers/6ac0d55c73999b027e34f5b3/purchases?page=1&limit=5 200 320ms
2026-10-03T11:11:27.997Z [info]: GET /api/v1/parties/suppliers/6ac0d55c73999b027e34f5b3/payments 304 246ms
2026-10-03T11:11:28.380Z [info]: GET /api/v1/parties/suppliers/6ac0d55c73999b027e34f5b3/ledger?page=1&limit=5 200 346ms
2026-10-03T11:13:12.329Z [info]: GET /api/v1/catalog/purchase-bills?page=1&limit=5 304 325ms
2026-10-03T11:13:14.985Z [info]: GET /api/v1/catalog/purchase-bills?page=1&limit=5&search=sidh 200 350ms
2026-10-03T11:13:21.492Z [info]: GET /api/v1/catalog/purchase-bills?page=1&limit=5&search=sid 200 669ms
2026-10-03T11:13:22.133Z [info]: GET /api/v1/catalog/purchase-bills?page=1&limit=5&search=siddha 200 280ms
2026-10-03T11:13:24.590Z [info]: GET /api/v1/catalog/purchase-bills?page=1&limit=5&search=siddhart 200 317ms
2026-10-03T11:13:26.104Z [info]: GET /api/v1/catalog/purchase-bills?page=1&limit=5 304 368ms
2026-10-03T11:13:27.013Z [info]: GET /api/v1/catalog/purchase-bills?page=1&limit=5&search=ari 200 444ms
2026-10-03T11:13:27.642Z [info]: GET /api/v1/catalog/purchase-bills?page=1&limit=5&search=aristo 200 311ms
2026-10-03T11:13:29.116Z [info]: GET /api/v1/catalog/purchase-bills?page=1&limit=5 304 335ms
2026-10-03T11:13:31.820Z [info]: GET /api/v1/parties/suppliers?limit=10&search= 200 834ms
2026-10-03T11:13:32.122Z [info]: GET /api/v1/parties/suppliers/6ac0d55c73999b027e34f5b9/outstanding 304 274ms
2026-10-03T11:13:32.126Z [info]: GET /api/v1/parties/suppliers/6ac0d55c73999b027e34f5b4/outstanding 304 280ms
2026-10-03T11:13:32.130Z [info]: GET /api/v1/parties/suppliers/6ac0d55c73999b027e34f5b5/outstanding 304 281ms
2026-10-03T11:13:32.168Z [info]: GET /api/v1/parties/suppliers/6ac0d55c73999b027e34f5b1/outstanding 200 318ms
2026-10-03T11:13:32.174Z [info]: GET /api/v1/parties/suppliers/6ac0d55c73999b027e34f5b7/outstanding 200 325ms
2026-10-03T11:13:32.403Z [info]: GET /api/v1/parties/suppliers/6ac0d55c73999b027e34f5b8/outstanding 200 275ms
2026-10-03T11:13:32.406Z [info]: GET /api/v1/parties/suppliers/6ac0d55c73999b027e34f5b6/outstanding 200 281ms
2026-10-03T11:13:32.416Z [info]: GET /api/v1/parties/suppliers/6ac0d55c73999b027e34f5b2/outstanding 200 282ms
2026-10-03T11:13:32.448Z [info]: GET /api/v1/parties/suppliers/6ac0d55c73999b027e34f5b0/outstanding 200 279ms
2026-10-03T11:13:33.185Z [info]: GET /api/v1/parties/suppliers/6ac0d55c73999b027e34f5b3/outstanding 304 1338ms
2026-10-03T11:13:35.182Z [info]: GET /api/v1/catalog/purchase-bills?supplierId=6ac0d55c73999b027e34f5b3&limit=10 200 280ms
2026-10-03T11:13:36.509Z [info]: GET /api/v1/parties/suppliers/6ac0d55c73999b027e34f5b3/outstanding 304 1608ms
2026-10-03T11:13:52.831Z [info]: POST /api/v1/catalog/purchase-bills/bulk/pay 200 2968ms
2026-10-03T11:13:53.418Z [info]: GET /api/v1/catalog/purchase-bills?page=1&limit=5 304 580ms
2026-10-03T11:13:57.531Z [info]: GET /api/v1/parties/suppliers?search=&page=1&limit=8 200 358ms
2026-10-03T11:13:57.862Z [info]: GET /api/v1/parties/suppliers?search=&page=1&limit=8 200 690ms
2026-10-03T11:14:02.109Z [info]: GET /api/v1/parties/suppliers/6ac0d55c73999b027e34f5b3 304 1341ms
2026-10-03T11:14:03.222Z [info]: GET /api/v1/parties/suppliers/6ac0d55c73999b027e34f5b3/outstanding 200 1072ms
2026-10-03T11:14:04.746Z [info]: GET /api/v1/parties/suppliers/6ac0d55c73999b027e34f5b3/purchases?page=1&limit=5 200 1482ms
2026-10-03T11:14:05.357Z [info]: GET /api/v1/parties/suppliers/6ac0d55c73999b027e34f5b3/payments 304 580ms
2026-10-03T11:14:06.056Z [info]: GET /api/v1/parties/suppliers/6ac0d55c73999b027e34f5b3/ledger?page=1&limit=5 200 668ms
2026-10-03T11:14:12.754Z [info]: GET /api/v1/parties/suppliers?search=&page=1&limit=8 304 358ms
2026-10-03T11:14:13.708Z [info]: GET /api/v1/parties/suppliers?search=&page=1&limit=8 304 1312ms
2026-10-03T11:19:10.146Z [info]: 📦 MongoDB connected: ac-an0wlmj-shard-00-00.tqgbpyi.mongodb.net
2026-10-03T11:19:10.152Z [info]: 🚀 Server running on http://localhost:5001
2026-10-03T11:19:18.606Z [info]: GET /api/v1/organization/workspaces 304 301ms
2026-10-03T11:19:19.100Z [info]: GET /api/v1/core/users/me/active-context 304 427ms
2026-10-03T11:19:20.389Z [info]: GET /api/v1/organization/companies 304 1249ms
2026-10-03T11:19:22.913Z [info]: GET /api/v1/organization/workspaces 200 133ms
2026-10-03T11:19:23.593Z [info]: GET /api/v1/organization/workspaces 304 815ms
2026-10-03T11:19:23.637Z [info]: GET /api/v1/core/users/me/active-context 304 682ms
2026-10-03T11:19:23.981Z [info]: GET /api/v1/organization/companies 304 327ms
2026-10-03T11:19:24.131Z [info]: GET /api/v1/organization/workspaces/6ab77b681fba63d384f9542d/setup-status 304 127ms
2026-10-03T11:19:24.383Z [info]: GET /api/v1/organization/workspaces/6ab77b681fba63d384f9542d/setup-status 304 641ms
2026-10-03T11:19:24.427Z [info]: GET /api/v1/organization/branches 304 424ms
2026-10-03T11:19:24.638Z [info]: GET /api/v1/parties/suppliers?search=&page=1&limit=8 304 467ms
2026-10-03T11:19:24.808Z [info]: GET /api/v1/core/access-control/member-access/me 200 357ms
2026-10-03T11:19:25.248Z [info]: GET /api/v1/parties/suppliers?search=&page=1&limit=8 304 798ms
2026-10-03T11:19:28.892Z [info]: GET /api/v1/catalog/products?limit=10&page=1 304 299ms
2026-10-03T11:19:29.427Z [info]: GET /api/v1/parties/customers 304 2405ms
2026-10-03T11:19:30.274Z [info]: GET /api/v1/dashboard/overview 200 1985ms
2026-10-03T11:19:30.627Z [info]: POST /api/v1/catalog/products/workspace-product/batches/query 200 305ms
2026-10-03T11:19:30.661Z [info]: POST /api/v1/catalog/products/workspace-product/batches/query 200 338ms
2026-10-03T11:19:31.872Z [info]: GET /api/v1/organization/branches 304 1549ms
2026-10-03T11:19:33.278Z [info]: POST /api/v1/catalog/products/workspace-product/batches/query 200 612ms
2026-10-03T11:19:36.180Z [info]: POST /api/v1/catalog/products/workspace-product/batches/query 200 703ms
2026-10-03T11:19:41.506Z [info]: POST /api/v1/catalog/products/workspace-product/batches/query 200 895ms
2026-10-03T11:19:45.119Z [info]: POST /api/v1/catalog/products/workspace-product/batches/query 200 844ms
2026-10-03T11:19:48.835Z [info]: POST /api/v1/catalog/products/workspace-product/batches/query 200 1710ms
2026-10-03T11:19:52.433Z [info]: POST /api/v1/catalog/products/workspace-product/batches/query 200 490ms
2026-10-03T11:19:57.089Z [info]: GET /api/v1/catalog/products?limit=10&page=1 304 237ms
2026-10-03T11:19:57.716Z [info]: PATCH /api/v1/core/users/me/active-context 200 1165ms
2026-10-03T11:19:59.099Z [info]: POST /api/v1/catalog/products/workspace-product/batches/query 200 761ms
2026-10-03T11:19:59.159Z [info]: POST /api/v1/catalog/products/workspace-product/batches/query 200 822ms
2026-10-03T11:19:59.360Z [info]: GET /api/v1/dashboard/overview 200 2808ms
2026-10-03T11:20:01.146Z [info]: GET /api/v1/operations/shifts/open?branchId=6abc086d93d94d987a156ef9 200 508ms
2026-10-03T11:20:02.120Z [info]: GET /api/v1/organization/branches 304 3784ms
2026-10-03T11:20:06.070Z [info]: GET /api/v1/catalog/products?search=8&limit=15 200 419ms
2026-10-03T11:20:06.127Z [info]: GET /api/v1/catalog/products?search=8x&limit=15 200 167ms
2026-10-03T11:20:06.670Z [info]: GET /api/v1/catalog/products?search=8xsha&limit=15 200 172ms
2026-10-03T11:20:07.782Z [info]: GET /api/v1/catalog/products/6ab9a0b5a375d4ed69e1d7e8 200 163ms
2026-10-03T11:20:08.040Z [info]: POST /api/v1/catalog/products/workspace-product/batches/query 200 238ms
2026-10-03T11:20:18.346Z [info]: GET /api/v1/operations/shifts/open?branchId=6ab783571fba63d384f9545b 200 359ms
2026-10-03T11:20:18.634Z [info]: PATCH /api/v1/core/users/me/active-context 200 649ms
2026-10-03T11:20:22.389Z [info]: GET /api/v1/parties/customers?search=ath&limit=10 200 313ms
2026-10-03T11:20:23.650Z [info]: GET /api/v1/parties/customers?search=athar&limit=10 200 575ms
2026-10-03T11:20:24.119Z [info]: GET /api/v1/parties/customers?search=atharva&limit=10 200 535ms
2026-10-03T11:20:25.362Z [info]: GET /api/v1/parties/customers?search=atharva&limit=10 304 279ms
2026-10-03T11:20:35.046Z [info]: GET /api/v1/catalog/products?search=8xsham&limit=15 200 176ms
2026-10-03T11:20:36.057Z [info]: GET /api/v1/catalog/products/6ab9a0b5a375d4ed69e1d7e8 304 275ms
2026-10-03T11:20:36.315Z [info]: POST /api/v1/catalog/products/workspace-product/batches/query 200 241ms
2026-10-03T11:20:42.159Z [info]: GET /api/v1/sales/invoices/customer/6ab7b9f38f1da4f2905f5189?limit=5 200 1733ms
2026-10-03T11:20:47.710Z [error]: GET /api/v1/finance/treasury/branch-cash/6ab783571fba63d384f9545b - Branch cash not found for this branch
2026-10-03T11:20:47.711Z [info]: GET /api/v1/finance/treasury/branch-cash/6ab783571fba63d384f9545b 404 262ms
2026-10-03T11:20:48.379Z [info]: GET /api/v1/finance/treasury/payment-qr 200 932ms
2026-10-03T11:20:55.588Z [info]: GET /api/v1/finance/treasury/payment-qr 304 343ms
2026-10-03T11:20:56.126Z [error]: GET /api/v1/finance/treasury/branch-cash/6ab783571fba63d384f9545b - Branch cash not found for this branch
2026-10-03T11:20:56.127Z [info]: GET /api/v1/finance/treasury/branch-cash/6ab783571fba63d384f9545b 404 881ms
2026-10-03T11:21:15.696Z [info]: GET /api/v1/operations/shifts?branchId=6ab783571fba63d384f9545b&sort=desc 200 1391ms
2026-10-03T11:21:16.831Z [info]: GET /api/v1/operations/day-closings?date=2026-10-03&branchId=6ab783571fba63d384f9545b 200 308ms
2026-10-03T11:21:17.645Z [error]: GET /api/v1/finance/treasury/branch-cash/6ab783571fba63d384f9545b - Branch cash not found for this branch
2026-10-03T11:21:17.646Z [info]: GET /api/v1/finance/treasury/branch-cash/6ab783571fba63d384f9545b 404 1124ms
2026-10-03T11:21:31.176Z [error]: POST /api/v1/operations/shifts - A shift is already open for this branch. Please close it first.
2026-10-03T11:21:31.178Z [info]: POST /api/v1/operations/shifts 400 1735ms
2026-10-03T11:21:40.385Z [info]: GET /api/v1/operations/shifts/6abc0dcb93d94d987a156f12/summary 200 863ms
2026-10-03T11:21:51.394Z [error]: GET /api/v1/finance/treasury/branch-cash/6ab783571fba63d384f9545b - Branch cash not found for this branch
2026-10-03T11:21:51.395Z [info]: GET /api/v1/finance/treasury/branch-cash/6ab783571fba63d384f9545b 404 384ms
2026-10-03T11:21:52.595Z [info]: PATCH /api/v1/operations/shifts/6abc110293d94d987a156f3a/status 200 424ms
2026-10-03T11:21:52.928Z [info]: GET /api/v1/operations/shifts 200 311ms
2026-10-03T11:21:53.063Z [info]: GET /api/v1/operations/shifts/6abc110293d94d987a156f3a/summary 200 2053ms
2026-10-03T11:21:55.201Z [info]: GET /api/v1/operations/day-closings?date=2026-10-03&branchId=6ab783571fba63d384f9545b 304 251ms
2026-10-03T11:21:55.853Z [error]: GET /api/v1/finance/treasury/branch-cash/6ab783571fba63d384f9545b - Branch cash not found for this branch
2026-10-03T11:21:55.854Z [info]: GET /api/v1/finance/treasury/branch-cash/6ab783571fba63d384f9545b 404 907ms
2026-10-03T11:22:05.647Z [info]: POST /api/v1/operations/shifts 201 2439ms
2026-10-03T11:22:06.459Z [info]: GET /api/v1/operations/shifts 200 790ms
2026-10-03T11:22:11.413Z [info]: GET /api/v1/parties/customers?search=atha&limit=10 200 633ms
2026-10-03T11:22:11.710Z [info]: GET /api/v1/parties/customers?search=a&limit=10 200 1321ms
2026-10-03T11:22:16.320Z [info]: GET /api/v1/parties/customers?search=atharva&limit=10 304 678ms
2026-10-03T11:22:19.080Z [info]: GET /api/v1/catalog/products?search=8&limit=15 304 786ms
2026-10-03T11:22:19.696Z [info]: GET /api/v1/catalog/products?search=8xsham&limit=15 304 571ms
2026-10-03T11:22:21.719Z [info]: GET /api/v1/catalog/products/6ab9a0b5a375d4ed69e1d7e8 304 1419ms
2026-10-03T11:22:22.311Z [info]: POST /api/v1/catalog/products/workspace-product/batches/query 200 573ms
2026-10-03T11:22:31.832Z [info]: GET /api/v1/finance/treasury/payment-qr 304 332ms
2026-10-03T11:22:32.485Z [info]: GET /api/v1/finance/treasury/branch-cash/6ab783571fba63d384f9545b 200 987ms
2026-10-03T11:23:01.762Z [info]: POST /api/v1/sales/invoices/customer/6ab7b9f38f1da4f2905f5189 201 4915ms
2026-10-03T11:23:09.905Z [info]: GET /api/v1/sales/invoices?page=1&limit=5 200 906ms
2026-10-03T11:23:27.786Z [info]: GET /api/v1/catalog/purchase-bills?page=1&limit=5 304 606ms
2026-10-03T11:23:32.224Z [info]: GET /api/v1/parties/suppliers?limit=10 200 2097ms
2026-10-03T11:23:34.890Z [info]: GET /api/v1/parties/suppliers?search=a&limit=10 200 709ms
2026-10-03T11:23:35.481Z [info]: GET /api/v1/parties/suppliers?search=aristo&limit=10 200 393ms
2026-10-03T11:23:36.957Z [info]: GET /api/v1/parties/suppliers?search=aristo+pharmaceutical+pvt+ltd&limit=10 200 337ms
2026-10-03T11:23:39.516Z [info]: GET /api/v1/catalog/products?search=8&limit=15 304 225ms
2026-10-03T11:23:40.468Z [info]: GET /api/v1/catalog/products?search=8xhsam&limit=15 200 189ms
2026-10-03T11:23:42.065Z [info]: GET /api/v1/catalog/products?search=8xhs&limit=15 200 167ms
2026-10-03T11:23:43.571Z [info]: GET /api/v1/catalog/products?search=8xh&limit=15 200 197ms
2026-10-03T11:23:44.978Z [info]: GET /api/v1/catalog/products?search=8xsha&limit=15 304 176ms
2026-10-03T11:23:45.394Z [info]: GET /api/v1/catalog/products?search=8xsham&limit=15 304 189ms
2026-10-03T11:23:46.247Z [info]: GET /api/v1/catalog/products/6ab9a0b5a375d4ed69e1d7e8 304 172ms
2026-10-03T11:23:46.613Z [info]: POST /api/v1/catalog/products/workspace-product/batches/query 200 239ms
2026-10-03T11:25:06.111Z [info]: POST /api/v1/catalog/purchase-bills 201 671ms
2026-10-03T11:25:08.880Z [info]: GET /api/v1/catalog/purchase-bills?page=1&limit=5 200 311ms
2026-10-03T11:25:13.967Z [info]: POST /api/v1/catalog/purchase-bills/6ac0e6110dcead9699961e0f/ingest 200 1567ms
2026-10-03T11:25:14.273Z [info]: GET /api/v1/catalog/purchase-bills?page=1&limit=5 200 297ms
2026-10-03T11:25:16.006Z [info]: POST /api/v1/catalog/products/workspace-product/batches/query 200 285ms
2026-10-03T11:25:16.008Z [info]: POST /api/v1/catalog/products/workspace-product/batches/query 200 285ms
2026-10-03T11:25:16.242Z [info]: GET /api/v1/organization/branches 304 518ms
2026-10-03T11:25:18.479Z [info]: POST /api/v1/catalog/products/workspace-product/batches/query 200 355ms
2026-10-03T11:25:18.578Z [info]: POST /api/v1/catalog/products/workspace-product/batches/query 200 325ms
2026-10-03T11:25:18.690Z [info]: POST /api/v1/catalog/products/workspace-product/batches/query 200 268ms
2026-10-03T11:25:18.839Z [info]: POST /api/v1/catalog/products/workspace-product/batches/query 200 298ms
2026-10-03T11:25:20.010Z [info]: POST /api/v1/catalog/products/workspace-product/batches/query 200 341ms
2026-10-03T11:25:28.558Z [info]: POST /api/v1/catalog/products/workspace-product/batches/query 200 260ms
2026-10-03T11:25:28.560Z [info]: POST /api/v1/catalog/products/workspace-product/batches/query 200 260ms
2026-10-03T11:25:28.738Z [info]: GET /api/v1/organization/branches 304 437ms
2026-10-03T11:25:28.781Z [info]: GET /api/v1/organization/branches 304 482ms
2026-10-03T11:25:31.550Z [info]: POST /api/v1/catalog/products/workspace-product/batches/query 200 320ms
2026-10-03T11:25:32.359Z [info]: POST /api/v1/catalog/products/workspace-product/batches/query 200 353ms
2026-10-03T11:25:33.797Z [info]: POST /api/v1/catalog/products/workspace-product/batches/query 200 271ms
2026-10-03T11:25:35.053Z [info]: POST /api/v1/catalog/products/workspace-product/batches/query 200 363ms
2026-10-03T11:25:37.260Z [info]: POST /api/v1/catalog/products/workspace-product/batches/query 200 336ms
2026-10-03T11:25:37.392Z [info]: POST /api/v1/catalog/products/workspace-product/batches/query 200 365ms
2026-10-03T11:25:37.475Z [info]: POST /api/v1/catalog/products/workspace-product/batches/query 200 340ms
2026-10-03T11:25:44.708Z [info]: GET /api/v1/parties/customers?search=atha&limit=10 304 291ms
2026-10-03T11:25:46.073Z [info]: GET /api/v1/parties/customers?search=atharva&limit=10 304 337ms
2026-10-03T11:25:48.478Z [info]: GET /api/v1/catalog/products?search=8xsha&limit=15 200 178ms
2026-10-03T11:25:49.426Z [info]: GET /api/v1/catalog/products/6ab9a0b5a375d4ed69e1d7e8 200 175ms
2026-10-03T11:25:49.692Z [info]: POST /api/v1/catalog/products/workspace-product/batches/query 200 249ms
2026-10-03T11:25:57.953Z [info]: GET /api/v1/parties/customers?status=active&customerType=retail,wholesale&limit=100 200 329ms
2026-10-03T11:25:58.228Z [info]: GET /api/v1/parties/customers?customerType=retail,wholesale&limit=10 200 351ms
2026-10-03T11:26:01.400Z [info]: GET /api/v1/parties/customers?search=basa&customerType=retail,wholesale&limit=10 200 558ms
2026-10-03T11:26:02.442Z [info]: GET /api/v1/parties/customers?customerType=retail,wholesale&limit=10 304 311ms
2026-10-03T11:26:03.412Z [info]: GET /api/v1/parties/customers?search=sid&customerType=retail,wholesale&limit=10 200 321ms
2026-10-03T11:26:04.619Z [info]: GET /api/v1/parties/customers?customerType=retail,wholesale&limit=10 304 300ms
2026-10-03T11:26:06.166Z [info]: GET /api/v1/parties/customers?search=laddu&customerType=retail,wholesale&limit=10 200 290ms
2026-10-03T11:26:08.148Z [info]: GET /api/v1/catalog/products?search=8&limit=15 304 269ms
2026-10-03T11:26:08.733Z [info]: GET /api/v1/catalog/products?search=8xsha&limit=15 304 191ms
2026-10-03T11:26:09.924Z [info]: GET /api/v1/catalog/products/6ab9a0b5a375d4ed69e1d7e8 304 315ms
2026-10-03T11:26:10.553Z [info]: POST /api/v1/catalog/products/workspace-product/batches/query 200 609ms
2026-10-03T11:27:18.347Z [info]: GET /api/v1/sales/invoices/customer/6ab987a1624b7165597d9b56?limit=5 200 303ms
2026-10-03T11:27:28.073Z [info]: POST /api/v1/catalog/products/workspace-product/batches/query 200 259ms
2026-10-03T11:27:28.078Z [info]: POST /api/v1/catalog/products/workspace-product/batches/query 200 265ms
2026-10-03T11:27:28.226Z [info]: GET /api/v1/organization/branches 304 411ms
2026-10-03T11:27:28.228Z [info]: GET /api/v1/organization/branches 304 413ms
2026-10-03T11:27:44.472Z [info]: GET /api/v1/parties/customers?search=atharva&limit=10 304 662ms
2026-10-03T11:27:45.343Z [info]: GET /api/v1/parties/customers?status=active&customerType=retail,wholesale&limit=100 304 288ms
2026-10-03T11:27:45.590Z [info]: GET /api/v1/parties/customers?search=laddu&customerType=retail,wholesale&limit=10 304 281ms
2026-10-03T11:27:47.436Z [info]: GET /api/v1/parties/customers?search=atharva&limit=10 304 365ms
2026-10-03T11:27:49.954Z [info]: GET /api/v1/parties/customers?status=active&customerType=retail,wholesale&limit=100 304 620ms
2026-10-03T11:27:50.000Z [info]: GET /api/v1/parties/customers?search=laddu&customerType=retail,wholesale&limit=10 304 413ms
2026-10-03T11:27:58.172Z [info]: GET /api/v1/catalog/purchase-bills?page=1&limit=5 304 290ms
2026-10-03T11:28:07.356Z [info]: GET /api/v1/parties/suppliers?limit=10 304 382ms
2026-10-03T11:28:12.065Z [info]: GET /api/v1/parties/suppliers?search=supermo&limit=10 200 2036ms
2026-10-03T11:28:15.304Z [info]: GET /api/v1/catalog/products?search=8&limit=15 304 384ms
2026-10-03T11:28:16.261Z [info]: GET /api/v1/catalog/products?search=8xhs&limit=15 304 666ms
2026-10-03T11:28:17.238Z [info]: GET /api/v1/catalog/products?search=8xh&limit=15 304 402ms
2026-10-03T11:28:17.983Z [info]: GET /api/v1/catalog/products?search=8x&limit=15 200 815ms
2026-10-03T11:28:18.105Z [info]: GET /api/v1/catalog/products?search=8xsa&limit=15 200 230ms
2026-10-03T11:28:19.014Z [info]: GET /api/v1/catalog/products?search=8xsah&limit=15 200 725ms
2026-10-03T11:28:19.125Z [info]: GET /api/v1/catalog/products?search=8xsa&limit=15 304 219ms
2026-10-03T11:28:20.496Z [info]: GET /api/v1/catalog/products?search=8xsham&limit=15 200 185ms
2026-10-03T11:28:20.553Z [info]: GET /api/v1/catalog/products?search=8xs&limit=15 200 845ms
2026-10-03T11:28:22.000Z [info]: GET /api/v1/catalog/products/6ab9a0b5a375d4ed69e1d7e8 304 741ms
2026-10-03T11:28:23.940Z [info]: POST /api/v1/catalog/products/workspace-product/batches/query 200 1821ms
2026-10-03T11:28:39.823Z [info]: GET /api/v1/catalog/purchase-bills/purchase-history/6ab9a0b5a375d4ed69e1d7e8?page=1&limit=5 200 1055ms
2026-10-03T11:28:46.474Z [info]: POST /api/v1/catalog/purchase-bills 201 3106ms
2026-10-03T11:28:50.348Z [info]: GET /api/v1/catalog/purchase-bills?page=1&limit=5 200 1414ms
2026-10-03T11:28:57.941Z [info]: POST /api/v1/catalog/purchase-bills/6ac0e6ed0dcead9699961e1c/ingest 200 5706ms
2026-10-03T11:28:59.218Z [info]: GET /api/v1/catalog/purchase-bills?page=1&limit=5 200 1269ms
2026-10-03T11:29:02.779Z [info]: GET /api/v1/parties/customers?customerType=retail,wholesale&limit=10 304 270ms
2026-10-03T11:29:03.128Z [info]: GET /api/v1/parties/customers?status=active&customerType=retail,wholesale&limit=100 304 873ms
2026-10-03T11:29:06.579Z [info]: GET /api/v1/catalog/products?search=8x&limit=15 200 760ms
2026-10-03T11:29:07.254Z [info]: GET /api/v1/catalog/products?search=8xsham&limit=15 200 495ms
2026-10-03T11:29:08.591Z [info]: GET /api/v1/catalog/products/6ab9a0b5a375d4ed69e1d7e8 200 581ms
2026-10-03T11:29:09.819Z [info]: POST /api/v1/catalog/products/workspace-product/batches/query 200 1210ms
2026-10-03T11:29:20.007Z [info]: GET /api/v1/parties/customers?customerType=retail,wholesale&limit=10 304 367ms
2026-10-03T11:29:20.265Z [info]: GET /api/v1/parties/customers?status=active&customerType=retail,wholesale&limit=100 304 878ms
2026-10-03T11:29:24.151Z [info]: GET /api/v1/catalog/products?search=8xsh&limit=15 200 1330ms
2026-10-03T11:29:25.282Z [info]: GET /api/v1/catalog/products/6ab9a0b5a375d4ed69e1d7e8 304 475ms
2026-10-03T11:29:26.705Z [info]: POST /api/v1/catalog/products/workspace-product/batches/query 200 1406ms
2026-10-03T11:29:44.017Z [info]: GET /api/v1/catalog/products?search=8xsha&limit=15 200 707ms
2026-10-03T11:29:45.557Z [info]: GET /api/v1/catalog/products/6ab9a0b5a375d4ed69e1d7e8 304 543ms
2026-10-03T11:29:46.673Z [info]: POST /api/v1/catalog/products/workspace-product/batches/query 200 1099ms
2026-10-03T11:39:32.588Z [info]: 🔄 MongoDB reconnected
2026-10-03T11:39:32.589Z [info]: 🔄 MongoDB reconnected
2026-10-03T11:39:42.758Z [warn]: ⚠️ MongoDB disconnected
2026-10-03T11:39:42.791Z [info]: 🔄 MongoDB reconnected
2026-10-03T11:40:50.262Z [info]: GET /api/v1/catalog/products?search=8&limit=15 304 781ms
2026-10-03T11:40:50.756Z [info]: GET /api/v1/catalog/products?search=8xsham&limit=15 304 502ms
2026-10-03T11:40:52.199Z [info]: GET /api/v1/catalog/products/6ab9a0b5a375d4ed69e1d7e8 304 167ms
2026-10-03T11:40:52.466Z [info]: POST /api/v1/catalog/products/workspace-product/batches/query 200 239ms
2026-10-03T11:41:58.039Z [info]: GET /api/v1/parties/customers?status=active&customerType=retail,wholesale&limit=100 304 370ms
2026-10-03T11:41:58.536Z [info]: GET /api/v1/parties/customers?customerType=retail,wholesale&limit=10 304 617ms
2026-10-03T11:41:59.829Z [info]: GET /api/v1/catalog/products?search=8&limit=15 304 304ms
2026-10-03T11:42:00.493Z [info]: GET /api/v1/catalog/products?search=8xsha&limit=15 304 244ms
2026-10-03T11:42:01.323Z [info]: GET /api/v1/catalog/products/6ab9a0b5a375d4ed69e1d7e8 304 162ms
2026-10-03T11:42:01.583Z [info]: POST /api/v1/catalog/products/workspace-product/batches/query 200 244ms
2026-10-03T11:42:12.683Z [info]: GET /api/v1/catalog/products?search=8xsham&limit=15 304 898ms
2026-10-03T11:42:13.256Z [info]: GET /api/v1/catalog/products/6ab9a0b5a375d4ed69e1d7e8 304 178ms
2026-10-03T11:42:13.504Z [info]: POST /api/v1/catalog/products/workspace-product/batches/query 200 232ms
2026-10-03T11:43:24.440Z [info]: GET /api/v1/catalog/products?search=8xsham&limit=15 304 202ms
2026-10-03T11:43:25.167Z [info]: GET /api/v1/catalog/products/6ab9a0b5a375d4ed69e1d7e8 304 159ms
2026-10-03T11:43:25.437Z [info]: POST /api/v1/catalog/products/workspace-product/batches/query 200 252ms
2026-10-03T11:43:36.140Z [info]: PATCH /api/v1/core/users/me/active-context 200 346ms
2026-10-03T11:43:38.029Z [info]: GET /api/v1/operations/shifts?branchId=6abc086d93d94d987a156ef9&sort=desc 200 314ms
2026-10-03T11:43:43.368Z [info]: GET /api/v1/operations/shifts?branchId=6abc086d93d94d987a156ef9&sort=desc 304 281ms
2026-10-03T11:43:43.835Z [info]: GET /api/v1/operations/shifts?branchId=6abc086d93d94d987a156ef9&sort=desc 304 749ms
2026-10-03T11:43:44.387Z [info]: GET /api/v1/operations/day-closings?date=2026-10-03&branchId=6abc086d93d94d987a156ef9 200 251ms
2026-10-03T11:43:44.489Z [error]: GET /api/v1/finance/treasury/branch-cash/6abc086d93d94d987a156ef9 - Branch cash not found for this branch
2026-10-03T11:43:44.490Z [info]: GET /api/v1/finance/treasury/branch-cash/6abc086d93d94d987a156ef9 404 356ms
2026-10-03T11:43:53.059Z [error]: POST /api/v1/operations/shifts - A shift is already open for this branch. Please close it first.
2026-10-03T11:43:53.060Z [info]: POST /api/v1/operations/shifts 400 1599ms
2026-10-03T11:43:58.788Z [error]: GET /api/v1/finance/treasury/branch-cash/6abc086d93d94d987a156ef9 - Branch cash not found for this branch
2026-10-03T11:43:58.789Z [info]: GET /api/v1/finance/treasury/branch-cash/6abc086d93d94d987a156ef9 404 238ms
2026-10-03T11:43:58.933Z [info]: GET /api/v1/operations/shifts/6abc0d6993d94d987a156f0b/summary 200 380ms
2026-10-03T11:44:00.603Z [info]: PATCH /api/v1/operations/shifts/6abc0d6993d94d987a156f0b/status 200 401ms
2026-10-03T11:44:00.983Z [info]: GET /api/v1/operations/shifts 200 357ms
2026-10-03T11:44:03.089Z [error]: GET /api/v1/finance/treasury/branch-cash/6abc086d93d94d987a156ef9 - Branch cash not found for this branch
2026-10-03T11:44:03.090Z [info]: GET /api/v1/finance/treasury/branch-cash/6abc086d93d94d987a156ef9 404 650ms
2026-10-03T11:44:03.094Z [info]: GET /api/v1/operations/day-closings?date=2026-10-03&branchId=6abc086d93d94d987a156ef9 304 651ms
2026-10-03T11:44:10.597Z [info]: POST /api/v1/operations/shifts 201 680ms
2026-10-03T11:44:10.922Z [info]: GET /api/v1/operations/shifts 200 301ms
2026-10-03T11:44:15.047Z [info]: GET /api/v1/catalog/products?search=8xsham&limit=15 304 200ms
2026-10-03T11:44:15.829Z [info]: GET /api/v1/catalog/products/6ab9a0b5a375d4ed69e1d7e8 304 169ms
2026-10-03T11:44:16.111Z [info]: POST /api/v1/catalog/products/workspace-product/batches/query 200 264ms
2026-10-03T11:47:22.282Z [info]: GET /api/v1/catalog/products?search=8xsham&limit=15 304 342ms
2026-10-03T11:47:23.050Z [info]: GET /api/v1/catalog/products/6ab9a0b5a375d4ed69e1d7e8 304 211ms
2026-10-03T11:47:23.306Z [info]: POST /api/v1/catalog/products/workspace-product/batches/query 200 244ms
2026-10-03T11:49:05.611Z [info]: POST /api/v1/catalog/products/workspace-product/batches/query 200 275ms
2026-10-03T11:49:05.669Z [info]: POST /api/v1/catalog/products/workspace-product/batches/query 200 333ms
2026-10-03T11:49:42.198Z [info]: GET /api/v1/catalog/products?search=8xsha&limit=15 304 251ms
2026-10-03T11:49:43.236Z [info]: GET /api/v1/catalog/products/6ab9a0b5a375d4ed69e1d7e8 304 183ms
2026-10-03T11:49:43.550Z [info]: POST /api/v1/catalog/products/workspace-product/batches/query 200 298ms
2026-10-03T11:49:43.561Z [info]: POST /api/v1/catalog/products/workspace-product/batches/query 200 308ms
2026-10-03T11:51:34.457Z [info]: POST /api/v1/catalog/products/workspace-product/batches/query 200 513ms
2026-10-03T11:51:34.506Z [info]: POST /api/v1/catalog/products/workspace-product/batches/query 200 563ms
2026-10-03T11:51:34.774Z [info]: GET /api/v1/organization/branches/workspace/all 200 830ms
2026-10-03T11:52:32.490Z [info]: PATCH /api/v1/core/users/me/active-context 200 355ms
2026-10-03T11:52:36.719Z [info]: GET /api/v1/operations/shifts?branchId=6ab783571fba63d384f9545b&sort=desc 200 828ms
2026-10-03T11:52:36.721Z [info]: GET /api/v1/operations/shifts?branchId=6ab783571fba63d384f9545b&sort=desc 200 831ms
2026-10-03T11:52:38.796Z [info]: GET /api/v1/finance/treasury/branch-cash/6ab783571fba63d384f9545b 200 591ms
2026-10-03T11:52:39.057Z [info]: GET /api/v1/operations/day-closings?date=2026-10-03&branchId=6ab783571fba63d384f9545b 304 854ms
2026-10-03T11:52:41.913Z [info]: GET /api/v1/operations/shifts?branchId=6ab783571fba63d384f9545b&sort=desc 304 322ms
2026-10-03T11:52:41.932Z [info]: GET /api/v1/operations/shifts?branchId=6ab783571fba63d384f9545b&sort=desc 304 342ms
2026-10-03T11:54:08.475Z [info]: GET /api/v1/operations/shifts/6ac0e55d0dcead9699961deb/summary 200 373ms
2026-10-03T11:54:14.496Z [info]: GET /api/v1/operations/shifts?branchId=6ab7a7588f1da4f2905f5174&sort=desc 200 295ms
2026-10-03T11:54:14.551Z [info]: PATCH /api/v1/core/users/me/active-context 200 351ms
2026-10-03T11:54:15.852Z [error]: GET /api/v1/finance/treasury/branch-cash/6ab7a7588f1da4f2905f5174 - Branch cash not found for this branch
2026-10-03T11:54:15.854Z [info]: GET /api/v1/finance/treasury/branch-cash/6ab7a7588f1da4f2905f5174 404 249ms
2026-10-03T11:54:15.855Z [info]: GET /api/v1/operations/day-closings?date=2026-10-03&branchId=6ab7a7588f1da4f2905f5174 200 249ms
2026-10-03T11:54:17.696Z [info]: GET /api/v1/operations/shifts/open?branchId=6ab7a7588f1da4f2905f5174 200 258ms
2026-10-03T11:54:21.182Z [info]: GET /api/v1/catalog/products?search=8xsha&limit=15 304 174ms
2026-10-03T11:54:22.966Z [info]: GET /api/v1/catalog/products/6ab9a0b5a375d4ed69e1d7e8 304 765ms
2026-10-03T11:54:23.219Z [info]: POST /api/v1/catalog/products/workspace-product/batches/query 200 233ms
2026-10-03T11:54:23.223Z [info]: POST /api/v1/catalog/products/workspace-product/batches/query 200 236ms
2026-10-03T11:54:23.264Z [info]: GET /api/v1/organization/branches/workspace/all 304 271ms
2026-10-03T11:54:32.777Z [info]: GET /api/v1/parties/customers?search=atha&limit=10 304 555ms
2026-10-03T11:54:34.109Z [info]: GET /api/v1/parties/customers?search=atharva&limit=10 304 357ms
2026-10-03T11:54:36.686Z [error]: GET /api/v1/finance/treasury/branch-cash/6ab7a7588f1da4f2905f5174 - Branch cash not found for this branch
2026-10-03T11:54:36.687Z [info]: GET /api/v1/finance/treasury/branch-cash/6ab7a7588f1da4f2905f5174 404 325ms
2026-10-03T11:54:36.751Z [info]: GET /api/v1/finance/treasury/payment-qr 304 390ms
2026-10-03T11:55:01.539Z [info]: POST /api/v1/sales/invoices/customer/6ab7b9f38f1da4f2905f5189 201 1675ms
2026-10-03T11:55:07.162Z [info]: GET /api/v1/catalog/products?search=8xsham&limit=15 304 161ms
2026-10-03T11:55:08.043Z [info]: GET /api/v1/catalog/products/6ab9a0b5a375d4ed69e1d7e8 304 156ms
2026-10-03T11:55:08.320Z [info]: POST /api/v1/catalog/products/workspace-product/batches/query 200 243ms
2026-10-03T11:55:08.324Z [info]: POST /api/v1/catalog/products/workspace-product/batches/query 200 249ms
2026-10-03T11:55:08.367Z [info]: GET /api/v1/organization/branches/workspace/all 304 290ms
2026-10-03T12:09:30.282Z [info]: 🔄 MongoDB reconnected
2026-10-03T12:09:40.515Z [warn]: ⚠️ MongoDB disconnected
2026-10-03T12:09:40.557Z [info]: 🔄 MongoDB reconnected
